<?xml version="1.0" encoding="utf-8"?>
<COLLADA xmlns="http://www.collada.org/2005/11/COLLADASchema" version="1.4.1" xmlns:xsi="http://www.w3.org/2001/XMLSchema-instance">
  <asset>
    <contributor>
      <author>Blender User</author>
      <authoring_tool>Blender 3.5.1 commit date:2023-04-24, commit time:18:11, hash:e1ccd9d4a1d3</authoring_tool>
    </contributor>
    <created>2023-05-12T18:18:05</created>
    <modified>2023-05-12T18:18:05</modified>
    <unit name="meter" meter="1"/>
    <up_axis>Z_UP</up_axis>
  </asset>
  <library_cameras>
    <camera id="Camera-camera" name="Camera">
      <optics>
        <technique_common>
          <perspective>
            <xfov sid="xfov">39.59775</xfov>
            <aspect_ratio>1.777778</aspect_ratio>
            <znear sid="znear">0.1</znear>
            <zfar sid="zfar">100</zfar>
          </perspective>
        </technique_common>
      </optics>
      <extra>
        <technique profile="blender">
          <shiftx sid="shiftx" type="float">0</shiftx>
          <shifty sid="shifty" type="float">0</shifty>
          <dof_distance sid="dof_distance" type="float">10</dof_distance>
        </technique>
      </extra>
    </camera>
  </library_cameras>
  <library_lights>
    <light id="Light-light" name="Light">
      <technique_common>
        <point>
          <color sid="color">1000 1000 1000</color>
          <constant_attenuation>1</constant_attenuation>
          <linear_attenuation>0</linear_attenuation>
          <quadratic_attenuation>0.00111109</quadratic_attenuation>
        </point>
      </technique_common>
      <extra>
        <technique profile="blender">
          <type sid="type" type="int">0</type>
          <flag sid="flag" type="int">0</flag>
          <mode sid="mode" type="int">1</mode>
          <gamma sid="blender_gamma" type="float">1</gamma>
          <red sid="red" type="float">1</red>
          <green sid="green" type="float">1</green>
          <blue sid="blue" type="float">1</blue>
          <shadow_r sid="blender_shadow_r" type="float">0</shadow_r>
          <shadow_g sid="blender_shadow_g" type="float">0</shadow_g>
          <shadow_b sid="blender_shadow_b" type="float">0</shadow_b>
          <energy sid="blender_energy" type="float">1000</energy>
          <dist sid="blender_dist" type="float">29.99998</dist>
          <spotsize sid="spotsize" type="float">75</spotsize>
          <spotblend sid="spotblend" type="float">0.15</spotblend>
          <att1 sid="att1" type="float">0</att1>
          <att2 sid="att2" type="float">1</att2>
          <falloff_type sid="falloff_type" type="int">2</falloff_type>
          <clipsta sid="clipsta" type="float">0.04999995</clipsta>
          <clipend sid="clipend" type="float">30.002</clipend>
          <bias sid="bias" type="float">1</bias>
          <bufsize sid="bufsize" type="int">2880</bufsize>
          <samp sid="samp" type="int">3</samp>
          <buffers sid="buffers" type="int">1</buffers>
          <radius sid="radius" type="float">0.1</radius>
          <area_shape sid="area_shape" type="int">1</area_shape>
          <area_size sid="area_size" type="float">0.1</area_size>
          <area_sizey sid="area_sizey" type="float">0.1</area_sizey>
          <area_sizez sid="area_sizez" type="float">1</area_sizez>
        </technique>
      </extra>
    </light>
  </library_lights>
  <library_effects>
    <effect id="Material_001-effect">
      <profile_COMMON>
        <technique sid="common">
          <lambert>
            <emission>
              <color sid="emission">0 0 0 1</color>
            </emission>
            <diffuse>
              <color sid="diffuse">0.5028859 0.502886 0.5028865 1</color>
            </diffuse>
            <index_of_refraction>
              <float sid="ior">1.45</float>
            </index_of_refraction>
          </lambert>
        </technique>
      </profile_COMMON>
    </effect>
  </library_effects>
  <library_images/>
  <library_materials>
    <material id="Material_001-material" name="Material.001">
      <instance_effect url="#Material_001-effect"/>
    </material>
  </library_materials>
  <library_geometries>
    <geometry id="pipe-mesh" name="pipe">
      <mesh>
        <source id="pipe-mesh-positions">
          <float_array id="pipe-mesh-positions-array" count="3009">0.7774755 60 12.34178 0.7774755 0 12.34178 0.1025851 60 15.60792 0 0 17.5 0.9160694 60 11.91222 2.505 60 8.477808 3.040821 0 7.6419 3.040821 60 7.6419 4.795079 60 5.46526 6.588928 0 3.81795 6.588928 60 3.81795 7.679227 60 3.015443 11.10653 0 1.20971 11.02258 60 1.242908 14.66881 60 0.2305358 16.19222 0 0.0489335 21.39412 60 0.4387609 21.39412 0 0.4387609 18.44743 60 0.02566534 16.19222 60 0.0489335 22.18175 60 0.6378759 25.69715 60 2.038539 26.25 0 2.344555 26.25 60 2.344555 28.82926 60 4.162164 30.32841 0 5.596977 30.32841 60 5.596977 31.43163 60 6.909451 33.26696 0 9.907035 33.26696 60 9.907035 34.80454 0 14.89176 33.38257 60 10.15194 34.59086 60 13.73802 34.80454 60 20.10824 34.80454 0 20.10824 35 60 17.5 34.80454 60 14.89176 34.59086 60 21.26198 33.38257 60 24.84806 33.26696 0 25.09297 33.26696 60 25.09297 31.43163 60 28.09055 30.32841 0 29.40302 30.32841 60 29.40302 28.82926 60 30.83784 26.25 0 32.65544 22.18175 60 34.36212 21.39412 0 34.56124 25.69715 60 32.96146 26.25 60 32.65544 21.39412 60 34.56124 18.44743 60 34.97433 17.5 0 35 17.5 60 35 16.19222 0 34.95106 16.19222 60 34.95106 14.66881 60 34.76946 11.10653 0 33.79029 11.02258 60 33.75709 7.679227 60 31.98456 6.588928 0 31.18205 6.588928 60 31.18205 4.795079 60 29.53474 3.040821 0 27.3581 0.9160694 60 23.08778 0.7774755 0 22.65822 2.505 60 26.52219 3.040821 60 27.3581 0.7774755 60 22.65822 0.1025851 60 19.39208 0 60 17.5 25.92856 64.12062 32.96146 22.43526 64.51422 34.36212 22.43526 64.51422 0.6378759 25.92856 64.12062 2.038539 33.56565 63.26012 10.15194 34.76634 63.12483 13.73802 35.17292 63.07902 17.5 59.23988 88.93434 10.15194 62.5 88.70971 11.10653 59.37517 87.73365 13.73802 62.5 87.90914 13.73802 59.42098 87.32708 17.5 62.5 87.54894 16.19222 62.5 87.5 17.5 59.02145 90.87302 6.909451 62.5 91.06837 6.909451 62.5 89.11743 10.15194 31.62698 63.47855 6.909451 29.04097 63.76992 4.162164 58.37939 96.57144 2.038539 62.5 95.1419 3.040821 58.73007 93.45903 4.162164 62.5 93.67074 4.162164 62.5 91.31795 6.588928 57.98579 100.0647 0.6378759 62.5 99.84178 0.7774755 62.5 96.80285 2.038539 18.72443 64.93232 0.02566534 57.14461 107.5304 0.2305358 62.5 105 0 57.56768 103.7756 0.02566534 62.5 104.0526 0.02566534 62.5 100.3183 0.6378759 56.73636 111.1537 1.242908 62.5 110.1582 0.7774755 62.5 107.8312 0.2305358 14.96957 65.3554 0.2305358 11.34626 65.76364 1.242908 8.023928 66.13798 3.015443 5.157915 66.4609 5.46526 55.78269 119.6178 8.477808 62.5 118.6821 6.588928 56.0391 117.3421 5.46526 62.5 117.7049 5.46526 56.36202 114.4761 3.015443 62.5 114.8208 3.015443 62.5 111.4774 1.242908 2.882236 66.71731 8.477808 1.303297 66.89521 11.91222 55.60478 121.1967 11.91222 62.5 121.2903 11.10653 62.5 119.995 8.477808 0.4949272 66.98629 15.60792 55.51371 122.0051 19.39208 62.5 122.4511 16.19222 55.51371 122.0051 15.60792 62.5 122.3974 15.60792 62.5 121.5839 11.91222 0.4949272 66.98629 19.39208 55.60478 121.1967 23.08778 62.5 122.0612 21.39412 62.5 122.3974 19.39208 1.303297 66.89521 23.08778 2.882236 66.71731 26.52219 55.78269 119.6178 26.52219 62.5 120.1554 26.25 62.5 121.5839 23.08778 5.157915 66.4609 29.53474 56.36202 114.4761 31.98456 62.5 116.903 30.32841 56.0391 117.3421 29.53474 62.5 117.7049 29.53474 62.5 119.995 26.52219 56.73636 111.1537 33.75709 62.5 112.593 33.26696 62.5 114.8208 31.98456 8.023928 66.13798 31.98456 11.34626 65.76364 33.75709 14.96957 65.3554 34.76946 57.14461 107.5304 34.76946 62.5 107.8312 34.76946 62.5 111.4774 33.75709 62.5 102.3918 34.80454 62.5 104.0526 34.97433 57.56768 103.7756 34.97433 62.5 105 35 62.5 107.6082 34.80454 18.72443 64.93232 34.97433 62.5 100.3183 34.36212 57.98579 100.0647 34.36212 62.5 97.40703 33.26696 58.37939 96.57144 32.96146 62.5 96.80285 32.96146 62.5 93.67074 30.83784 58.73007 93.45903 30.83784 62.5 93.09698 30.32841 29.04097 63.76992 30.83784 62.5 91.06837 28.09055 59.02145 90.87302 28.09055 62.5 89.84455 26.25 59.23988 88.93434 24.84806 62.5 89.11743 24.84806 31.62698 63.47855 28.09055 33.56565 63.26012 24.84806 62.5 87.90914 21.26198 59.37517 87.73365 21.26198 56.38068 86.81052 17.5 56.28963 87.2094 13.73802 56.02076 88.3874 10.15194 55.58664 90.28942 6.909451 55.00756 92.82654 4.162164 54.3106 95.88013 2.038539 53.52834 99.30739 0.6378759 52.69738 102.9481 0.02566534 51.85656 106.632 0.2305358 51.0452 110.1868 1.242908 50.30123 113.4463 3.015443 49.65945 116.2581 5.46526 49.14986 118.4908 8.477808 48.79629 120.0399 11.91222 48.61527 120.833 15.60792 48.61527 120.833 19.39208 48.79629 120.0399 23.08778 49.14986 118.4908 26.52219 49.65945 116.2581 29.53474 50.30123 113.4463 31.98456 51.0452 110.1868 33.75709 51.85656 106.632 34.76946 52.69738 102.9481 34.97433 53.52834 99.30739 34.36212 54.3106 95.88013 32.96146 55.00756 92.82654 30.83784 55.58664 90.28942 28.09055 56.02076 88.3874 24.84806 56.28963 87.2094 21.26198 53.41733 85.95679 17.5 53.28219 86.34297 13.73802 52.88312 87.48346 10.15194 52.23877 89.32492 6.909451 51.37926 91.78125 4.162164 50.34479 94.7376 2.038539 49.18372 98.05573 0.6378759 47.95036 101.5805 0.02566534 46.70236 105.1471 0.2305358 45.49808 108.5887 1.242908 44.39385 111.7444 3.015443 43.44127 114.4667 5.46526 42.6849 116.6283 8.477808 42.16012 118.128 11.91222 41.89144 118.8959 15.60792 41.89144 118.8959 19.39208 42.16012 118.128 23.08778 42.6849 116.6283 26.52219 43.44127 114.4667 29.53474 44.39385 111.7444 31.98456 45.49808 108.5887 33.75709 46.70236 105.1471 34.76946 47.95036 101.5805 34.97433 49.18372 98.05573 34.36212 50.34479 94.7376 32.96146 51.37926 91.78125 30.83784 52.23877 89.32492 28.09055 52.88312 87.48346 24.84806 53.28219 86.34297 21.26198 50.5682 84.77664 17.5 50.39068 85.14527 13.73802 49.86642 86.2339 10.15194 49.01994 87.99164 6.909451 47.89081 90.33629 4.162164 46.53184 93.15823 2.038539 45.00656 96.3255 0.6378759 43.38631 99.68999 0.02566534 41.74682 103.0944 0.2305358 40.16479 106.3796 1.242908 38.71416 109.3918 3.015443 37.46277 111.9903 5.46526 36.46914 114.0536 8.477808 35.77973 115.4852 11.91222 35.42678 116.2181 15.60792 35.42678 116.2181 19.39208 35.77973 115.4852 23.08778 36.46914 114.0536 26.52219 37.46277 111.9903 29.53474 38.71416 109.3918 31.98456 40.16479 106.3796 33.75709 41.74682 103.0944 34.76946 43.38631 99.68999 34.97433 45.00656 96.3255 34.36212 46.53184 93.15823 32.96146 47.89081 90.33629 30.83784 49.01994 87.99164 28.09055 49.86642 86.2339 24.84806 50.39068 85.14527 21.26198 47.86912 83.28491 17.5 47.65144 83.63134 13.73802 47.00859 84.65444 10.15194 45.97063 86.30635 6.909451 44.58609 88.50983 4.162164 42.9197 91.16187 2.038539 41.0494 94.13845 0.6378759 39.06262 97.30038 0.02566534 37.05228 100.4998 0.2305358 35.11236 103.5872 1.242908 33.33359 106.4181 3.015443 31.79913 108.8602 5.46526 30.58074 110.7992 8.477808 29.73537 112.1446 11.91222 29.30257 112.8334 15.60792 29.30257 112.8334 19.39208 29.73537 112.1446 23.08778 30.58074 110.7992 26.52219 31.79913 108.8602 29.53474 33.33359 106.4181 31.98456 35.11236 103.5872 33.75709 37.05228 100.4998 34.76946 39.06262 97.30038 34.97433 41.0494 94.13845 34.36212 42.9197 91.16187 32.96146 44.58609 88.50983 30.83784 45.97063 86.30635 28.09055 47.00859 84.65444 24.84806 47.65144 83.63134 21.26198 45.35403 81.50037 17.5 45.09894 81.82025 13.73802 44.34558 82.76493 10.15194 43.12919 84.29023 6.909451 41.50664 86.32485 4.162164 39.5538 88.77363 2.038539 37.36198 91.52208 0.6378759 35.03367 94.44169 0.02566534 32.67774 97.39593 0.2305358 30.40436 100.2467 1.242908 28.31981 102.8606 3.015443 26.52157 105.1155 5.46526 25.09373 106.906 8.477808 24.10305 108.1483 11.91222 23.59585 108.7843 15.60792 23.59585 108.7843 19.39208 24.10305 108.1483 23.08778 25.09373 106.906 26.52219 26.52157 105.1155 29.53474 28.31981 102.8606 31.98456 30.40436 100.2467 33.75709 32.67774 97.39593 34.76946 35.03367 94.44169 34.97433 37.36198 91.52208 34.36212 39.5538 88.77363 32.96146 41.50664 86.32485 30.83784 43.12919 84.29023 28.09055 44.34558 82.76493 24.84806 45.09894 81.82025 21.26198 43.05456 79.44544 17.5 42.76526 79.73474 13.73802 41.91087 80.58914 10.15194 40.53134 81.96865 6.909451 38.69119 83.80881 4.162164 36.47645 86.02355 2.038539 33.99069 88.50931 0.6378759 31.35013 91.14987 0.02566534 28.67825 93.82176 0.2305358 26.09997 96.40003 1.242908 23.73586 98.76414 3.015443 21.69646 100.8035 5.46526 20.07713 102.4229 8.477808 18.95359 103.5464 11.91222 18.37837 104.1216 15.60792 18.37837 104.1216 19.39208 18.95359 103.5464 23.08778 20.07713 102.4229 26.52219 21.69646 100.8035 29.53474 23.73586 98.76414 31.98456 26.09997 96.40003 33.75709 28.67825 93.82176 34.76946 31.35013 91.14987 34.97433 33.99069 88.50931 34.36212 36.47645 86.02355 32.96146 38.69119 83.80881 30.83784 40.53134 81.96865 28.09055 41.91087 80.58914 24.84806 42.76526 79.73474 21.26198 40.99963 77.14597 17.5 40.67975 77.40106 13.73802 39.73508 78.15442 10.15194 38.20977 79.37081 6.909451 36.17515 80.99337 4.162164 33.72637 82.94621 2.038539 30.97792 85.13802 0.6378759 28.05832 87.46633 0.02566534 25.10408 89.82226 0.2305358 22.25333 92.09564 1.242908 19.63939 94.18019 3.015443 17.38448 95.97843 5.46526 15.59402 97.40627 8.477808 14.35174 98.39695 11.91222 13.71574 98.90415 15.60792 13.71574 98.90415 19.39208 14.35174 98.39695 23.08778 15.59402 97.40627 26.52219 17.38448 95.97843 29.53474 19.63939 94.18019 31.98456 22.25333 92.09564 33.75709 25.10408 89.82226 34.76946 28.05832 87.46633 34.97433 30.97792 85.13802 34.36212 33.72637 82.94621 32.96146 36.17515 80.99337 30.83784 38.20977 79.37081 28.09055 39.73508 78.15442 24.84806 40.67975 77.40106 21.26198 39.21508 74.63088 17.5 38.86865 74.84856 13.73802 37.84556 75.4914 10.15194 36.19366 76.52937 6.909451 33.99017 77.91391 4.162164 31.33814 79.5803 2.038539 28.36156 81.45061 0.6378759 25.19962 83.43738 0.02566534 22.00018 85.44773 0.2305358 18.91283 87.38764 1.242908 16.08193 89.16641 3.015443 13.63985 90.70087 5.46526 11.70078 91.91927 8.477808 10.3554 92.76463 11.91222 9.6666 93.19743 15.60792 9.6666 93.19743 19.39208 10.3554 92.76463 23.08778 11.70078 91.91927 26.52219 13.63985 90.70087 29.53474 16.08193 89.16641 31.98456 18.91283 87.38764 33.75709 22.00018 85.44773 34.76946 25.19962 83.43738 34.97433 28.36156 81.45061 34.36212 31.33814 79.5803 32.96146 33.99017 77.91391 30.83784 36.19366 76.52937 28.09055 37.84556 75.4914 24.84806 38.86865 74.84856 21.26198 37.72336 71.9318 17.5 37.35473 72.10932 13.73802 36.2661 72.63358 10.15194 34.50836 73.48006 6.909451 32.16371 74.60919 4.162164 29.34178 75.96816 2.038539 26.17451 77.49343 0.6378759 22.81001 79.1137 0.02566534 19.40559 80.75318 0.2305358 16.12045 82.33522 1.242908 13.10819 83.78585 3.015443 10.50966 85.03723 5.46526 8.446372 86.03086 8.477808 7.014796 86.72027 11.91222 6.281872 87.07322 15.60792 6.281872 87.07322 19.39208 7.014796 86.72027 23.08778 8.446372 86.03086 26.52219 10.50966 85.03723 29.53474 13.10819 83.78585 31.98456 16.12045 82.33522 33.75709 19.40559 80.75318 34.76946 22.81001 79.1137 34.97433 26.17451 77.49343 34.36212 29.34178 75.96816 32.96146 32.16371 74.60919 30.83784 34.50836 73.48006 28.09055 36.2661 72.63358 24.84806 37.35473 72.10932 21.26198 36.54321 69.08267 17.5 36.15703 69.21781 13.73802 35.01654 69.61688 10.15194 33.17508 70.26123 6.909451 30.71875 71.12075 4.162164 27.7624 72.15522 2.038539 24.44427 73.31628 0.6378759 20.91951 74.54964 0.02566534 17.35294 75.79764 0.2305358 13.91132 77.00192 1.242908 10.75559 78.10616 3.015443 8.033288 79.05873 5.46526 5.871719 79.8151 8.477808 4.371955 80.33988 11.91222 3.60412 80.60856 15.60792 3.60412 80.60856 19.39208 4.371955 80.33988 23.08778 5.871719 79.8151 26.52219 8.033288 79.05873 29.53474 10.75559 78.10616 31.98456 13.91132 77.00192 33.75709 17.35294 75.79764 34.76946 20.91951 74.54964 34.97433 24.44427 73.31628 34.36212 27.7624 72.15522 32.96146 30.71875 71.12075 30.83784 33.17508 70.26123 28.09055 35.01654 69.61688 24.84806 36.15703 69.21781 21.26198 35.68948 66.11933 17.5 35.2906 66.21037 13.73802 34.1126 66.47924 10.15194 32.21058 66.91336 6.909451 29.67346 67.49245 4.162164 26.61987 68.18941 2.038539 23.19261 68.97166 0.6378759 19.55192 69.80262 0.02566534 15.86804 70.64344 0.2305358 12.31323 71.45481 1.242908 9.053698 72.19877 3.015443 6.241862 72.84056 5.46526 4.009199 73.35015 8.477808 2.460107 73.70372 11.91222 1.667019 73.88473 15.60792 1.667019 73.88473 19.39208 2.460107 73.70372 23.08778 4.009199 73.35015 26.52219 6.241862 72.84056 29.53474 9.053698 72.19877 31.98456 12.31323 71.45481 33.75709 15.86804 70.64344 34.76946 19.55192 69.80262 34.97433 23.19261 68.97166 34.36212 26.61987 68.18941 32.96146 29.67346 67.49245 30.83784 32.21058 66.91336 28.09055 34.1126 66.47924 24.84806 35.2906 66.21037 21.26198 34.76634 63.12483 21.26198 122.5 99.84178 0.7774755 122.5 105 0 122.5 95.1419 3.040821 122.5 91.31795 6.588928 122.5 88.70971 11.10653 122.5 87.54894 16.19222 122.5 87.93876 21.39412 122.5 89.84455 26.25 122.5 93.09698 30.32841 122.5 97.40703 33.26696 122.5 102.3918 34.80454 122.5 105 35 122.5 107.6082 34.80454 122.5 112.593 33.26696 122.5 116.903 30.32841 122.5 120.1554 26.25 122.5 122.0612 21.39412 122.5 122.4511 16.19222 122.5 121.2903 11.10653 122.5 118.6821 6.588928 122.5 114.8581 3.040821 122.5 110.1582 0.7774755 18.73869 0 2.551233 23.52543 0 3.7634 27.65922 0 6.464141 30.69211 0 10.36079 32.29542 0 15.03108 32.29542 0 19.96892 30.69211 0 24.63921 27.65922 0 28.53586 23.52543 0 31.2366 18.73869 0 32.44877 17.5 0 32.5 13.81772 0 32.041 9.295778 0 30.0575 5.662892 0 26.71319 3.312741 0 22.37049 2.5 0 17.5 3.312741 0 12.62951 5.662892 0 8.28681 9.295778 0 4.942503 13.81772 0 2.958996 122.5 90.05123 18.73869 122.5 90.45899 13.81772 122.5 92.44251 9.295778 122.5 95.78681 5.662892 122.5 100.1295 3.312741 122.5 105 2.5 122.5 109.8705 3.312741 122.5 114.2132 5.662892 122.5 117.5575 9.295778 122.5 119.541 13.81772 122.5 119.9488 18.73869 122.5 118.7366 23.52543 122.5 116.0359 27.65922 122.5 112.1392 30.69211 122.5 107.4689 32.29542 122.5 105 32.5 122.5 102.5311 32.29542 122.5 97.86079 30.69211 122.5 93.96414 27.65922 122.5 91.2634 23.52543 2.601425 60 19.24139 3.312741 60 22.37049 3.404611 60 22.6303 4.967683 60 25.74264 9.295778 60 30.0575 7.206376 60 28.41061 5.662892 60 26.71319 10 60 30.49038 13.19795 60 31.86984 18.73869 60 32.44877 17.5 60 32.5 16.62783 60 32.47462 13.81772 60 32.041 20.10472 60 32.27212 23.4412 60 31.27324 23.52543 60 31.2366 26.45738 60 29.53185 27.65922 60 28.53586 28.99067 60 27.14181 32.09567 60 20.95924 30.90449 60 24.23199 30.69211 60 24.63921 32.29542 60 15.03108 32.5 60 17.5 32.29542 60 19.96892 32.09567 60 14.04076 30.90449 60 10.76801 30.69211 60 10.36079 28.99067 60 7.858186 27.65922 60 6.464141 26.45738 60 5.468152 23.52543 60 3.7634 23.4412 60 3.726758 20.10472 60 2.727884 18.73869 60 2.551233 16.62783 60 2.525378 10 60 4.509619 13.19795 60 3.130157 13.81772 60 2.958996 9.295778 60 4.942503 7.206376 60 6.589395 3.404611 60 12.3697 4.967683 60 9.257366 5.662892 60 8.28681 3.312741 60 12.62951 2.601425 60 15.75861 2.5 60 17.5 31.10316 63.53757 10.76801 32.68863 63.35893 17.5 32.28685 63.4042 20.95924 62.5 93.96414 27.65922 62.5 93.50933 27.14181 58.74814 93.29863 27.14181 62.5 91.59551 24.23199 58.96242 91.39685 24.23199 62.5 91.2634 23.52543 59.09579 90.21315 20.95924 62.5 90.40433 20.95924 59.14106 89.81137 17.5 62.5 90.05123 18.73869 31.10316 63.53757 24.23199 29.20137 63.75185 27.14181 26.68401 64.03549 29.53185 23.68679 64.3732 31.27324 62.5 96.04262 29.53185 58.46451 95.81599 29.53185 62.5 97.86079 30.69211 58.1268 98.81321 31.27324 62.5 99.0588 31.27324 57.75323 102.1287 32.27212 62.5 102.3953 32.27212 57.36395 105.5837 32.47462 62.5 105 32.5 62.5 102.5311 32.29542 20.3713 64.74677 32.27212 16.91626 65.13606 32.47462 56.97992 108.9921 31.86984 62.5 107.4689 32.29542 62.5 105.8722 32.47462 13.50795 65.52008 31.86984 56.30908 114.9459 28.41061 62.5 112.5 30.49038 56.62187 112.1699 30.49038 62.5 112.1392 30.69211 62.5 109.3021 31.86984 10.33011 65.87814 30.49038 7.55405 66.19092 28.41061 56.05842 117.1706 25.74264 62.5 116.0359 27.65922 62.5 115.2936 28.41061 5.329434 66.44158 25.74264 62.5 119.9488 18.73869 62.5 119.8986 19.24139 55.79349 119.5219 19.24139 62.5 119.0954 22.6303 55.88341 118.7238 22.6303 62.5 118.7366 23.52543 62.5 117.5323 25.74264 3.77619 66.61659 22.6303 2.978055 66.70652 19.24139 62.5 119.541 13.81772 62.5 119.8986 15.75861 55.79349 119.5219 15.75861 2.978055 66.70652 15.75861 3.77619 66.61659 12.3697 56.30908 114.9459 6.589395 62.5 117.5323 9.257366 56.05842 117.1706 9.257366 62.5 119.0954 12.3697 55.88341 118.7238 12.3697 5.329434 66.44158 9.257366 7.55405 66.19092 6.589395 56.62187 112.1699 4.509619 62.5 114.2132 5.662892 62.5 115.2936 6.589395 10.33011 65.87814 4.509619 62.5 105 2.5 62.5 105.8722 2.525378 57.36395 105.5837 2.525378 62.5 109.3021 3.130157 56.97992 108.9921 3.130157 62.5 109.8705 3.312741 62.5 112.5 4.509619 13.50795 65.52008 3.130157 16.91626 65.13606 2.525378 20.3713 64.74677 2.727884 62.5 102.3953 2.727884 57.75323 102.1287 2.727884 62.5 100.1295 3.312741 58.1268 98.81321 3.726758 62.5 99.0588 3.726758 58.46451 95.81599 5.468152 62.5 96.04262 5.468152 23.68679 64.3732 3.726758 26.68401 64.03549 5.468152 58.74814 93.29863 7.858186 62.5 93.50933 7.858186 62.5 95.78681 5.662892 29.20137 63.75185 7.858186 62.5 90 17.5 62.5 90.40433 14.04076 59.09579 90.21315 14.04076 62.5 90.45899 13.81772 58.96242 91.39685 10.76801 62.5 91.59551 10.76801 62.5 92.44251 9.295778 49.17131 118.3968 15.75861 49.17131 118.3968 19.24139 49.35004 117.6138 22.6303 49.69786 116.0899 25.74264 50.19601 113.9073 28.41061 50.81765 111.1837 30.49038 51.52926 108.0659 31.86984 52.29248 104.7221 32.47462 53.06616 101.3323 32.27212 53.8086 98.07952 31.27324 54.47976 95.13896 29.53185 55.04347 92.66918 27.14181 55.46934 90.80335 24.23199 55.7344 89.64203 20.95924 55.82437 89.24784 17.5 55.7344 89.64203 14.04076 55.46934 90.80335 10.76801 55.04347 92.66918 7.858186 54.47976 95.13896 5.468152 53.8086 98.07952 3.726758 53.06616 101.3323 2.727884 52.29248 104.7221 2.525378 51.52926 108.0659 3.130157 50.81765 111.1837 4.509619 50.19601 113.9073 6.589395 49.69786 116.0899 9.257366 42.98203 115.7792 12.3697 42.71675 116.5373 15.75861 42.71675 116.5373 19.24139 42.98203 115.7792 22.6303 43.49828 114.3038 25.74264 44.23767 112.1907 28.41061 45.16035 109.5539 30.49038 46.21657 106.5354 31.86984 47.34938 103.298 32.47462 48.49773 100.0162 32.27212 49.59969 96.86695 31.27324 50.59588 94.02003 29.53185 51.43257 91.6289 27.14181 52.06466 89.82247 24.23199 52.45809 88.69814 20.95924 52.59163 88.3165 17.5 52.45809 88.69814 14.04076 52.06466 89.82247 10.76801 51.43257 91.6289 7.858186 50.59588 94.02003 5.468152 49.59969 96.86695 3.726758 48.49773 100.0162 2.727884 47.34938 103.298 2.525378 46.21657 106.5354 3.130157 45.16035 109.5539 4.509619 44.23767 112.1907 6.589395 37.53766 111.8348 9.257366 36.85947 113.2431 12.3697 36.51098 113.9668 15.75861 36.51098 113.9668 19.24139 36.85947 113.2431 22.6303 37.53766 111.8348 25.74264 38.50899 109.8178 28.41061 39.7211 107.3009 30.49038 41.10864 104.4196 31.86984 42.59681 101.3294 32.47462 44.10538 98.19683 32.27212 45.55302 95.19077 31.27324 46.86169 92.47328 29.53185 47.96084 90.19087 27.14181 48.79122 88.46657 24.23199 49.30805 87.39335 20.95924 49.48348 87.02906 17.5 49.30805 87.39335 14.04076 48.79122 88.46657 10.76801 47.96084 90.19087 7.858186 46.86169 92.47328 5.468152 45.55302 95.19077 3.726758 44.10538 98.19683 2.727884 42.59681 101.3294 2.525378 41.10864 104.4196 3.130157 39.7211 107.3009 4.509619 33.08202 106.8185 6.589395 31.89096 108.714 9.257366 31.05936 110.0375 12.3697 30.63204 110.7176 15.75861 30.63204 110.7176 19.24139 31.05936 110.0375 22.6303 31.89096 108.714 25.74264 33.08202 106.8185 28.41061 34.56831 104.453 30.49038 36.26973 101.7452 31.86984 38.09453 98.84108 32.47462 39.94435 95.8971 32.27212 41.71946 93.07204 31.27324 43.32417 90.51816 29.53185 44.67196 88.37316 27.14181 45.69017 86.75268 24.23199 46.32392 85.74408 20.95924 46.53904 85.40173 17.5 46.32392 85.74408 14.04076 45.69017 86.75268 10.76801 44.67196 88.37316 7.858186 43.32417 90.51816 5.468152 41.71946 93.07204 3.726758 39.94435 95.8971 2.727884 38.09453 98.84108 2.525378 36.26973 101.7452 3.130157 29.76679 101.0462 4.509619 28.02499 103.2303 6.589395 26.62919 104.9806 9.257366 25.65463 106.2026 12.3697 25.15385 106.8306 15.75861 25.15385 106.8306 19.24139 25.65463 106.2026 22.6303 26.62919 104.9806 25.74264 28.02499 103.2303 28.41061 29.76679 101.0462 30.49038 31.76068 98.54589 31.86984 33.89916 95.86431 32.47462 36.06698 93.14597 32.27212 38.14723 90.5374 31.27324 40.02779 88.17926 29.53185 41.60727 86.19865 27.14181 42.80052 84.70236 24.23199 43.54321 83.77106 20.95924 43.79531 83.45494 17.5 43.54321 83.77106 14.04076 42.80052 84.70236 10.76801 41.60727 86.19865 7.858186 40.02779 88.17926 5.468152 38.14723 90.5374 3.726758 36.06698 93.14597 2.727884 33.89916 95.86431 2.525378 27.63819 94.86182 3.130157 25.37689 97.12311 4.509619 23.4015 99.0985 6.589395 21.81851 100.6815 9.257366 20.71325 101.7868 12.3697 20.14531 102.3547 15.75861 20.14531 102.3547 19.24139 20.71325 101.7868 22.6303 21.81851 100.6815 25.74264 23.4015 99.0985 28.41061 25.37689 97.12311 30.49038 27.63819 94.86182 31.86984 30.06348 92.43653 32.47462 32.52201 89.97799 32.27212 34.88125 87.61875 31.27324 37.01402 85.48598 29.53185 38.80532 83.69468 27.14181 40.1586 82.3414 24.23199 41.0009 81.49911 20.95924 41.2868 81.21321 17.5 41.0009 81.49911 14.04076 40.1586 82.3414 10.76801 38.80532 83.69468 7.858186 37.01402 85.48598 5.468152 34.88125 87.61875 3.726758 32.52201 89.97799 2.727884 26.63569 88.60083 2.525378 23.95411 90.73933 3.130157 21.45385 92.73322 4.509619 19.2697 94.47501 6.589395 17.51942 95.87081 9.257366 16.29737 96.84537 12.3697 15.66941 97.34615 15.75861 15.66941 97.34615 19.24139 16.29737 96.84537 22.6303 17.51942 95.87081 25.74264 19.2697 94.47501 28.41061 21.45385 92.73322 30.49038 23.95411 90.73933 31.86984 26.63569 88.60083 32.47462 29.35404 86.43302 32.27212 31.9626 84.35277 31.27324 34.32074 82.47221 29.53185 36.30135 80.89273 27.14181 37.79763 79.69948 24.23199 38.72894 78.95679 20.95924 39.04505 78.70469 17.5 38.72894 78.95679 14.04076 37.79763 79.69948 10.76801 36.30135 80.89273 7.858186 34.32074 82.47221 5.468152 31.9626 84.35277 3.726758 26.60289 82.55565 2.727884 23.65892 84.40547 2.525378 20.75476 86.23027 3.130157 18.04698 87.93169 4.509619 15.68155 89.41799 6.589395 13.78599 90.60904 9.257366 12.4625 91.44065 12.3697 11.78243 91.86796 15.75861 11.78243 91.86796 19.24139 12.4625 91.44065 22.6303 13.78599 90.60904 25.74264 15.68155 89.41799 28.41061 18.04698 87.93169 30.49038 20.75476 86.23027 31.86984 23.65892 84.40547 32.47462 26.60289 82.55565 32.27212 29.42797 80.78054 31.27324 31.98184 79.17583 29.53185 34.12684 77.82804 27.14181 35.74732 76.80982 24.23199 36.75592 76.17608 20.95924 37.09827 75.96096 17.5 36.75592 76.17608 14.04076 35.74732 76.80982 10.76801 34.12684 77.82804 7.858186 31.98184 79.17583 5.468152 27.30924 76.94698 3.726758 24.30318 78.39463 2.727884 21.1706 79.90319 2.525378 18.08039 81.39136 3.130157 15.19913 82.7789 4.509619 12.68217 83.99101 6.589395 10.66517 84.96234 9.257366 9.256895 85.64053 12.3697 8.533249 85.98902 15.75861 8.533249 85.98902 19.24139 9.256895 85.64053 22.6303 10.66517 84.96234 25.74264 12.68217 83.99101 28.41061 15.19913 82.7789 30.49038 18.08039 81.39136 31.86984 21.1706 79.90319 32.47462 24.30318 78.39463 32.27212 27.30924 76.94698 31.27324 30.02672 75.63831 29.53185 32.30913 74.53916 27.14181 34.03343 73.70878 24.23199 35.10665 73.19194 20.95924 35.47093 73.01651 17.5 35.10665 73.19194 14.04076 34.03343 73.70878 10.76801 32.30913 74.53916 7.858186 28.47997 71.90412 5.468152 25.63305 72.90031 3.726758 22.48381 74.00228 2.727884 19.20202 75.15062 2.525378 15.96462 76.28343 3.130157 12.94612 77.33965 4.509619 10.30927 78.26233 6.589395 8.196206 79.00172 9.257366 6.720848 79.51797 12.3697 5.962733 79.78324 15.75861 5.962733 79.78324 19.24139 6.720848 79.51797 22.6303 8.196206 79.00172 25.74264 10.30927 78.26233 28.41061 12.94612 77.33965 30.49038 15.96462 76.28343 31.86984 19.20202 75.15062 32.47462 22.48381 74.00228 32.27212 25.63305 72.90031 31.27324 28.47997 71.90412 29.53185 30.8711 71.06743 27.14181 32.67752 70.43534 24.23199 33.80186 70.04191 20.95924 34.1835 69.90837 17.5 33.80186 70.04191 14.04076 32.67752 70.43534 10.76801 29.83082 67.45653 7.858186 27.36104 68.02024 5.468152 24.42048 68.6914 3.726758 21.16766 69.43384 2.727884 17.77794 70.20752 2.525378 14.43406 70.97074 3.130157 11.31628 71.68235 4.509619 8.592703 72.30399 6.589395 6.410138 72.80215 9.257366 4.886256 73.14996 12.3697 4.103207 73.32869 15.75861 4.103207 73.32869 19.24139 4.886256 73.14996 22.6303 6.410138 72.80215 25.74264 8.592703 72.30399 28.41061 11.31628 71.68235 30.49038 14.43406 70.97074 31.86984 17.77794 70.20752 32.47462 21.16766 69.43384 32.27212 24.42048 68.6914 31.27324 27.36104 68.02024 29.53185 29.83082 67.45653 27.14181 31.69666 67.03067 24.23199 32.85797 66.7656 20.95924 33.25216 66.67563 17.5 32.85797 66.7656 14.04076 49.35004 117.6138 12.3697 43.49828 114.3038 9.257366 38.50899 109.8178 6.589395 34.56831 104.453 4.509619 31.76068 98.54589 3.130157 30.06348 92.43653 2.525378 29.35404 86.43302 2.727884 29.42797 80.78054 3.726758 30.02672 75.63831 5.468152 30.8711 71.06743 7.858186 31.69666 67.03067 10.76801 32.28685 63.4042 14.04076</float_array>
          <technique_common>
            <accessor source="#pipe-mesh-positions-array" count="1003" stride="3">
              <param name="X" type="float"/>
              <param name="Y" type="float"/>
              <param name="Z" type="float"/>
            </accessor>
          </technique_common>
        </source>
        <source id="pipe-mesh-normals">
          <float_array id="pipe-mesh-normals-array" count="5799">-0.9793117 0 -0.202358 -0.9888265 -0.003009319 -0.1490414 -0.9516916 0 -0.3070556 -0.9075751 -9.09722e-4 -0.4198888 -0.9009671 -0.002001166 -0.433883 -0.8418868 0 -0.5396541 -0.7786049 0 -0.6275146 -0.733048 -0.003242135 -0.6801692 -0.6763823 0 -0.7365508 -0.5927818 0 -0.8053632 -0.4999985 -0.002497315 -0.8660228 -0.4684085 -1.66532e-4 -0.8835121 -0.2675285 1.58821e-4 -0.96355 -0.2225202 -0.002699017 -0.9749244 0.1388324 0 -0.9903159 0.07472956 -0.003195524 -0.9971987 -0.01031696 0 -0.9999468 -0.1183698 0 -0.9929696 0.2450919 0 -0.9694999 0.3701375 -0.00177592 -0.9289754 0.3653407 -0.001381337 -0.9308729 0.4842821 0 -0.8749119 0.576039 0 -0.8174223 0.6234868 -0.003117978 -0.7818278 0.6914353 0 -0.7224383 0.7654914 0 -0.6434463 0.8262354 -0.002869665 -0.5633179 0.8528423 0 -0.5221687 0.9555729 0 -0.2947549 0.9042289 -0.01229226 -0.4268713 0.9476498 -0.00276494 -0.3192995 0.9972038 0 0.07473033 0.9999948 -0.003257572 0 0.9972038 0 -0.07473033 0.9832785 0 -0.1821088 0.9832784 0 0.1821091 0.9476498 -0.00276488 0.3192995 0.9555727 -6.38241e-4 0.2947548 0.9042999 0 0.4268978 0.8528422 0 0.5221688 0.8262351 -0.002869665 0.5633183 0.7654917 0 0.643446 0.6914359 0 0.7224379 0.6234863 -0.003117918 0.7818281 0.3701383 -0.001775979 0.928975 0.36534 -0.001381337 0.9308732 0.4842852 0 0.8749102 0.5760393 0 0.8174221 0.2450898 0 0.9695004 0.1388319 0 0.990316 0.1119644 -0.001342892 0.9937113 0.02708148 0 0.9996333 -0.03739142 0 0.9993007 -0.1183735 0 0.9929692 -0.2225199 -0.002698957 0.9749245 -0.2675279 1.58835e-4 0.9635501 -0.4684075 -1.66499e-4 0.8835127 -0.4999985 -0.002497315 0.8660228 -0.5927818 0 0.8053632 -0.6763833 0 0.7365499 -0.7330477 -0.003242075 0.6801695 -0.9075748 -9.09715e-4 0.4198894 -0.9009671 -0.002001166 0.4338829 -0.8418871 0 0.5396537 -0.7786047 0 0.6275147 -0.9516921 0 0.3070543 -0.9793117 0 0.2023579 -0.9888264 -0.003009319 0.1490414 -0.9985334 0 0.0541386 -0.9985334 0 -0.0541386 0.3700567 -0.02078205 0.9287767 0.370058 -0.02078211 -0.9287762 0.9463141 -0.05314463 -0.3188499 0.992592 -0.05574649 -0.1079518 0.9970856 -0.01540035 -0.07472133 0.9817827 -0.05513626 -0.1818321 0.02791619 -0.9475733 -0.3183172 0.05365163 -0.9553279 -0.2906377 0.05574417 -0.992592 -0.1079517 0.009611129 -0.9893535 -0.1452142 0.05603337 -0.997731 -0.0373243 0.04806423 -0.8558681 -0.5149561 0.04806584 -0.855867 -0.5149577 0.05157798 -0.9184046 -0.3922662 0.9463145 -0.05314147 -0.3188497 0.9031332 -0.05072039 -0.4263542 0.8564249 -0.03980034 -0.5147354 0.851866 -0.04783886 -0.5215706 0.7253936 -0.04073804 -0.6871278 0.00561285 -0.5631699 -0.8263221 0.034024 -0.6058514 -0.79485 0.04073745 -0.7253927 -0.6871289 0.02768355 -0.7176885 -0.6958139 0.0442667 -0.788244 -0.6137687 0.7653861 0.01652246 -0.6433593 0.6909147 -0.03880012 -0.7218944 0.5609084 -0.03149926 -0.8272784 0.575967 -0.01576727 -0.8173209 0.4841036 -0.02718681 -0.8745883 0.01038378 -0.3711281 -0.9285236 0.02151936 -0.3831923 -0.9234179 0.0290026 -0.5164431 -0.8558303 0.3700577 -0.02078247 -0.9287764 0.245068 -0.01376289 -0.9694083 0.1634147 0.005825281 -0.9865403 -0.01820987 0.05242556 -0.9984589 0.001520693 -0.02707916 -0.9996322 0.009085118 -0.161776 -0.9867857 0.009084999 -0.1617756 -0.9867858 0.01578748 -0.281127 -0.9595407 -0.03192955 0.2656229 -0.9635482 -0.01284813 0.2287839 -0.9733925 -0.004557669 0.0811578 -0.9966909 0.138828 -0.007796466 -0.9902859 -0.0103169 5.79386e-4 -0.9999467 -0.05199724 0.02198493 -0.9984052 -0.1183672 0.006647288 -0.9929476 -0.2674982 0.01502239 -0.9634413 -0.2674984 0.01502233 -0.9634412 -0.4682466 0.02629619 -0.8832066 -0.4682468 0.02629601 -0.8832064 -0.5924534 0.03327137 -0.8049173 -0.6455549 0.05129855 -0.7619891 -0.05948352 0.7940727 -0.6049052 -0.04233813 0.7539155 -0.6556057 -0.03633195 0.6469591 -0.7616588 -0.03633266 0.6469606 -0.7616574 -0.02629625 0.4682461 -0.8832068 -0.02629601 0.4682463 -0.8832067 -0.0186814 0.3326553 -0.9428635 -0.6758946 0.03795737 -0.7360203 -0.7778617 0.04368364 -0.6269155 -0.7943323 0.05651503 -0.6048491 -0.8409477 0.04722654 -0.5390517 -0.9063988 0.0509023 -0.4193452 -0.06131535 0.9056588 -0.4195507 -0.05031049 0.8958805 -0.4414373 -0.04606318 0.8202492 -0.5701487 -0.906399 0.05090224 -0.4193444 -0.9503361 0.05336976 -0.3066156 -0.9747722 0.0609585 -0.2147172 -0.06370842 0.9979686 0 -0.0558362 0.994259 -0.09127676 -0.05476343 0.9751541 -0.2146521 -0.05476391 0.9751561 -0.2146426 -0.0526905 0.9382367 -0.3419585 -0.9778339 0.05491399 -0.2020527 -0.9969672 0.05598849 -0.05405372 -0.9975001 0.07066559 0 -0.069386 0.9741901 0.2148008 -0.05529862 0.9846841 0.165346 -0.05606251 0.998287 0.01673501 -0.9969672 0.05598843 0.0540536 -0.977834 0.05491399 0.2020524 -0.9747722 0.0609585 0.2147172 -0.9503352 0.05337011 0.3066185 -0.9063987 0.0509023 0.4193452 -0.05552953 0.9060844 0.4194371 -0.05111259 0.9101359 0.4111452 -0.05397498 0.9611075 0.2708491 -0.9063988 0.05090224 0.4193451 -0.8409487 0.04722642 0.5390502 -0.7943317 0.05651509 0.6048498 -0.04972022 0.6457098 0.7619625 -0.03947383 0.7029069 0.7101858 -0.04466223 0.7952955 0.6045746 -0.04466205 0.7953007 0.6045677 -0.04832172 0.8604685 0.5072072 -0.04140317 0.4666781 0.8834577 -0.02800565 0.4986853 0.8663306 -0.03493642 0.6221031 0.7821556 -0.7778617 0.04368364 0.6269155 -0.6758942 0.03795731 0.7360206 -0.6455551 0.05129849 0.7619889 -0.5924522 0.03327143 0.8049182 -0.4682482 0.02629619 0.8832056 -0.4682452 0.02629607 0.8832073 -0.2674976 0.01502233 0.9634414 -0.01502239 0.2674985 0.9634412 -0.01502156 0.2674975 0.9634416 -0.02258431 0.4021533 0.9152938 0.005712449 -0.101706 0.9947981 0.001519381 -0.02707904 0.9996322 -0.0182088 0.05242598 0.9984589 -0.007615387 0.07472825 0.9971749 -0.008728742 0.1554118 0.9878112 -0.2674989 0.01502239 0.9634411 -0.1183688 0.006647288 0.9929475 -0.051997 0.02198487 0.9984053 -0.03738832 0.01448071 0.9991959 0.02707886 -0.001520693 0.9996322 0.1617755 -0.009084999 0.9867858 0.1388235 0.0116598 0.9902486 0.2450647 -0.01376265 0.9694091 -0.02486902 -0.2086031 0.9776842 0.009083867 -0.1617752 0.9867859 0.01976913 -0.3520296 0.9357801 0.006507098 -0.3715168 0.9284035 0.02533233 -0.4510931 0.8921173 0.03149986 -0.560908 0.8272787 0.0314998 -0.560908 0.8272787 0.03725951 -0.6634714 0.7472734 0.3700587 -0.02078205 0.9287759 0.4841074 -0.02718669 0.8745861 0.562176 -0.01754909 0.8268315 0.01959937 -0.740755 0.6714893 0.04073697 -0.7253924 0.687129 0.04671299 -0.8318105 0.5530905 0.01840448 -0.857599 0.5139896 0.04979252 -0.8866012 0.4598467 0.5757364 -0.03233247 0.8169959 0.6909147 -0.03880012 0.7218944 0.7274267 -0.01269769 0.686068 0.7647845 -0.04294937 0.642853 0.8558675 -0.04806429 0.5149571 0.05314576 -0.9463127 0.3188539 0.05314522 -0.9463153 0.3188464 0.05574429 -0.992592 0.1079517 0.1665259 -0.9801105 -0.1079469 0.1665279 -0.9801094 -0.1079548 0.1587631 -0.9344139 -0.3188496 0.1587613 -0.9344126 -0.3188544 0.1435877 -0.8451058 -0.5149554 0.1435884 -0.8451029 -0.5149598 0.1216986 -0.7162701 -0.6871293 0.1217005 -0.7162737 -0.6871253 0.09410375 -0.5538518 -0.8272803 0.09410357 -0.5538551 -0.8272781 0.06208437 -0.3654031 -0.9287768 0.06208515 -0.3654051 -0.9287759 0.02714127 -0.1597413 -0.9867857 0.02714109 -0.1597406 -0.9867859 -0.009082853 0.05345767 -0.9985289 -0.009082794 0.05345773 -0.9985289 -0.04487806 0.2641332 -0.9634416 -0.04487866 0.2641358 -0.9634408 -0.07855826 0.4623582 -0.8832064 -0.07855737 0.4623586 -0.8832064 -0.1085389 0.6388199 -0.7616617 -0.1085405 0.6388237 -0.7616582 -0.133427 0.7852967 -0.6045711 -0.1334279 0.7852972 -0.6045706 -0.1520676 0.8950022 -0.4193406 -0.1520661 0.8950002 -0.4193455 -0.1636018 0.9628918 -0.2146478 -0.1636027 0.9628927 -0.2146437 -0.1675068 0.985871 0 -0.1636027 0.9628928 0.2146431 -0.1636013 0.9628919 0.2146482 -0.1520665 0.8950017 0.4193422 -0.1520673 0.8950007 0.4193441 -0.1334277 0.785297 0.6045708 -0.1334272 0.7852969 0.6045709 -0.1085402 0.638821 0.7616605 -0.1085397 0.6388227 0.7616592 -0.07855737 0.4623585 0.8832063 -0.07855796 0.4623576 0.8832067 -0.044878 0.2641336 0.9634416 -0.04487913 0.2641353 0.963441 -0.00908339 0.05345815 0.9985288 -0.009082555 0.05345815 0.9985288 0.02714139 -0.1597411 0.9867858 0.02714174 -0.1597409 0.9867858 0.06208527 -0.365404 0.9287763 0.06208431 -0.365405 0.928776 0.09410345 -0.5538542 0.8272787 0.09410357 -0.5538528 0.8272796 0.1216999 -0.7162713 0.6871278 0.121699 -0.7162726 0.6871265 0.1435891 -0.8451016 0.5149616 0.1435869 -0.8451077 0.5149523 0.1587613 -0.9344128 0.3188536 0.1587634 -0.9344136 0.3188505 0.2752184 -0.9553018 -0.1079519 0.2752168 -0.955302 -0.1079533 0.2623851 -0.9107611 -0.3188549 0.2623864 -0.9107632 -0.3188476 0.2373077 -0.8237136 -0.5149575 0.2373087 -0.8237139 -0.5149564 0.2011317 -0.698142 -0.6871273 0.20113 -0.6981403 -0.6871295 0.1555222 -0.5398341 -0.8272799 0.1555247 -0.5398376 -0.8272773 0.1026066 -0.3561546 -0.9287765 0.1026067 -0.3561564 -0.9287758 0.04485577 -0.155698 -0.9867857 0.04485559 -0.1556975 -0.9867859 -0.01501101 0.05210459 -0.9985289 -0.01501113 0.05210471 -0.9985289 -0.07416969 0.2574483 -0.9634414 -0.07416957 0.2574489 -0.9634412 -0.1298312 0.4506557 -0.8832064 -0.1298322 0.4506551 -0.8832066 -0.179384 0.6226524 -0.7616598 -0.1793834 0.6226533 -0.7616591 -0.2205137 0.76542 -0.6045709 -0.2205141 0.7654218 -0.6045686 -0.2513183 0.8723469 -0.4193448 -0.2513192 0.872346 -0.4193461 -0.2703831 0.93852 -0.2146472 -0.270383 0.9385206 -0.2146446 -0.276836 0.9609172 0 -0.2768355 0.9609174 0 -0.2703831 0.9385199 0.2146472 -0.2703836 0.9385204 0.2146445 -0.251319 0.8723459 0.4193463 -0.2513184 0.8723471 0.4193446 -0.2205134 0.7654206 0.6045703 -0.2205146 0.7654212 0.6045691 -0.1793838 0.6226541 0.7616583 -0.1793832 0.6226519 0.7616602 -0.1298328 0.4506563 0.8832057 -0.1298308 0.4506532 0.8832077 -0.07416957 0.2574493 0.9634412 -0.07417011 0.2574483 0.9634414 -0.01501119 0.05210518 0.9985288 -0.01501202 0.05210506 0.9985288 0.0448563 -0.1556978 0.9867858 0.04485559 -0.155697 0.9867859 0.102607 -0.3561573 0.9287755 0.1026062 -0.3561558 0.9287761 0.1555245 -0.5398378 0.8272771 0.1555233 -0.5398357 0.8272786 0.2011299 -0.698143 0.6871268 0.2011308 -0.6981392 0.6871303 0.237309 -0.8237136 0.5149567 0.237308 -0.823713 0.5149581 0.262386 -0.9107612 0.3188537 0.2623854 -0.9107635 0.3188477 0.3804461 -0.9184812 -0.1079494 0.3804479 -0.9184802 -0.1079522 0.3627101 -0.8756576 -0.3188497 0.3627103 -0.8756582 -0.3188483 0.3280434 -0.7919625 -0.5149594 0.3280394 -0.7919632 -0.514961 0.2780327 -0.6712337 -0.6871268 0.2780326 -0.6712312 -0.6871292 0.2149897 -0.5190292 -0.8272776 0.2149881 -0.5190297 -0.8272778 0.1418376 -0.3424272 -0.9287765 0.1418377 -0.3424276 -0.9287764 0.06200641 -0.1496969 -0.9867857 0.06200629 -0.1496965 -0.9867858 -0.0207507 0.05009657 -0.9985288 -0.02075058 0.05009633 -0.9985289 -0.1025283 0.2475253 -0.9634413 -0.1025281 0.247524 -0.9634417 -0.1794732 0.4332861 -0.8832059 -0.1794723 0.4332858 -0.8832061 -0.2479696 0.5986536 -0.7616594 -0.2479707 0.5986532 -0.7616593 -0.304827 0.7359175 -0.6045709 -0.304827 0.7359163 -0.6045723 -0.3474108 0.8387246 -0.4193407 -0.3474101 0.8387213 -0.4193484 -0.3737645 0.9023461 -0.2146428 -0.3737636 0.9023448 -0.2146502 -0.3826834 0.9238796 0 -0.3826828 0.9238798 0 -0.3737633 0.9023445 0.2146519 -0.3737647 0.9023466 0.2146408 -0.3474106 0.8387223 0.4193459 -0.3474104 0.8387236 0.4193432 -0.3048259 0.7359159 0.6045734 -0.3048281 0.735918 0.6045698 -0.2479716 0.5986543 0.7616582 -0.2479703 0.5986548 0.7616583 -0.179473 0.4332863 0.8832058 -0.1794732 0.4332855 0.8832062 -0.1025272 0.2475247 0.9634416 -0.1025279 0.2475235 0.9634419 -0.02075058 0.0500971 0.9985288 -0.02075016 0.05009686 0.9985289 0.06200641 -0.1496955 0.986786 0.06200635 -0.1496969 0.9867857 0.1418372 -0.3424259 0.9287771 0.1418383 -0.3424286 0.9287759 0.2149892 -0.5190299 0.8272773 0.2149887 -0.5190289 0.827278 0.2780325 -0.6712291 0.6871314 0.2780318 -0.671235 0.6871259 0.3280404 -0.7919654 0.5149567 0.328042 -0.79196 0.514964 0.3627118 -0.8756588 0.3188444 0.3627088 -0.8756577 0.3188513 0.4808918 -0.8701089 -0.1079519 0.4808925 -0.8701086 -0.1079515 0.4584727 -0.8295414 -0.3188478 0.4584695 -0.8295407 -0.3188543 0.4146507 -0.7502549 -0.5149587 0.4146518 -0.7502556 -0.5149568 0.3514398 -0.635879 -0.6871302 0.3514392 -0.6358828 -0.687127 0.2717497 -0.4916932 -0.8272786 0.2717494 -0.4916927 -0.827279 0.1792865 -0.3243934 -0.9287763 0.1792864 -0.3243945 -0.9287759 0.07837718 -0.1418127 -0.9867858 0.07837712 -0.141813 -0.9867857 -0.02622896 0.04745793 -0.9985289 -0.02622914 0.04745799 -0.9985289 -0.1295977 0.2344893 -0.9634413 -0.1295976 0.2344894 -0.9634413 -0.2268566 0.4104656 -0.8832067 -0.2268562 0.4104663 -0.8832064 -0.3134385 0.5671248 -0.76166 -0.3134391 0.5671257 -0.761659 -0.3853051 0.6971582 -0.6045747 -0.3853082 0.6971619 -0.6045684 -0.4391334 0.7945511 -0.4193453 -0.4391328 0.7945524 -0.4193437 -0.4724435 0.8548249 -0.214643 -0.4724445 0.8548231 -0.2146477 -0.4837195 0.8752232 0 -0.4837189 0.8752234 0 -0.4724445 0.8548243 0.2146431 -0.4724435 0.8548238 0.2146475 -0.4391329 0.7945529 0.4193428 -0.439133 0.7945508 0.4193464 -0.3853071 0.6971604 0.6045707 -0.3853076 0.6971617 0.604569 -0.3134394 0.5671263 0.7616585 -0.3134387 0.5671257 0.7616591 -0.2268572 0.4104669 0.883206 -0.2268558 0.4104657 0.883207 -0.1295978 0.2344903 0.9634411 -0.1295978 0.2344886 0.9634416 -0.02622956 0.04745841 0.9985288 -0.0262283 0.04745829 0.9985289 0.07837706 -0.1418135 0.9867857 0.07837665 -0.1418122 0.9867859 0.1792859 -0.324394 0.9287762 0.179287 -0.3243948 0.9287756 0.271748 -0.491692 0.82728 0.2717494 -0.4916934 0.8272786 0.3514401 -0.6358815 0.6871278 0.3514378 -0.6358796 0.6871308 0.4146524 -0.7502554 0.5149567 0.4146507 -0.7502568 0.5149559 0.4584706 -0.8295401 0.3188543 0.4584712 -0.8295423 0.3188478 0.5752895 -0.8107949 -0.1079522 0.5752894 -0.8107956 -0.1079476 0.5484657 -0.7729936 -0.3188519 0.5484688 -0.7729918 -0.3188505 0.4960463 -0.6991115 -0.5149574 0.496046 -0.6991103 -0.5149595 0.4204265 -0.5925352 -0.6871271 0.4204251 -0.5925346 -0.6871286 0.3250933 -0.4581757 -0.8272783 0.3250942 -0.4581773 -0.827277 0.2144787 -0.3022795 -0.9287766 0.2144796 -0.3022808 -0.928776 0.09376257 -0.1321458 -0.9867858 0.09376204 -0.1321454 -0.9867859 -0.03137785 0.04422301 -0.9985289 -0.03137773 0.04422289 -0.9985289 -0.1550374 0.2185054 -0.9634411 -0.1550377 0.2185053 -0.9634411 -0.271387 0.3824844 -0.8832072 -0.2713874 0.3824852 -0.8832066 -0.3749662 0.5284661 -0.7616587 -0.374966 0.5284655 -0.7616593 -0.4609426 0.6496379 -0.6045682 -0.4609405 0.6496345 -0.6045734 -0.5253341 0.7403888 -0.4193429 -0.5253336 0.7403877 -0.4193456 -0.5651837 0.7965513 -0.2146472 -0.5651828 0.7965518 -0.2146483 -0.5786709 0.8155612 0 -0.5786707 0.8155614 0 -0.5651829 0.7965519 0.2146475 -0.5651838 0.7965511 0.2146478 -0.5253339 0.7403873 0.419346 -0.5253341 0.7403891 0.4193425 -0.4609402 0.6496346 0.6045734 -0.4609428 0.6496378 0.6045681 -0.3749672 0.5284664 0.761658 -0.3749654 0.5284651 0.7616598 -0.2713872 0.3824844 0.883207 -0.2713863 0.3824847 0.8832072 -0.1550377 0.2185054 0.9634411 -0.1550375 0.2185046 0.9634413 -0.03137797 0.04422318 0.9985288 -0.03137791 0.04422336 0.9985288 0.09376263 -0.1321456 0.9867858 0.09376221 -0.1321454 0.9867858 0.2144787 -0.3022798 0.9287766 0.2144795 -0.3022805 0.9287761 0.3250945 -0.4581764 0.8272774 0.3250936 -0.458177 0.8272775 0.4204256 -0.592535 0.6871278 0.4204261 -0.5925323 0.6871299 0.4960469 -0.6991115 0.5149569 0.4960453 -0.6991102 0.5149602 0.5484685 -0.7729928 0.3188487 0.5484663 -0.7729922 0.3188537 0.6624532 -0.741284 -0.1079521 0.6624523 -0.741285 -0.1079512 0.631567 -0.706723 -0.3188509 0.6315665 -0.7067236 -0.3188505 0.5712022 -0.6391766 -0.5149576 0.5712044 -0.6391756 -0.5149564 0.4841248 -0.5417348 -0.6871292 0.4841251 -0.5417357 -0.6871284 0.3743482 -0.4188963 -0.8272784 0.3743481 -0.4188956 -0.8272787 0.2469756 -0.2763658 -0.9287761 0.2469757 -0.2763659 -0.928776 0.1079684 -0.1208168 -0.9867858 0.1079682 -0.1208162 -0.9867859 -0.03613191 0.04043155 -0.9985288 -0.03613203 0.04043179 -0.9985289 -0.1785272 0.1997718 -0.9634414 -0.1785269 0.199772 -0.9634414 -0.3125061 0.3496946 -0.8832065 -0.3125062 0.3496938 -0.8832067 -0.431779 0.4831599 -0.7616584 -0.4317778 0.4831588 -0.7616598 -0.530781 0.5939438 -0.604568 -0.5307791 0.5939425 -0.6045709 -0.604926 0.676914 -0.4193473 -0.6049277 0.6769142 -0.4193446 -0.6508143 0.7282626 -0.2146497 -0.6508154 0.7282629 -0.2146452 -0.6663467 0.745642 0 -0.6663464 0.7456423 0 -0.650815 0.7282626 0.2146475 -0.6508148 0.7282628 0.2146472 -0.6049257 0.6769125 0.4193502 -0.6049277 0.6769149 0.4193434 -0.5307784 0.5939429 0.6045711 -0.5307813 0.5939435 0.604568 -0.4317792 0.4831605 0.7616578 -0.4317784 0.4831597 0.7616589 -0.3125055 0.3496919 0.8832078 -0.3125056 0.3496958 0.8832061 -0.1785268 0.1997717 0.9634416 -0.1785268 0.1997712 0.9634416 -0.03613251 0.04043197 0.9985288 -0.03613173 0.04043197 0.9985289 0.1079687 -0.1208164 0.9867858 0.1079668 -0.1208167 0.986786 0.2469742 -0.2763645 0.9287769 0.2469767 -0.2763675 0.9287754 0.3743469 -0.4188949 0.8272795 0.3743481 -0.4188959 0.8272786 0.4841238 -0.5417341 0.6871306 0.4841239 -0.5417365 0.6871287 0.5712038 -0.6391763 0.5149563 0.571202 -0.6391767 0.5149577 0.6315672 -0.7067235 0.3188493 0.6315668 -0.7067232 0.318851 0.7412849 -0.6624529 -0.1079493 0.7412843 -0.6624532 -0.1079508 0.7067224 -0.6315672 -0.3188517 0.7067241 -0.6315663 -0.3188499 0.6391752 -0.5712046 -0.5149567 0.6391769 -0.5712026 -0.5149569 0.5417346 -0.4841236 -0.6871303 0.5417351 -0.4841244 -0.6871293 0.4188954 -0.3743483 -0.8272788 0.4188956 -0.3743489 -0.8272784 0.2763657 -0.2469761 -0.928776 0.2763668 -0.2469761 -0.9287756 0.1208167 -0.1079685 -0.9867858 0.1208166 -0.107968 -0.9867859 -0.04043167 0.03613185 -0.9985289 -0.04043149 0.03613185 -0.9985289 -0.199772 0.1785274 -0.9634414 -0.1997725 0.1785275 -0.9634412 -0.3496952 0.3125067 -0.883206 -0.3496931 0.312505 -0.8832075 -0.483161 0.4317792 -0.7616575 -0.4831609 0.4317793 -0.7616577 -0.5939412 0.5307784 -0.6045728 -0.5939437 0.5307795 -0.6045694 -0.6769143 0.6049275 -0.4193445 -0.6769148 0.6049269 -0.4193446 -0.7282627 0.6508142 -0.2146496 -0.7282626 0.6508152 -0.214647 -0.7456423 0.6663464 0 -0.7282625 0.6508151 0.2146476 -0.7282626 0.6508145 0.2146489 -0.6769139 0.604927 0.419346 -0.6769142 0.6049271 0.4193452 -0.593943 0.5307795 0.60457 -0.5939416 0.5307785 0.6045723 -0.4831607 0.4317787 0.761658 -0.483161 0.4317792 0.7616575 -0.3496958 0.3125068 0.8832057 -0.3496914 0.3125047 0.8832082 -0.1997714 0.1785269 0.9634416 -0.199774 0.1785275 0.9634408 -0.04043161 0.03613239 0.9985288 -0.04043072 0.03613185 0.9985289 0.1208173 -0.1079684 0.9867858 0.1208151 -0.1079678 0.9867861 0.2763667 -0.2469752 0.9287759 0.2763666 -0.2469768 0.9287755 0.4188957 -0.3743481 0.8272787 0.4188961 -0.3743489 0.827278 0.5417348 -0.4841228 0.6871308 0.541735 -0.484124 0.6871297 0.639176 -0.5712031 0.5149574 0.6391769 -0.5712035 0.5149561 0.7067224 -0.6315667 0.3188526 0.7067229 -0.6315678 0.3188495 0.8107945 -0.5752903 -0.1079509 0.8107953 -0.5752896 -0.10795 0.7729922 -0.5484681 -0.3188509 0.7729932 -0.5484687 -0.3188474 0.6991105 -0.4960444 -0.5149608 0.6991113 -0.496046 -0.5149582 0.5925344 -0.4204259 -0.6871282 0.5925338 -0.4204254 -0.687129 0.4581754 -0.3250925 -0.8272787 0.4581747 -0.325091 -0.8272798 0.3022806 -0.2144794 -0.9287762 0.3022806 -0.2144799 -0.928776 0.1321456 -0.09376257 -0.9867858 0.1321457 -0.09376251 -0.9867858 -0.04422295 0.03137791 -0.9985288 -0.04422283 0.03137773 -0.9985289 -0.2185054 0.1550377 -0.9634411 -0.218505 0.1550375 -0.9634412 -0.3824849 0.2713876 -0.8832067 -0.3824867 0.2713882 -0.8832057 -0.5284653 0.3749656 -0.7616596 -0.5284655 0.3749667 -0.7616589 -0.6496367 0.4609419 -0.6045699 -0.6496362 0.4609425 -0.60457 -0.740387 0.5253332 -0.4193472 -0.7403888 0.5253343 -0.4193429 -0.7965513 0.5651836 -0.2146475 -0.7965511 0.5651832 -0.2146492 -0.815561 0.5786713 0 -0.8155607 0.5786715 0 -0.7965517 0.5651833 0.2146475 -0.7965511 0.5651834 0.2146492 -0.7403883 0.5253338 0.4193443 -0.7403873 0.525334 0.419346 -0.6496361 0.460942 0.6045706 -0.6496369 0.4609418 0.6045697 -0.528464 0.3749657 0.7616605 -0.5284658 0.3749662 0.7616589 -0.3824856 0.2713871 0.8832067 -0.3824845 0.2713874 0.883207 -0.2185047 0.1550377 0.9634412 -0.2185059 0.1550372 0.9634411 -0.04422324 0.03137791 0.9985288 -0.04422277 0.03137814 0.9985289 0.132146 -0.09376233 0.9867858 0.1321445 -0.09376251 0.9867859 0.3022813 -0.2144806 0.9287756 0.3022805 -0.2144795 0.9287761 0.4581766 -0.3250935 0.8272777 0.4581742 -0.3250905 0.8272803 0.5925363 -0.4204273 0.6871257 0.5925305 -0.4204242 0.6871327 0.6991108 -0.4960452 0.5149596 0.6991114 -0.4960449 0.5149591 0.7729934 -0.5484663 0.3188511 0.772992 -0.5484706 0.318847 0.8701094 -0.4808912 -0.1079507 0.8701089 -0.4808919 -0.1079523 0.829542 -0.4584698 -0.3188508 0.8295409 -0.458472 -0.31885 0.7502553 -0.4146503 -0.5149586 0.7502544 -0.4146516 -0.5149587 0.6358832 -0.3514392 -0.6871267 0.6358793 -0.3514384 -0.6871307 0.4916946 -0.2717509 -0.8272774 0.4916937 -0.2717491 -0.8272786 0.3243936 -0.1792857 -0.9287763 0.3243933 -0.1792857 -0.9287764 0.1418128 -0.07837694 -0.9867858 0.1418129 -0.0783773 -0.9867858 -0.04745793 0.02622908 -0.9985289 -0.04745805 0.02622908 -0.9985289 -0.2344898 0.1295979 -0.9634412 -0.2344897 0.129598 -0.9634412 -0.4104652 0.2268562 -0.883207 -0.4104666 0.2268572 -0.8832061 -0.5671246 0.3134389 -0.76166 -0.5671258 0.3134395 -0.7616588 -0.6971606 0.3853071 -0.6045706 -0.697161 0.3853068 -0.6045704 -0.7945517 0.4391327 -0.4193449 -0.7945508 0.4391328 -0.4193463 -0.8548235 0.4724444 -0.2146464 -0.8548236 0.472444 -0.2146472 -0.8752237 0.4837186 0 -0.8752236 0.4837187 0 -0.8548235 0.4724441 0.2146474 -0.8548235 0.4724444 0.2146461 -0.7945505 0.4391321 0.419348 -0.794552 0.4391335 0.4193434 -0.6971611 0.3853068 0.6045703 -0.6971606 0.385307 0.6045707 -0.5671266 0.3134397 0.7616581 -0.5671249 0.3134391 0.7616596 -0.410466 0.2268567 0.8832066 -0.4104642 0.2268564 0.8832074 -0.234489 0.1295978 0.9634414 -0.2344896 0.129598 0.9634412 -0.04745888 0.02622932 0.9985288 -0.04745876 0.02622926 0.9985288 0.1418144 -0.07837694 0.9867855 0.1418111 -0.07837682 0.9867861 0.3243945 -0.1792856 0.9287761 0.3243945 -0.1792863 0.9287759 0.4916939 -0.271749 0.8272784 0.4916946 -0.2717509 0.8272775 0.6358816 -0.3514385 0.6871286 0.6358801 -0.3514395 0.6871295 0.7502565 -0.4146524 0.5149551 0.7502531 -0.4146504 0.5149614 0.8295424 -0.4584701 0.3188491 0.8295412 -0.4584718 0.3188498 0.9184804 -0.3804473 -0.1079521 0.918481 -0.3804463 -0.1079507 0.8756576 -0.3627101 -0.3188499 0.8756577 -0.3627086 -0.3188514 0.7919635 -0.3280435 -0.5149576 0.791965 -0.3280436 -0.5149554 0.6712326 -0.2780343 -0.6871271 0.6712305 -0.2780323 -0.6871301 0.5190281 -0.2149888 -0.8272784 0.5190281 -0.2149885 -0.8272786 0.3424283 -0.1418387 -0.928776 0.3424282 -0.1418384 -0.928776 0.1496964 -0.06200623 -0.9867858 0.1496964 -0.06200629 -0.9867858 -0.05009639 0.02075064 -0.9985289 -0.05009639 0.02075058 -0.9985288 -0.2475258 0.1025285 -0.9634412 -0.2475256 0.1025285 -0.9634413 -0.4332846 0.1794725 -0.8832067 -0.4332849 0.1794723 -0.8832066 -0.5986539 0.2479705 -0.7616589 -0.5986546 0.2479707 -0.7616582 -0.7359176 0.304827 -0.6045708 -0.7359172 0.304827 -0.6045714 -0.8387225 0.3474105 -0.4193456 -0.8387233 0.3474102 -0.419344 -0.9023456 0.3737635 -0.2146473 -0.9023451 0.3737639 -0.2146488 -0.9238795 0.3826835 0 -0.9238794 0.3826838 0 -0.902345 0.3737634 0.2146496 -0.9023454 0.3737639 0.2146474 -0.8387224 0.34741 0.419346 -0.8387227 0.3474107 0.4193448 -0.7359178 0.3048272 0.6045706 -0.7359167 0.3048265 0.604572 -0.5986559 0.2479713 0.761657 -0.5986533 0.2479705 0.7616594 -0.4332863 0.179473 0.8832058 -0.4332829 0.1794717 0.8832077 -0.2475247 0.1025285 0.9634415 -0.2475253 0.1025281 0.9634414 -0.05009704 0.0207507 0.9985288 -0.05009621 0.02075082 0.9985289 0.149697 -0.06200611 0.9867858 0.1496955 -0.06200623 0.986786 0.3424266 -0.1418383 0.9287767 0.3424301 -0.1418392 0.9287751 0.5190289 -0.2149889 0.827278 0.5190272 -0.2149884 0.8272792 0.6712331 -0.2780336 0.6871269 0.6712307 -0.2780328 0.6871296 0.7919647 -0.3280419 0.5149569 0.7919645 -0.3280439 0.5149558 0.875659 -0.3627075 0.318849 0.8756569 -0.3627111 0.3188508 0.9553014 -0.27522 -0.107951 0.9553027 -0.2752155 -0.1079506 0.9107618 -0.2623854 -0.3188526 0.9107631 -0.2623851 -0.318849 0.823713 -0.2373054 -0.5149596 0.823713 -0.2373074 -0.5149586 0.6981413 -0.2011305 -0.6871284 0.698141 -0.2011318 -0.6871283 0.5398361 -0.155524 -0.8272782 0.5398359 -0.1555244 -0.8272784 0.3561544 -0.1026061 -0.9287766 0.3561557 -0.1026071 -0.928776 0.1556984 -0.04485589 -0.9867857 0.1556978 -0.04485571 -0.9867858 -0.05210459 0.01501107 -0.9985288 -0.05210489 0.01501113 -0.9985288 -0.2574487 0.07416975 -0.9634413 -0.2574479 0.07416945 -0.9634415 -0.4506559 0.1298317 -0.8832062 -0.4506547 0.1298313 -0.8832069 -0.6226534 0.1793832 -0.761659 -0.6226534 0.1793835 -0.7616589 -0.7654207 0.2205142 -0.6045698 -0.765421 0.2205139 -0.6045696 -0.8723472 0.2513186 -0.419344 -0.8723472 0.251319 -0.4193439 -0.9385198 0.2703829 -0.214648 -0.9385199 0.2703828 -0.2146477 -0.9609174 0.2768354 0 -0.9609174 0.2768355 0 -0.93852 0.2703827 0.2146474 -0.9385198 0.2703828 0.2146481 -0.8723469 0.2513189 0.4193444 -0.8723472 0.251319 0.4193436 -0.7654211 0.2205144 0.6045693 -0.7654209 0.2205139 0.6045697 -0.6226545 0.1793834 0.761658 -0.6226535 0.1793835 0.7616589 -0.4506564 0.1298313 0.883206 -0.4506534 0.1298313 0.8832074 -0.2574469 0.07416969 0.9634417 -0.2574486 0.07416939 0.9634413 -0.05210602 0.01501119 0.9985288 -0.05210506 0.01501119 0.9985288 0.1556991 -0.04485577 0.9867857 0.1556958 -0.04485565 0.9867862 0.3561556 -0.1026067 0.9287761 0.3561583 -0.1026073 0.9287751 0.5398365 -0.1555241 0.827278 0.5398348 -0.1555243 0.8272791 0.6981413 -0.2011308 0.6871283 0.6981403 -0.2011315 0.6871291 0.8237139 -0.2373077 0.514957 0.8237128 -0.2373065 0.5149593 0.9107629 -0.2623834 0.318851 0.9107624 -0.262387 0.3188498 0.9801098 -0.1665281 -0.1079509 0.9801099 -0.166527 -0.1079519 0.9344137 -0.158764 -0.3188494 0.9344135 -0.1587638 -0.3188504 0.8451032 -0.1435891 -0.514959 0.8451043 -0.1435886 -0.5149573 0.7162708 -0.1216987 -0.6871286 0.7162693 -0.121699 -0.68713 0.5538554 -0.09410434 -0.8272778 0.5538541 -0.09410345 -0.8272789 0.3654041 -0.06208455 -0.9287763 0.3654046 -0.06208413 -0.9287762 0.1597411 -0.02714097 -0.9867858 0.1597411 -0.02714115 -0.9867858 -0.05345773 0.009082794 -0.9985289 -0.05345779 0.009082794 -0.9985288 -0.2641348 0.0448783 -0.9634411 -0.2641342 0.04487812 -0.9634413 -0.4623582 0.07855772 -0.8832065 -0.4623579 0.07855784 -0.8832066 -0.638823 0.1085405 -0.7616588 -0.6388232 0.1085403 -0.7616588 -0.7852967 0.1334272 -0.6045711 -0.7852977 0.1334273 -0.6045698 -0.8950001 0.1520665 -0.4193456 -0.8950005 0.1520666 -0.4193447 -0.9628919 0.1636017 -0.2146477 -0.9628918 0.1636019 -0.2146481 -0.985871 0.1675062 0 -0.962892 0.1636019 0.2146475 -0.9628919 0.1636019 0.214648 -0.8950008 0.1520666 0.4193441 -0.8949998 0.1520665 0.4193462 -0.7852969 0.1334271 0.604571 -0.7852972 0.1334273 0.6045705 -0.6388242 0.1085404 0.7616578 -0.6388227 0.1085405 0.7616591 -0.4623591 0.07855778 0.8832061 -0.4623571 0.07855778 0.883207 -0.2641329 0.04487818 0.9634416 -0.2641355 0.0448783 0.9634409 -0.05345827 0.009082913 0.9985288 -0.05345779 0.009082853 0.9985289 0.1597419 -0.02714115 0.9867857 0.1597406 -0.02714097 0.9867858 0.3654041 -0.06208437 0.9287763 0.3654049 -0.06208479 0.928776 0.5538566 -0.09410369 0.8272771 0.5538537 -0.09410399 0.827279 0.7162715 -0.1216983 0.687128 0.7162684 -0.1216996 0.6871309 0.8451048 -0.1435885 0.5149568 0.8451033 -0.1435891 0.5149588 0.9344139 -0.1587639 0.3188494 0.9344135 -0.158764 0.3188501 0.8521966 -0.03888332 0.521775 0.903135 -0.05071783 0.426351 0.9463145 -0.05314272 0.3188491 0.9463143 -0.05314332 0.3188498 0.9817826 -0.05513441 0.1818328 0.05574452 -0.992592 0.1079517 0.1665283 -0.980109 0.1079573 0.1665256 -0.9801108 0.1079443 0.2752165 -0.9553022 0.1079516 0.2752185 -0.9553018 0.1079511 0.3804475 -0.91848 0.1079542 0.3804471 -0.918481 0.1079477 0.4808923 -0.8701086 0.1079515 0.4808921 -0.8701088 0.1079519 0.5752896 -0.8107953 0.1079492 0.5752894 -0.8107952 0.1079506 0.6624532 -0.7412841 0.1079518 0.6624522 -0.7412852 0.1079515 0.7412853 -0.6624519 0.1079517 0.7412848 -0.6624531 0.1079487 0.8107933 -0.5752918 0.1079516 0.8107961 -0.5752883 0.1079494 0.8701078 -0.4808942 0.1079503 0.8701103 -0.4808892 0.1079528 0.91848 -0.3804485 0.1079515 0.9184815 -0.3804451 0.1079505 0.9553012 -0.2752203 0.1079508 0.9553028 -0.2752153 0.1079505 0.9801095 -0.1665295 0.107951 0.9801096 -0.1665281 0.1079518 0.9937951 -0.02763175 0.1077392 0.9956436 -0.05591636 0.07461345 0 -0.2811706 -0.9596578 0.001011252 -0.1617816 -0.9868261 0.001930415 -0.1490418 -0.988829 0 -0.3832792 -0.9236326 0.00303936 -0.4338818 -0.9009647 0 -0.516662 -0.8561896 0 -0.6061964 -0.7953151 0.002977311 -0.6801689 -0.7330495 0 -0.7179659 -0.6960783 0 -0.7890365 -0.6143465 9.31366e-4 -0.8660241 -0.5000015 0.002379655 -0.8568564 -0.5155498 0.00324887 -0.9749228 -0.2225196 0 -0.956706 -0.2910561 0 -0.9196254 -0.3927964 0.002442061 -0.9972012 0.07472664 0 -0.999301 -0.03738522 0 -0.9894002 -0.1452148 0.002744495 -0.9308703 0.3653396 -2.35401e-4 -0.9476536 0.3193002 2.52622e-4 -0.9941378 0.1081208 0.003179073 -0.7818272 0.6234872 0 -0.8327189 0.553696 0 -0.8877071 0.4604087 0 -0.4512226 0.8924115 0.00143665 -0.5611886 0.8276869 0.001628279 -0.5633195 0.8262376 0 -0.6639494 0.7477775 0 -0.7408956 0.6716203 0 -0.3520995 0.9359626 0.00314027 -0.2947521 0.9555686 0 -0.2086682 0.9779865 0 -0.1017069 0.9948145 7.53542e-4 -0.07473045 0.9972035 0 -0.02707946 0.9996334 0 0.07472997 0.9972038 0 0.07473093 0.9972038 0 0.1554163 0.9878491 5.3666e-4 0.2947545 0.9555729 0.002896964 0.2675276 0.9635459 0 0.7034468 0.7107479 0 0.6224794 0.7826362 0.003256618 0.5633172 0.8262344 0 0.4988843 0.8666686 0 0.4022545 0.9155279 0.002634525 0.7960915 0.6051707 7.3781e-4 0.7818309 0.6234902 0 0.8614688 0.5078107 0 0.9113276 0.4116821 0.002907454 0.930871 0.3653367 0 0.9625073 0.2712559 0 0.9861941 0.1655938 0.003093659 0.9971988 0.07473272 0 0.9998595 0.01676267 0 0.9958118 -0.09142673 0.001295208 0.9749271 -0.2225205 0.001892864 0.9766183 -0.2149724 0.003210008 0.8660213 -0.4999968 0 0.8970145 -0.4420013 0 0.939547 -0.3424199 0.002651393 0.6801711 -0.7330487 0 0.7545905 -0.6561961 0 0.821122 -0.5707529 0.002550661 0.4338811 -0.9009667 8.22754e-5 0.4684099 -0.8835113 -8.04184e-5 0.6473842 -0.7621639 0 -0.02707958 -0.9996334 0 0.08115869 -0.9967013 0.003233373 0.1490417 -0.9888256 0 0.2288023 -0.973473 0 0.3327159 -0.9430271 0 -1 0 1 4.57121e-6 0 1 0 0 1 -2.29666e-6 0 1 -2.36525e-6 0 1 4.8569e-6 0 1 -2.36652e-6 0 1 5.01265e-6 0 1 1.16766e-5 0 1 -1.25668e-5 0 1 -1.01033e-5 0 1 1.17097e-6 0 1 -1.75507e-6 0 1 1.74145e-6 0 1 1.2093e-5 0 0.9863566 0.003109693 -0.1645937 0.9751224 0 -0.2216676 0.8794737 0 -0.4759475 0.942716 0.01279848 -0.333351 0.8936287 0.003094613 -0.4487965 0.6190336 0 -0.7853645 0.6772778 0.003390908 -0.7357196 0.739858 0 -0.672763 0.8129574 0 -0.5823232 0.5236744 0 -0.8519185 0.3960776 0.001975834 -0.918215 0.4016959 0.001536846 -0.9157719 -0.04132193 0 -0.999146 -0.04132521 0 -0.9991458 0.02908098 0 -0.9995771 0.1236937 0.001378238 -0.9923195 0.1525015 0 -0.9883033 0.266202 0 -0.9639174 -0.1282495 0 -0.991742 -0.2868008 0.003709197 -0.957983 -0.245486 2.47368e-4 -0.9694002 -0.3988896 0 -0.916999 -0.5026496 0 -0.8644904 -0.5469462 0.002940952 -0.8371626 -0.6380838 0 -0.769967 -0.7231575 0 -0.6906833 -0.7891364 0.003240823 -0.6142095 -0.9396898 0.002516686 -0.342019 -0.9458166 0.00114417 -0.3246996 -0.8866569 0 -0.462428 -0.8269773 0 -0.5622355 -0.9965846 0 0.08257842 -0.9999942 0.003409683 0 -0.9965846 0 -0.08257842 -0.9802587 0 -0.1977196 -0.9802587 0 0.1977196 -0.9396898 0.002516686 0.342019 -0.9458166 0.00114417 0.3246996 -0.8866569 0 0.462428 -0.8269771 0 0.5622358 -0.7891364 0.003240883 0.6142095 -0.723158 0 0.6906827 -0.6380841 0 0.7699667 -0.5469458 0.002940952 0.8371629 -0.5026494 0 0.8644903 -0.2454856 0 0.9694004 -0.3988585 0.01329594 0.9169161 -0.2868009 0.003709197 0.957983 -0.1282492 0 0.9917421 -0.01224762 0 0.9999251 0.08257895 0.003334641 0.996579 0.3960791 0.001975834 0.9182144 0.401695 0.001536846 0.9157723 0.2662049 0 0.9639165 0.1525017 0 0.9883033 0.5236726 0 0.8519197 0.6190341 0 0.7853642 0.6772777 0.003390908 0.7357197 0.8936326 5.75096e-4 0.448799 0.8794712 0.002491354 0.4759457 0.8129578 0 0.5823228 0.7398577 0 0.6727635 0.9427949 0 0.3333737 0.9751223 0 0.2216679 0.9863566 0.003109693 0.1645937 0.9983083 0 0.0581448 0.9983083 0 -0.0581448 -0.9383869 0.05270057 0.3415448 -0.991697 0.05569106 -0.1159121 -0.9963541 0.02150762 -0.08255934 -0.04214233 0.7504061 -0.6596323 -0.04686897 0.8345704 -0.548904 -0.04686707 0.8345687 -0.5489069 -0.05075794 0.9038519 -0.424824 -0.03269225 0.9394543 -0.3411113 -0.0531792 0.946932 -0.3170047 -0.05569308 0.9916976 -0.1159071 -0.01261228 0.9875123 -0.1570364 -0.9787766 0.05496752 -0.1974205 -0.9383866 0.05269998 -0.3415457 -0.9383873 0.05269932 -0.3415437 -0.88556 0.04973238 -0.4618552 -0.8354449 0.03393214 -0.5485257 -0.8260868 0.04639202 -0.5616304 -0.6857329 0.03851044 -0.7268338 -0.7231512 -0.004292607 -0.6906765 -0.637676 0.0358116 -0.7694718 -0.4998026 0.02806806 -0.8656845 -0.5024837 0.02578157 -0.8642022 -0.01627236 0.6692709 -0.7428404 -0.03851127 0.6857314 -0.7268353 -0.0301966 0.5377026 -0.8425937 -0.005632698 0.5018849 -0.8649162 -0.02450203 0.436315 -0.8994604 -0.01610332 0.2867661 -0.9578654 -0.01610487 0.2867646 -0.9578657 0.01173269 0.05982363 -0.9981401 -0.002107203 0.08257895 -0.9965824 -0.009498715 0.1691145 -0.9855507 -0.3988045 0.02239525 -0.9167625 -0.2867671 0.01610434 -0.957865 -0.2867645 0.01610445 -0.9578658 -0.1282472 0.007202029 -0.9917161 -0.06034082 -0.01638782 -0.9980433 -0.04133099 -0.009633362 -0.9990991 0.02859568 -0.1715165 -0.9847662 0.006262421 -0.1115259 -0.9937418 0.001633465 -0.02908658 -0.9995756 0.02909141 -0.001633405 -0.9995754 0.1524955 -0.008563876 -0.9882671 0.1723965 -0.02086186 -0.9848067 0.03351682 -0.5968244 -0.8016716 0.02739667 -0.4878432 -0.8725013 0.02944523 -0.3952207 -0.9181143 0.02152466 -0.3833017 -0.9233723 0.01269876 -0.2261273 -0.974015 0.2661762 -0.01494818 -0.9638086 0.3959826 -0.02223771 -0.9179888 0.3959809 -0.02223777 -0.9179894 0.5234478 -0.02939623 -0.8515505 0.5956456 -0.04575389 -0.8019433 0.05655467 -0.7641891 -0.6425082 0.03992128 -0.7108489 -0.7022109 0.03351682 -0.5968246 -0.8016715 0.61866 -0.03474318 -0.7848904 0.7392209 -0.04151362 -0.6721824 0.7641236 -0.0572533 -0.6425241 0.05579447 -0.9935009 -0.09921169 0.05456417 -0.9715963 -0.2302682 0.05456393 -0.9715955 -0.2302715 0.05205667 -0.9269506 -0.3715544 0.06239539 -0.8916134 -0.4484779 0.04929006 -0.8776769 -0.4767115 0.04422134 -0.7874253 -0.614822 0.8121128 -0.04560708 -0.5817154 0.8925094 -0.05012238 -0.4482355 0.8925093 -0.05012202 -0.4482355 0.9414774 -0.0528711 -0.3329041 0.971324 -0.05899077 -0.2303255 0.05514568 -0.9819546 0.180898 0.05606299 -0.9982857 0.01681643 0.9736635 -0.05467987 -0.2213361 0.9967429 -0.05597579 -0.05805367 0.9974691 -0.07110172 0 0.9967429 -0.05597579 0.05805367 0.9736635 -0.05467969 0.221336 0.971324 -0.05899083 0.2303253 0.04298073 -0.7653354 0.6421952 0.05012291 -0.8925101 0.4482338 0.05012243 -0.8925083 0.4482374 0.0535978 -0.9543912 0.2937089 0.9414755 -0.05287212 0.3329092 0.8925095 -0.05012226 0.448235 0.8925092 -0.05012208 0.4482356 0.8121124 -0.04560714 0.5817161 0.7641241 -0.0572533 0.6425236 0.04956841 -0.5952616 0.8020017 0.03653329 -0.6505274 0.7586036 0.04298102 -0.7653352 0.6421952 0.7392203 -0.04151362 0.672183 0.6186603 -0.03474307 0.7848901 0.5956459 -0.04575401 0.801943 0.001633346 -0.02908468 0.9995757 0.009751498 -0.1736403 0.9847609 0.00975126 -0.1736395 0.9847611 0.01717084 -0.3057594 0.951954 0.03247338 -0.3948994 0.9181504 0.02325892 -0.4141615 0.9099062 0.03134542 -0.558158 0.8291425 0.5234466 -0.02939605 0.8515512 0.3959817 -0.02223795 0.9179891 0.3959816 -0.02223771 0.9179892 0.2661759 -0.01494818 0.9638085 0.1723962 -0.02086174 0.9848068 0.1524959 -0.008563876 0.988267 -0.05814445 0.003265321 0.9983029 -0.012241 -0.03298193 0.9993811 0.01482605 0.08714538 0.9960853 -0.00326538 0.0581448 0.9983028 -0.01403492 0.2499097 0.9681675 0.003694415 0.2888474 0.957368 -0.02024936 0.3605775 0.9325094 -0.028068 0.4998037 0.8656839 -0.02806872 0.4998043 0.8656835 -0.1282453 0.007202029 0.9917164 -0.2867663 0.01610428 0.9578653 -0.2867658 0.01610428 0.9578654 -0.3987966 0.02239531 0.916766 -0.5000344 0.02570283 0.865624 -0.03850996 0.6857312 0.7268354 -0.02971202 0.6936938 0.719657 -0.03399533 0.605338 0.7952424 -0.5024504 0.02821695 0.8641455 -0.6376749 0.03581166 0.7694728 -0.6877032 0.0129621 0.7258762 -0.7225621 0.04057812 0.6901141 -0.8345695 0.04686832 0.5489054 -0.8265702 0.03135466 0.5619599 -0.88556 0.04973238 0.4618552 -0.05602353 0.9975768 -0.0412532 -0.05569338 0.9916963 0.1159166 -0.05569297 0.9916976 0.1159071 -0.05446285 0.9697942 0.2377669 -0.04543018 0.9388196 0.3414001 -0.0525496 0.9357541 0.3487161 -0.04686737 0.8345686 0.5489069 0.006712436 0.8667706 0.4986619 -0.04505193 0.802223 0.5953223 0.1675059 -0.9858711 0 0.1630047 -0.9593772 -0.2302713 0.163004 -0.9593761 -0.2302766 0.1497361 -0.8812854 -0.4482356 0.1497365 -0.881286 -0.4482341 0.1284011 -0.7557122 -0.6421934 0.1284005 -0.7557137 -0.6421917 0.1001293 -0.5893164 -0.8016734 0.1001294 -0.5893192 -0.8016714 0.06643372 -0.3910033 -0.9179886 0.0664339 -0.3910005 -0.9179897 0.0291323 -0.1714559 -0.9847611 0.02913153 -0.1714563 -0.984761 -0.009755194 0.05741268 -0.9983029 -0.009754002 0.05741244 -0.998303 -0.04811084 0.2831599 -0.9578653 -0.04811125 0.2831621 -0.9578647 -0.08385199 0.4935173 -0.8656845 -0.08385187 0.4935177 -0.8656843 -0.1150442 0.6771104 -0.7268332 -0.1150454 0.677109 -0.7268343 -0.1400154 0.8240738 -0.5489064 -0.1400164 0.8240777 -0.5489002 -0.1574327 0.9265847 -0.341549 -0.1574325 0.9265878 -0.3415411 -0.1663764 0.979226 -0.1159117 -0.1663771 0.9792252 -0.1159166 -0.1663774 0.9792259 0.1159111 -0.1663762 0.9792253 0.1159171 -0.1574326 0.9265865 0.3415443 -0.1574327 0.9265856 0.3415468 -0.140016 0.8240763 0.5489023 -0.1400157 0.8240751 0.5489044 -0.1150453 0.6771082 0.726835 -0.1150453 0.677111 0.7268324 -0.08385151 0.4935162 0.8656852 -0.08385145 0.4935179 0.865684 -0.04811048 0.2831595 0.9578655 -0.04811084 0.2831619 0.9578647 -0.009754776 0.05741298 0.9983029 -0.009754896 0.05741357 0.9983028 0.02913123 -0.1714555 0.9847611 0.02913182 -0.1714569 0.9847608 0.06643408 -0.3910012 0.9179895 0.06643396 -0.3910021 0.9179891 0.1001285 -0.5893161 0.8016738 0.1001292 -0.5893194 0.8016713 0.1284006 -0.7557131 0.6421926 0.1284008 -0.7557134 0.642192 0.1497365 -0.8812851 0.448236 0.269396 -0.9350937 0.2302731 0.2768357 -0.9609172 0 0.2768361 -0.9609172 0 0.269396 -0.9350934 -0.2302745 0.2693966 -0.9350951 -0.2302666 0.2474678 -0.8589787 -0.4482358 0.2474677 -0.8589799 -0.4482336 0.2122055 -0.7365832 -0.6421948 0.2122067 -0.7365853 -0.642192 0.1654823 -0.5744027 -0.8016715 0.1654814 -0.5743969 -0.801676 0.1097949 -0.3811059 -0.9179888 0.1097956 -0.3811062 -0.9179886 0.04814577 -0.1671162 -0.984761 0.04814535 -0.1671167 -0.984761 -0.01612204 0.0559591 -0.9983029 -0.01612174 0.05595946 -0.9983029 -0.07951128 0.275992 -0.9578655 -0.07951217 0.2759934 -0.9578651 -0.138581 0.4810256 -0.8656845 -0.138582 0.4810266 -0.8656839 -0.1901341 0.6599707 -0.7268341 -0.1901345 0.6599707 -0.7268339 -0.2314025 0.8032181 -0.5489022 -0.2314032 0.803214 -0.5489078 -0.2601891 0.903133 -0.3415444 -0.2601893 0.9031319 -0.3415469 -0.2749702 0.9544396 -0.1159162 -0.2749689 0.9544405 -0.1159116 -0.2749695 0.9544398 0.1159161 -0.2749696 0.9544403 0.1159117 -0.2601897 0.9031329 0.3415443 -0.2601879 0.903131 0.3415505 -0.2314039 0.8032178 0.5489019 -0.2314025 0.8032144 0.5489076 -0.1901347 0.6599718 0.7268329 -0.1901339 0.6599697 0.7268351 -0.138581 0.4810252 0.8656846 -0.1385819 0.4810261 0.8656842 -0.07951253 0.2759928 0.9578652 -0.07951176 0.2759925 0.9578654 -0.01612174 0.05596017 0.9983029 -0.01612168 0.05595999 0.9983029 0.04814535 -0.1671166 0.9847609 0.04814559 -0.1671169 0.9847609 0.109795 -0.3811064 0.9179886 0.1097949 -0.3811053 0.917989 0.1654821 -0.5743989 0.8016743 0.1654819 -0.5743998 0.8016738 0.212207 -0.7365862 0.6421909 0.3420879 -0.8258729 0.4482297 0.3723996 -0.8990508 0.2302746 0.372399 -0.8990526 0.2302681 0.3826828 -0.9238799 0 0.3826829 -0.9238798 0 0.3723989 -0.899052 -0.2302712 0.3723992 -0.8990516 -0.2302715 0.3420876 -0.8258719 -0.4482318 0.3420864 -0.8258691 -0.4482378 0.2933434 -0.7081922 -0.6421943 0.2933437 -0.708194 -0.6421921 0.2287541 -0.5522624 -0.801672 0.2287548 -0.5522615 -0.8016723 0.1517738 -0.3664168 -0.9179888 0.1517744 -0.3664156 -0.9179893 0.06655359 -0.1606748 -0.984761 0.06655353 -0.1606748 -0.984761 -0.02228611 0.05380237 -0.9983029 -0.02228528 0.05380213 -0.998303 -0.1099145 0.2653551 -0.9578652 -0.1099135 0.2653537 -0.9578655 -0.1915675 0.462486 -0.8656839 -0.1915678 0.4624863 -0.8656837 -0.2628312 0.6345325 -0.7268345 -0.262831 0.6345329 -0.7268341 -0.3198794 0.7722569 -0.5489049 -0.3198794 0.7722577 -0.5489037 -0.359671 0.8683227 -0.3415445 -0.3596708 0.8683241 -0.3415411 -0.3801044 0.9176513 -0.115917 -0.3801045 0.917652 -0.1159114 -0.3801046 0.9176514 0.1159164 -0.3801046 0.9176519 0.1159121 -0.3596719 0.8683233 0.3415418 -0.3596703 0.868322 0.3415467 -0.3198796 0.7722579 0.5489032 -0.3198793 0.7722578 0.5489038 -0.2628315 0.6345324 0.7268345 -0.2628312 0.6345319 0.7268351 -0.191567 0.4624859 0.8656842 -0.1915681 0.4624864 0.8656836 -0.1099128 0.2653523 0.9578661 -0.109914 0.2653555 0.957865 -0.02228599 0.0538029 0.9983029 -0.02228599 0.0538032 0.9983029 0.066554 -0.1606754 0.9847609 0.06655353 -0.1606748 0.9847611 0.1517742 -0.3664159 0.9179891 0.1517743 -0.3664168 0.9179888 0.2287536 -0.5522617 0.8016726 0.3707914 -0.6708971 0.6421923 0.4324035 -0.7823752 0.448237 0.4324042 -0.7823767 0.4482336 0.4707204 -0.8517032 0.2302696 0.4707183 -0.8517022 0.2302778 0.4837188 -0.8752235 0 0.4837186 -0.8752237 0 0.4707189 -0.8517023 -0.230276 0.4707197 -0.8517031 -0.2302715 0.4324038 -0.7823752 -0.4482368 0.4324041 -0.782377 -0.4482335 0.3707898 -0.6708958 -0.6421945 0.3707918 -0.670897 -0.6421923 0.289149 -0.5231772 -0.8016724 0.2891485 -0.5231753 -0.8016737 0.1918453 -0.3471189 -0.9179891 0.1918455 -0.3471184 -0.9179893 0.08412528 -0.1522135 -0.9847609 0.0841245 -0.1522119 -0.9847612 -0.02817046 0.0509693 -0.9983029 -0.02816843 0.05096882 -0.998303 -0.138932 0.2513796 -0.9578655 -0.1389327 0.2513796 -0.9578654 -0.2421453 0.4381294 -0.8656837 -0.2421454 0.4381292 -0.8656838 -0.3322237 0.6011114 -0.7268373 -0.3322259 0.6011182 -0.7268308 -0.4043321 0.7315849 -0.5489073 -0.4043339 0.7315831 -0.5489082 -0.4546325 0.8225924 -0.3415424 -0.4546303 0.8225937 -0.3415421 -0.4804582 0.8693236 -0.1159152 -0.4804562 0.8693257 -0.1159089 -0.4804562 0.8693249 0.1159144 -0.480458 0.8693243 0.1159123 -0.4546309 0.8225914 0.3415467 -0.454632 0.8225945 0.341538 -0.4043317 0.731584 0.5489088 -0.404333 0.7315843 0.5489075 -0.3322241 0.6011144 0.7268347 -0.3322244 0.6011151 0.7268339 -0.242146 0.43813 0.8656832 -0.2421448 0.4381287 0.8656842 -0.1389325 0.25138 0.9578654 -0.1389331 0.2513805 0.9578651 -0.02817004 0.05096948 0.9983029 -0.02816987 0.05096977 0.9983029 0.08412516 -0.1522133 0.9847609 0.08412486 -0.1522127 0.9847611 0.1918453 -0.3471184 0.9179893 0.3459097 -0.4875133 0.8016716 0.4435752 -0.6251599 0.6421964 0.4435768 -0.6251633 0.642192 0.5172837 -0.7290419 0.4482359 0.5172819 -0.7290419 0.4482383 0.56312 -0.7936437 0.2302731 0.5631214 -0.793644 0.2302681 0.5786715 -0.8155606 0 0.5786716 -0.8155606 0 0.5631209 -0.7936428 -0.2302743 0.5631204 -0.7936452 -0.2302669 0.5172829 -0.7290412 -0.4482382 0.5172833 -0.7290438 -0.4482335 0.4435762 -0.6251618 -0.6421939 0.4435756 -0.6251612 -0.6421949 0.34591 -0.4875135 -0.8016713 0.3459093 -0.4875128 -0.8016721 0.2295044 -0.3234556 -0.9179892 0.229505 -0.3234571 -0.9179885 0.1006386 -0.1418358 -0.9847612 0.1006384 -0.1418372 -0.984761 -0.0337004 0.04749441 -0.9983029 -0.03369784 0.04749423 -0.998303 -0.1662054 0.234245 -0.9578648 -0.1662037 0.2342416 -0.957866 -0.2896785 0.4082626 -0.8656836 -0.2896778 0.4082616 -0.8656844 -0.3974384 0.5601351 -0.7268366 -0.3974399 0.5601381 -0.7268334 -0.4837018 0.681715 -0.5489057 -0.4837023 0.6817159 -0.548904 -0.5438731 0.7665162 -0.3415479 -0.5438733 0.766518 -0.3415437 -0.5747727 0.8100625 -0.115911 -0.57477 0.8100631 -0.115919 -0.5747718 0.8100625 0.1159154 -0.5747711 0.810063 0.1159145 -0.5438734 0.7665178 0.3415443 -0.543873 0.7665165 0.3415474 -0.4837021 0.6817159 0.5489042 -0.4837034 0.6817156 0.5489035 -0.3974404 0.5601378 0.7268334 -0.3974376 0.5601355 0.7268368 -0.2896788 0.4082639 0.8656828 -0.289677 0.4082596 0.8656855 -0.1662047 0.234243 0.9578655 -0.1662041 0.2342429 0.9578656 -0.03369939 0.04749482 0.9983029 -0.03369957 0.04749506 0.9983029 0.100639 -0.1418367 0.9847609 0.2642776 -0.2957274 0.9179884 0.3983168 -0.4457175 0.8016731 0.3983175 -0.445718 0.8016725 0.510783 -0.5715665 0.6421936 0.5107831 -0.5715664 0.6421935 0.5956585 -0.6665413 0.4482339 0.5956566 -0.6665403 0.4482381 0.6484391 -0.7256044 0.2302718 0.6484394 -0.7256038 0.230273 0.6663472 -0.7456416 0 0.6663469 -0.7456419 0 0.6484387 -0.7256035 -0.2302759 0.6484398 -0.7256054 -0.2302665 0.5956591 -0.6665421 -0.4482321 0.595656 -0.6665396 -0.4482398 0.5107811 -0.5715639 -0.6421973 0.5107843 -0.5715691 -0.6421902 0.3983175 -0.4457183 -0.8016723 0.3983178 -0.4457173 -0.8016726 0.2642766 -0.2957268 -0.9179888 0.2642782 -0.2957265 -0.9179885 0.1158868 -0.1296772 -0.984761 0.1158853 -0.129677 -0.9847612 -0.03880488 0.04342257 -0.9983029 -0.038805 0.04342281 -0.9983029 -0.1913858 0.2141606 -0.9578657 -0.1913874 0.2141627 -0.9578649 -0.3335677 0.3732637 -0.8656828 -0.3335645 0.3732578 -0.8656867 -0.4576565 0.5121178 -0.7268329 -0.457655 0.5121179 -0.7268337 -0.5569885 0.6232699 -0.5489068 -0.556989 0.6232719 -0.5489039 -0.6262752 0.7008042 -0.3415451 -0.6262772 0.7008035 -0.3415427 -0.6618552 0.7406155 -0.1159154 -0.6618533 0.7406182 -0.1159089 -0.6618552 0.7406164 0.1159097 -0.6618537 0.740617 0.1159146 -0.6262766 0.7008026 0.3415456 -0.6262757 0.700805 0.3415424 -0.5569896 0.6232722 0.5489029 -0.556988 0.6232706 0.5489064 -0.4576547 0.512118 0.7268339 -0.457657 0.5121176 0.7268327 -0.333567 0.3732623 0.8656837 -0.3335655 0.3732596 0.8656855 -0.1913864 0.2141619 0.9578654 -0.1913865 0.2141618 0.9578653 -0.03880548 0.04342335 0.9983029 0.1296768 -0.1158864 0.9847611 0.295726 -0.2642766 0.9179892 0.2957254 -0.2642764 0.9179894 0.4457179 -0.3983176 0.8016723 0.4457179 -0.3983176 0.8016725 0.5715671 -0.5107829 0.6421931 0.571566 -0.5107833 0.6421938 0.6665414 -0.5956578 0.4482347 0.6665419 -0.595658 0.4482337 0.7256047 -0.6484388 0.2302719 0.7256035 -0.6484388 0.2302755 0.745642 -0.6663469 0 0.7456423 -0.6663466 0 0.7256041 -0.6484397 -0.2302709 0.7256038 -0.648438 -0.2302765 0.6665426 -0.5956567 -0.4482346 0.666542 -0.5956597 -0.4482315 0.5715663 -0.5107825 -0.6421941 0.5715668 -0.5107833 -0.6421931 0.4457185 -0.398318 -0.8016719 0.4457177 -0.3983174 -0.8016726 0.2957248 -0.2642771 -0.9179895 0.2957265 -0.2642764 -0.917989 0.1296774 -0.1158859 -0.9847611 0.1296764 -0.1158863 -0.9847611 -0.04342401 0.03880488 -0.9983028 -0.04342252 0.03880476 -0.998303 -0.2141606 0.1913861 -0.9578657 -0.2141627 0.1913874 -0.957865 -0.3732607 0.3335679 -0.8656842 -0.373262 0.3335682 -0.8656834 -0.5121161 0.457655 -0.726835 -0.5121184 0.4576556 -0.7268329 -0.6232714 0.5569897 -0.5489038 -0.6232713 0.5569879 -0.5489058 -0.7008023 0.626276 -0.3415474 -0.7008037 0.6262778 -0.3415413 -0.7406154 0.6618551 -0.1159169 -0.7406171 0.6618542 -0.1159116 -0.7406175 0.6618536 0.1159115 -0.7406153 0.6618553 0.1159169 -0.7008037 0.6262763 0.3415438 -0.7008026 0.6262773 0.3415444 -0.6232706 0.5569895 0.5489049 -0.6232715 0.5569884 0.5489048 -0.5121179 0.4576558 0.7268332 -0.5121161 0.457655 0.726835 -0.3732616 0.3335688 0.8656834 -0.3732611 0.3335664 0.8656845 -0.2141614 0.1913872 0.9578652 -0.04749524 0.03369969 0.9983029 0.1418368 -0.1006385 0.984761 0.1418367 -0.1006385 0.9847611 0.323457 -0.229505 0.9179885 0.3234564 -0.2295045 0.9179889 0.487513 -0.3459092 0.8016721 0.487512 -0.3459084 0.8016729 0.625162 -0.443576 0.6421937 0.6251618 -0.4435762 0.6421939 0.729043 -0.5172842 0.4482337 0.7290421 -0.5172834 0.4482361 0.7936432 -0.563121 0.2302724 0.7936436 -0.56312 0.2302731 0.8155611 -0.578671 0 0.8155606 -0.5786715 0 0.7936428 -0.5631198 -0.2302762 0.7936439 -0.5631211 -0.2302692 0.7290436 -0.5172843 -0.4482327 0.7290414 -0.5172828 -0.4482379 0.6251615 -0.4435756 -0.6421945 0.6251615 -0.4435768 -0.6421938 0.4875134 -0.3459094 -0.8016718 0.487511 -0.3459075 -0.801674 0.3234559 -0.2295053 -0.917989 0.3234572 -0.2295041 -0.9179888 0.1418368 -0.1006382 -0.9847611 0.1418365 -0.1006385 -0.9847611 -0.04749566 0.03369921 -0.9983029 -0.04749494 0.03369921 -0.9983029 -0.2342434 0.1662045 -0.9578655 -0.2342435 0.1662045 -0.9578654 -0.4082635 0.2896775 -0.8656835 -0.4082635 0.289677 -0.8656837 -0.5601359 0.3974372 -0.7268366 -0.5601379 0.3974396 -0.7268338 -0.6817159 0.4837054 -0.5489013 -0.6817153 0.4836992 -0.5489075 -0.7665172 0.5438724 -0.3415469 -0.7665176 0.5438749 -0.3415418 -0.8100636 0.5747702 -0.1159157 -0.8100634 0.5747708 -0.1159142 -0.8100633 0.5747705 0.1159151 -0.8100636 0.5747703 0.1159147 -0.7665184 0.543873 0.3415435 -0.7665176 0.5438734 0.3415442 -0.6817171 0.4837019 0.5489029 -0.6817144 0.4837021 0.5489061 -0.5601367 0.397438 0.7268355 -0.5601377 0.3974385 0.7268346 -0.4082627 0.2896778 0.8656839 -0.2513796 0.1389325 0.9578654 -0.05096948 0.02816987 0.9983029 -0.05096954 0.02816992 0.9983029 0.152213 -0.08412528 0.9847611 0.1522135 -0.08412528 0.9847609 0.3471183 -0.1918457 0.9179893 0.3471198 -0.1918459 0.9179885 0.5231757 -0.2891489 0.8016733 0.5231757 -0.2891485 0.8016735 0.6708968 -0.3707915 0.6421925 0.670895 -0.3707903 0.6421951 0.7823771 -0.4324039 0.4482334 0.7823758 -0.4324036 0.4482359 0.8517034 -0.4707195 0.2302706 0.8517032 -0.4707199 0.2302707 0.8752237 -0.4837186 0 0.8752234 -0.4837191 0 0.8517032 -0.4707199 -0.230271 0.8517035 -0.47072 -0.2302691 0.7823766 -0.4324034 -0.4482344 0.7823771 -0.4324039 -0.4482333 0.6708938 -0.3707892 -0.6421969 0.6708992 -0.3707921 -0.6421896 0.5231757 -0.2891493 -0.8016731 0.5231759 -0.2891482 -0.8016735 0.3471169 -0.1918454 -0.9179899 0.3471206 -0.1918461 -0.9179883 0.1522129 -0.08412474 -0.9847611 0.152213 -0.08412539 -0.9847609 -0.05096936 0.02816945 -0.9983029 -0.05096715 0.02816957 -0.998303 -0.25138 0.1389327 -0.9578652 -0.25138 0.1389328 -0.9578653 -0.4381275 0.242145 -0.8656848 -0.43813 0.2421459 -0.8656833 -0.6011145 0.332226 -0.7268337 -0.6011144 0.3322244 -0.7268346 -0.7315849 0.4043326 -0.5489069 -0.7315849 0.4043347 -0.5489052 -0.8225936 0.4546298 -0.3415431 -0.8225919 0.4546308 -0.3415457 -0.8693246 0.4804569 -0.1159142 -0.8693239 0.4804589 -0.1159115 -0.869323 0.4804596 0.1159136 -0.8693253 0.4804562 0.1159108 -0.8225926 0.4546291 0.3415463 -0.8225927 0.4546317 0.3415427 -0.7315844 0.4043359 0.5489051 -0.7315858 0.4043331 0.5489053 -0.6011144 0.3322244 0.7268346 -0.4624842 0.1915678 0.8656848 -0.2653542 0.1099135 0.9578655 -0.2653552 0.1099136 0.9578652 -0.05380302 0.02228599 0.9983029 -0.0538032 0.02228599 0.9983029 0.1606746 -0.06655371 0.9847611 0.1606753 -0.06655377 0.984761 0.3664159 -0.1517744 0.9179891 0.3664162 -0.1517748 0.9179889 0.5522609 -0.228754 0.8016729 0.5522614 -0.2287544 0.8016726 0.708193 -0.2933433 0.6421935 0.7081934 -0.2933435 0.642193 0.8258704 -0.3420866 0.4482355 0.8258708 -0.342087 0.4482342 0.8990513 -0.372399 0.2302735 0.8990518 -0.3723996 0.2302706 0.9238795 -0.3826835 0 0.9238796 -0.3826833 0 0.8990517 -0.3723994 -0.2302713 0.8990515 -0.3723989 -0.2302727 0.8258706 -0.3420868 -0.4482347 0.8258708 -0.3420868 -0.4482346 0.7081935 -0.2933437 -0.6421928 0.7081924 -0.293343 -0.6421943 0.5522619 -0.2287548 -0.8016721 0.5522601 -0.2287538 -0.8016737 0.3664159 -0.1517745 -0.9179891 0.3664158 -0.1517744 -0.9179891 0.1606759 -0.06655341 -0.9847609 0.1606759 -0.06655371 -0.9847608 -0.05380415 0.02228575 -0.9983028 -0.05380052 0.02228564 -0.998303 -0.2653541 0.1099134 -0.9578655 -0.2653553 0.1099137 -0.9578652 -0.4624844 0.191568 -0.8656848 -0.4624859 0.1915672 -0.8656842 -0.6345323 0.2628303 -0.726835 -0.6345331 0.2628334 -0.7268332 -0.7722587 0.31988 -0.548902 -0.7722557 0.3198775 -0.5489076 -0.8683227 0.3596705 -0.3415446 -0.8683224 0.3596713 -0.3415448 -0.9176515 0.3801048 -0.1159151 -0.9176528 0.3801031 -0.1159104 -0.9176516 0.3801048 0.1159134 -0.9176524 0.3801029 0.1159134 -0.8683231 0.3596693 0.3415454 -0.8683217 0.3596724 0.3415454 -0.7722581 0.3198772 0.5489044 -0.6599712 0.190135 0.7268334 -0.4810266 0.1385816 0.8656839 -0.4810273 0.1385812 0.8656836 -0.2759922 0.079512 0.9578654 -0.2759929 0.07951223 0.9578652 -0.05596011 0.0161218 0.9983029 -0.05595993 0.01612174 0.9983029 0.1671168 -0.04814547 0.9847609 0.1671165 -0.04814535 0.984761 0.3811052 -0.1097945 0.9179892 0.3811046 -0.1097944 0.9179894 0.574401 -0.1654822 0.8016729 0.5744011 -0.1654818 0.8016728 0.7365846 -0.2122059 0.6421929 0.7365835 -0.2122063 0.642194 0.8589792 -0.247468 0.4482349 0.8589793 -0.2474675 0.4482348 0.935094 -0.2693958 0.2302718 0.9350934 -0.2693961 0.2302745 0.9609173 -0.2768359 0 0.9609174 -0.2768357 0 0.9350932 -0.2693961 -0.2302749 0.9350943 -0.2693956 -0.2302713 0.8589789 -0.2474678 -0.4482354 0.8589799 -0.2474679 -0.4482336 0.7365841 -0.2122064 -0.6421934 0.7365836 -0.212206 -0.6421941 0.5744013 -0.1654817 -0.8016727 0.5744017 -0.1654822 -0.8016722 0.3811058 -0.1097948 -0.9179888 0.3811044 -0.1097941 -0.9179896 0.1671162 -0.04814547 -0.9847611 0.1671155 -0.04814511 -0.9847611 -0.05596005 0.01612162 -0.9983029 -0.05595844 0.0161215 -0.998303 -0.2759911 0.07951182 -0.9578658 -0.2759931 0.07951265 -0.9578652 -0.4810259 0.1385812 -0.8656844 -0.4810274 0.1385819 -0.8656834 -0.65997 0.1901347 -0.7268345 -0.6599712 0.1901347 -0.7268334 -0.8032166 0.2314023 -0.5489046 -0.8032148 0.2314025 -0.5489071 -0.9031333 0.2601874 -0.3415449 -0.9031329 0.2601888 -0.341545 -0.9544399 0.2749705 -0.1159126 -0.9544404 0.2749692 -0.1159117 -0.9544404 0.2749691 0.1159123 -0.9544399 0.2749705 0.115912 -0.903133 0.2601878 0.3415453 -0.8240749 0.140016 0.5489044 -0.6771086 0.1150445 0.7268348 -0.6771081 0.1150451 0.7268351 -0.4935178 0.08385205 0.8656842 -0.493517 0.08385211 0.8656846 -0.283159 0.04811054 0.9578656 -0.2831598 0.0481109 0.9578654 -0.05741328 0.009754896 0.9983029 -0.05741316 0.009754836 0.9983029 0.171456 -0.02913159 0.9847611 0.1714565 -0.02913165 0.9847609 0.3910026 -0.06643384 0.9179889 0.3910019 -0.06643396 0.9179891 0.5893186 -0.1001293 0.8016719 0.589318 -0.1001292 0.8016724 0.7557116 -0.1284007 0.6421942 0.7557117 -0.1284005 0.642194 0.8812858 -0.1497363 0.4482349 0.8812859 -0.1497367 0.4482346 0.9593768 -0.1630049 0.2302727 0.9593769 -0.1630046 0.2302725 0.9858711 -0.1675061 0 0.9858711 -0.1675059 0 0.9593771 -0.1630046 -0.230272 0.9593767 -0.1630048 -0.2302737 0.8812863 -0.1497366 -0.4482336 0.8812853 -0.1497364 -0.4482357 0.7557108 -0.1284003 -0.6421951 0.7557119 -0.1284006 -0.6421937 0.5893173 -0.1001291 -0.8016728 0.5893194 -0.1001294 -0.8016713 0.3910012 -0.0664339 -0.9179894 0.3910023 -0.06643396 -0.9179891 0.1714578 -0.02913165 -0.9847608 0.1714537 -0.02913147 -0.9847615 -0.05741482 0.009754717 -0.9983028 -0.05741131 0.009754717 -0.9983031 -0.2831591 0.04811054 -0.9578655 -0.2831587 0.04811066 -0.9578656 -0.4935178 0.08385211 -0.8656842 -0.4935191 0.08385205 -0.8656835 -0.6771094 0.1150442 -0.7268341 -0.6771078 0.1150458 -0.7268353 -0.8240748 0.140016 -0.5489047 -0.8240748 0.1400167 -0.5489044 -0.9265855 0.1574326 -0.3415469 -0.9265861 0.1574328 -0.3415453 -0.9792259 0.1663767 -0.1159118 -0.9792255 0.1663788 -0.1159121 -0.9792258 0.1663775 0.1159117 0.06351506 -0.997981 0 0.1675062 -0.9858711 0 0.1630045 -0.959376 0.2302765 0.2693969 -0.9350951 0.2302666 0.2474676 -0.8589788 0.4482356 0.3420856 -0.8258671 0.4482421 0.2933438 -0.7081931 0.6421931 0.3707917 -0.6708976 0.6421915 0.2891486 -0.5231755 0.8016737 0.3459093 -0.4875128 0.8016721 0.2295039 -0.3234552 0.9179896 0.2642773 -0.2957263 0.9179889 0.1158863 -0.1296772 0.9847611 0.1296773 -0.1158864 0.9847611 -0.04342305 0.03880524 0.9983029 -0.04749524 0.03369957 0.9983029 -0.2342433 0.1662046 0.9578654 -0.2513796 0.1389327 0.9578654 -0.4381294 0.2421458 0.8656836 -0.4624857 0.1915669 0.8656842 -0.6345331 0.2628317 0.7268338 -0.6599702 0.1901344 0.7268345 -0.8032152 0.2314032 0.5489063 -0.8240748 0.1400167 0.5489044 -0.9265859 0.1574326 0.3415458 -0.9383872 0.05269867 0.3415441 -0.9787766 0.05496764 0.197421 0.06944775 -0.9706067 0.2304341 0.163004 -0.9593772 0.2302715 0.149736 -0.8812853 0.4482359 0.2474668 -0.8589782 0.4482374 0.2122051 -0.736582 0.6421962 0.2933425 -0.7081918 0.6421951 0.2287541 -0.552261 0.8016728 0.2891492 -0.5231766 0.8016726 0.1918463 -0.3471196 0.9179885 0.2295053 -0.3234571 0.9179885 0.1006386 -0.1418368 0.9847611 0.1158863 -0.1296769 0.984761 -0.03880542 0.04342329 0.9983029 -0.04342335 0.0388053 0.9983029 -0.2141622 0.1913862 0.9578653 -0.2342434 0.1662043 0.9578655 -0.4082626 0.289677 0.8656842 -0.4381281 0.2421448 0.8656845 -0.6011149 0.3322259 0.7268335 -0.6345329 0.2628317 0.7268339 -0.7722563 0.3198803 0.5489051 -0.8032165 0.2314014 0.548905 -0.9031328 0.2601887 0.341545 -0.9265856 0.1574328 0.3415466 -0.9792256 0.1663779 0.1159124 -0.9927932 0.03116315 0.1157185 -0.9950275 0.05587863 0.08244937 -0.001351654 -0.1736476 0.984807 -0.001975357 -0.1645942 0.9863595 -0.003314673 -0.4759426 0.8794702 0 -0.4142774 0.9101508 0 -0.3058133 0.9520915 -0.002789974 -0.7357197 0.6772804 0 -0.6509652 0.7591077 0 -0.5584325 0.82955 -0.002892971 -0.9157704 0.4016919 8.76604e-5 -0.8936312 0.4488024 -9.00702e-5 -0.7660452 0.6427869 -0.003267765 -0.9965792 0.08257895 0 -0.9834499 0.1811802 0 -0.9557648 0.2941324 0 -0.9282127 -0.3720501 -0.002378165 -0.973043 -0.230612 -0.001245796 -0.9693985 -0.2454897 0 -0.995052 -0.09935647 0 -0.9998583 0.01684117 0 -0.8787446 -0.4772924 -0.003408551 -0.8371625 -0.5469438 0 -0.7881972 -0.6154229 0 -0.7114226 -0.7027645 -0.002284288 -0.6142113 -0.7891384 -8.93942e-4 -0.5971613 -0.8021208 -0.003211557 -0.3246979 -0.9458124 0 -0.3833891 -0.923587 0 -0.4880177 -0.8728339 -7.78782e-4 -0.08257812 -0.9965843 0 -0.1115277 -0.9937614 0 -0.2261463 -0.9740934 0 0.4364446 -0.8997313 -0.003552138 0.2868001 -0.9579839 -3.67579e-4 0.3246996 -0.9458172 0 0.1691437 -0.9855915 0 0.08257818 -0.9965847 0 0.08257871 -0.9965846 0 -0.02908664 -0.999577 0 0.5379496 -0.8429771 -0.003352224 0.6142078 -0.7891374 0 0.6693603 -0.742938 0 0.7510876 -0.6602028 -0.001629233 0.8371647 -0.5469484 -0.001846432 0.8354846 -0.5495107 -0.003380298 0.9693952 -0.2454823 0 0.9482759 -0.3174474 0 0.9050088 -0.4253929 -0.003244757 0.9932332 0.116093 0 0.9991462 -0.04131537 0 0.9875915 -0.1570455 -0.01292145 0.9711843 0.2379791 0 0.9965845 0.08257943 0 0.9370461 0.3492059 -0.003071069 0.9157699 0.4016917 0 0.8667867 0.4986792 0 0.8030368 0.5959297 -0.003145992 0.7357206 0.6772779 0 0.6940003 0.7199747 0 0.6056962 0.795696 -8.25245e-4 0.4759477 0.8794733 -0.002946734 0.4999965 0.8660225 0 -0.02908468 0.999577 0 0.08715569 0.9961947 -0.003399074 0.1645931 0.9863558 0 0.2499368 0.9682621 0 0.3606537 0.9326998</float_array>
          <technique_common>
            <accessor source="#pipe-mesh-normals-array" count="1933" stride="3">
              <param name="X" type="float"/>
              <param name="Y" type="float"/>
              <param name="Z" type="float"/>
            </accessor>
          </technique_common>
        </source>
        <vertices id="pipe-mesh-vertices">
          <input semantic="POSITION" source="#pipe-mesh-positions"/>
        </vertices>
        <triangles material="Material_001-material" count="2006">
          <input semantic="VERTEX" source="#pipe-mesh-vertices" offset="0"/>
          <input semantic="NORMAL" source="#pipe-mesh-normals" offset="1"/>
          <p>0 0 1 0 2 0 2 1 1 1 3 1 0 2 4 2 1 2 1 3 4 3 5 3 1 4 5 4 6 4 5 5 7 5 6 5 6 6 7 6 8 6 6 7 8 7 9 7 8 8 10 8 9 8 9 9 10 9 11 9 9 10 11 10 12 10 11 11 13 11 12 11 12 12 13 12 14 12 12 13 14 13 15 13 16 14 17 14 18 14 18 15 17 15 15 15 18 16 15 16 19 16 19 17 15 17 14 17 16 18 20 18 17 18 17 19 20 19 21 19 17 20 21 20 22 20 21 21 23 21 22 21 22 22 23 22 24 22 22 23 24 23 25 23 24 24 26 24 25 24 25 25 26 25 27 25 25 26 27 26 28 26 28 27 27 27 29 27 28 28 29 28 30 28 30 29 29 29 31 29 30 30 31 30 32 30 33 31 34 31 35 31 35 32 34 32 30 32 35 33 30 33 36 33 36 34 30 34 32 34 33 35 37 35 34 35 34 36 37 36 38 36 34 37 38 37 39 37 38 38 40 38 39 38 39 39 40 39 41 39 39 40 41 40 42 40 41 41 43 41 42 41 42 42 43 42 44 42 42 43 44 43 45 43 46 44 47 44 48 44 48 45 47 45 45 45 48 46 45 46 49 46 49 47 45 47 44 47 46 48 50 48 47 48 47 49 50 49 51 49 47 50 51 50 52 50 52 51 51 51 53 51 52 52 53 52 54 52 53 52 55 52 54 52 54 53 55 53 56 53 54 54 56 54 57 54 56 55 58 55 57 55 57 56 58 56 59 56 57 57 59 57 60 57 59 58 61 58 60 58 60 59 61 59 62 59 60 60 62 60 63 60 64 61 65 61 66 61 66 62 65 62 63 62 66 63 63 63 67 63 67 64 63 64 62 64 64 65 68 65 65 65 65 66 68 66 69 66 65 67 69 67 3 67 3 68 69 68 70 68 3 69 70 69 2 69 71 70 72 70 46 70 73 71 74 71 21 71 75 72 76 72 32 72 77 73 35 73 76 73 76 74 35 74 36 74 76 75 36 75 32 75 78 76 79 76 80 76 80 77 79 77 81 77 80 78 81 78 82 78 82 79 81 79 83 79 82 80 83 80 84 80 85 81 86 81 78 81 78 82 86 82 87 82 78 83 87 83 79 83 32 84 31 84 75 84 75 85 31 85 29 85 75 86 29 86 88 86 88 87 29 87 27 87 88 88 27 88 89 88 90 89 91 89 92 89 92 90 91 90 93 90 92 91 93 91 85 91 85 92 93 92 94 92 85 93 94 93 86 93 27 94 26 94 89 94 89 95 26 95 24 95 89 96 24 96 74 96 74 97 24 97 23 97 74 98 23 98 21 98 95 99 96 99 90 99 90 100 96 100 97 100 90 101 97 101 91 101 21 102 20 102 73 102 73 103 20 103 16 103 73 104 16 104 98 104 99 105 100 105 101 105 101 106 100 106 102 106 101 107 102 107 95 107 95 108 102 108 103 108 95 109 103 109 96 109 104 110 105 110 99 110 99 111 105 111 106 111 99 112 106 112 100 112 16 113 18 113 98 113 98 114 18 114 19 114 98 115 19 115 107 115 107 116 19 116 14 116 107 117 14 117 108 117 108 118 14 118 13 118 108 119 13 119 109 119 13 120 11 120 109 120 109 121 11 121 10 121 109 122 10 122 110 122 111 123 112 123 113 123 113 124 112 124 114 124 113 125 114 125 115 125 115 126 114 126 116 126 115 127 116 127 104 127 104 128 116 128 117 128 104 129 117 129 105 129 10 130 8 130 110 130 110 131 8 131 7 131 110 132 7 132 118 132 118 133 7 133 5 133 118 134 5 134 119 134 120 135 121 135 111 135 111 136 121 136 122 136 111 137 122 137 112 137 5 138 4 138 119 138 119 139 4 139 0 139 119 140 0 140 123 140 124 141 125 141 126 141 126 142 125 142 127 142 126 143 127 143 120 143 120 144 127 144 128 144 120 145 128 145 121 145 0 146 2 146 123 146 123 147 2 147 70 147 123 148 70 148 129 148 130 149 131 149 124 149 124 150 131 150 132 150 124 151 132 151 125 151 70 152 69 152 129 152 129 153 69 153 68 153 129 154 68 154 133 154 133 155 68 155 64 155 133 156 64 156 134 156 135 157 136 157 130 157 130 158 136 158 137 158 130 159 137 159 131 159 64 160 66 160 134 160 134 161 66 161 67 161 134 162 67 162 138 162 139 163 140 163 141 163 141 164 140 164 142 164 141 165 142 165 135 165 135 166 142 166 143 166 135 167 143 167 136 167 144 168 145 168 139 168 139 169 145 169 146 169 139 170 146 170 140 170 67 171 62 171 138 171 138 172 62 172 61 172 138 173 61 173 147 173 147 174 61 174 59 174 147 175 59 175 148 175 148 176 59 176 58 176 148 177 58 177 149 177 150 178 151 178 144 178 144 179 151 179 152 179 144 180 152 180 145 180 153 181 154 181 155 181 155 182 154 182 156 182 155 183 156 183 150 183 150 184 156 184 157 184 150 185 157 185 151 185 58 186 56 186 149 186 149 187 56 187 55 187 149 188 55 188 158 188 55 189 53 189 158 189 158 190 53 190 51 190 158 191 51 191 72 191 72 192 51 192 50 192 72 193 50 193 46 193 153 194 155 194 159 194 159 195 155 195 160 195 159 196 160 196 161 196 161 197 160 197 162 197 161 198 162 198 163 198 163 199 162 199 164 199 164 200 162 200 165 200 164 201 165 201 166 201 46 202 48 202 71 202 71 203 48 203 49 203 71 204 49 204 167 204 166 205 165 205 168 205 168 206 165 206 169 206 168 207 169 207 170 207 170 208 169 208 171 208 170 209 171 209 172 209 49 210 44 210 167 210 167 211 44 211 43 211 167 212 43 212 173 212 173 213 43 213 41 213 173 214 41 214 174 214 172 215 171 215 175 215 175 216 171 216 176 216 175 217 176 217 84 217 82 218 177 218 80 218 80 219 177 219 178 219 80 220 178 220 78 220 78 221 178 221 179 221 78 222 179 222 85 222 85 223 179 223 180 223 85 224 180 224 92 224 92 225 180 225 181 225 92 226 181 226 90 226 90 227 181 227 182 227 90 228 182 228 95 228 95 229 182 229 183 229 95 230 183 230 101 230 101 231 183 231 184 231 101 232 184 232 99 232 99 233 184 233 185 233 99 234 185 234 104 234 104 235 185 235 186 235 104 236 186 236 115 236 115 237 186 237 187 237 115 238 187 238 113 238 113 239 187 239 188 239 113 240 188 240 111 240 111 241 188 241 189 241 111 242 189 242 120 242 120 243 189 243 190 243 120 244 190 244 126 244 126 245 190 245 191 245 126 246 191 246 124 246 124 246 191 246 192 246 124 247 192 247 130 247 130 248 192 248 193 248 130 249 193 249 135 249 135 250 193 250 194 250 135 251 194 251 141 251 141 252 194 252 195 252 141 253 195 253 139 253 139 254 195 254 196 254 139 255 196 255 144 255 144 256 196 256 197 256 144 257 197 257 150 257 150 258 197 258 198 258 150 259 198 259 155 259 155 260 198 260 199 260 155 261 199 261 160 261 160 262 199 262 200 262 160 263 200 263 162 263 162 264 200 264 201 264 162 265 201 265 165 265 165 266 201 266 202 266 165 267 202 267 169 267 169 268 202 268 203 268 169 269 203 269 171 269 171 270 203 270 204 270 171 271 204 271 176 271 176 272 204 272 205 272 177 273 206 273 178 273 178 274 206 274 207 274 178 275 207 275 179 275 179 276 207 276 208 276 179 277 208 277 180 277 180 278 208 278 209 278 180 279 209 279 181 279 181 280 209 280 210 280 181 281 210 281 182 281 182 282 210 282 211 282 182 283 211 283 183 283 183 284 211 284 212 284 183 285 212 285 184 285 184 286 212 286 213 286 184 287 213 287 185 287 185 288 213 288 214 288 185 289 214 289 186 289 186 290 214 290 215 290 186 291 215 291 187 291 187 292 215 292 216 292 187 293 216 293 188 293 188 294 216 294 217 294 188 295 217 295 189 295 189 296 217 296 218 296 189 297 218 297 190 297 190 298 218 298 219 298 190 299 219 299 191 299 191 300 219 300 220 300 191 301 220 301 192 301 192 302 220 302 221 302 192 303 221 303 193 303 193 304 221 304 222 304 193 305 222 305 194 305 194 306 222 306 223 306 194 307 223 307 195 307 195 308 223 308 224 308 195 309 224 309 196 309 196 310 224 310 225 310 196 311 225 311 197 311 197 312 225 312 226 312 197 313 226 313 198 313 198 314 226 314 227 314 198 315 227 315 199 315 199 316 227 316 228 316 199 317 228 317 200 317 200 318 228 318 229 318 200 319 229 319 201 319 201 320 229 320 230 320 201 321 230 321 202 321 202 322 230 322 231 322 202 323 231 323 203 323 203 324 231 324 232 324 203 325 232 325 204 325 204 326 232 326 233 326 204 327 233 327 205 327 205 328 233 328 234 328 206 329 235 329 207 329 207 330 235 330 236 330 207 331 236 331 208 331 208 332 236 332 237 332 208 333 237 333 209 333 209 334 237 334 238 334 209 335 238 335 210 335 210 336 238 336 239 336 210 337 239 337 211 337 211 338 239 338 240 338 211 339 240 339 212 339 212 340 240 340 241 340 212 341 241 341 213 341 213 342 241 342 242 342 213 343 242 343 214 343 214 344 242 344 243 344 214 345 243 345 215 345 215 346 243 346 244 346 215 347 244 347 216 347 216 348 244 348 245 348 216 349 245 349 217 349 217 350 245 350 246 350 217 351 246 351 218 351 218 352 246 352 247 352 218 353 247 353 219 353 219 354 247 354 248 354 219 355 248 355 220 355 220 356 248 356 249 356 220 357 249 357 221 357 221 358 249 358 250 358 221 359 250 359 222 359 222 360 250 360 251 360 222 361 251 361 223 361 223 362 251 362 252 362 223 363 252 363 224 363 224 364 252 364 253 364 224 365 253 365 225 365 225 366 253 366 254 366 225 367 254 367 226 367 226 368 254 368 255 368 226 369 255 369 227 369 227 370 255 370 256 370 227 371 256 371 228 371 228 372 256 372 257 372 228 373 257 373 229 373 229 374 257 374 258 374 229 375 258 375 230 375 230 376 258 376 259 376 230 377 259 377 231 377 231 378 259 378 260 378 231 379 260 379 232 379 232 380 260 380 261 380 232 381 261 381 233 381 233 382 261 382 262 382 233 383 262 383 234 383 234 384 262 384 263 384 235 385 264 385 236 385 236 386 264 386 265 386 236 387 265 387 237 387 237 388 265 388 266 388 237 389 266 389 238 389 238 390 266 390 267 390 238 391 267 391 239 391 239 392 267 392 268 392 239 393 268 393 240 393 240 394 268 394 269 394 240 395 269 395 241 395 241 396 269 396 270 396 241 397 270 397 242 397 242 398 270 398 271 398 242 399 271 399 243 399 243 400 271 400 272 400 243 401 272 401 244 401 244 402 272 402 273 402 244 403 273 403 245 403 245 404 273 404 274 404 245 405 274 405 246 405 246 406 274 406 275 406 246 407 275 407 247 407 247 408 275 408 276 408 247 409 276 409 248 409 248 410 276 410 277 410 248 411 277 411 249 411 249 412 277 412 278 412 249 413 278 413 250 413 250 414 278 414 279 414 250 415 279 415 251 415 251 416 279 416 280 416 251 417 280 417 252 417 252 418 280 418 281 418 252 419 281 419 253 419 253 420 281 420 282 420 253 421 282 421 254 421 254 422 282 422 283 422 254 423 283 423 255 423 255 424 283 424 284 424 255 425 284 425 256 425 256 426 284 426 285 426 256 427 285 427 257 427 257 428 285 428 286 428 257 429 286 429 258 429 258 430 286 430 287 430 258 431 287 431 259 431 259 432 287 432 288 432 259 433 288 433 260 433 260 434 288 434 289 434 260 435 289 435 261 435 261 436 289 436 290 436 261 437 290 437 262 437 262 438 290 438 291 438 262 439 291 439 263 439 263 440 291 440 292 440 264 441 293 441 265 441 265 442 293 442 294 442 265 443 294 443 266 443 266 444 294 444 295 444 266 445 295 445 267 445 267 446 295 446 296 446 267 447 296 447 268 447 268 448 296 448 297 448 268 449 297 449 269 449 269 450 297 450 298 450 269 451 298 451 270 451 270 452 298 452 299 452 270 453 299 453 271 453 271 454 299 454 300 454 271 455 300 455 272 455 272 456 300 456 301 456 272 457 301 457 273 457 273 458 301 458 302 458 273 459 302 459 274 459 274 460 302 460 303 460 274 461 303 461 275 461 275 462 303 462 304 462 275 463 304 463 276 463 276 464 304 464 305 464 276 465 305 465 277 465 277 466 305 466 306 466 277 467 306 467 278 467 278 468 306 468 307 468 278 469 307 469 279 469 279 470 307 470 308 470 279 471 308 471 280 471 280 472 308 472 309 472 280 473 309 473 281 473 281 474 309 474 310 474 281 475 310 475 282 475 282 476 310 476 311 476 282 477 311 477 283 477 283 478 311 478 312 478 283 479 312 479 284 479 284 480 312 480 313 480 284 481 313 481 285 481 285 482 313 482 314 482 285 483 314 483 286 483 286 484 314 484 315 484 286 485 315 485 287 485 287 486 315 486 316 486 287 487 316 487 288 487 288 488 316 488 317 488 288 489 317 489 289 489 289 490 317 490 318 490 289 491 318 491 290 491 290 492 318 492 319 492 290 493 319 493 291 493 291 494 319 494 320 494 291 495 320 495 292 495 292 496 320 496 321 496 293 497 322 497 294 497 294 498 322 498 323 498 294 499 323 499 295 499 295 500 323 500 324 500 295 501 324 501 296 501 296 502 324 502 325 502 296 503 325 503 297 503 297 504 325 504 326 504 297 505 326 505 298 505 298 506 326 506 327 506 298 507 327 507 299 507 299 508 327 508 328 508 299 509 328 509 300 509 300 510 328 510 329 510 300 511 329 511 301 511 301 512 329 512 330 512 301 513 330 513 302 513 302 514 330 514 331 514 302 515 331 515 303 515 303 516 331 516 332 516 303 517 332 517 304 517 304 518 332 518 333 518 304 519 333 519 305 519 305 520 333 520 334 520 305 521 334 521 306 521 306 522 334 522 335 522 306 523 335 523 307 523 307 524 335 524 336 524 307 525 336 525 308 525 308 526 336 526 337 526 308 527 337 527 309 527 309 528 337 528 338 528 309 529 338 529 310 529 310 530 338 530 339 530 310 531 339 531 311 531 311 532 339 532 340 532 311 533 340 533 312 533 312 534 340 534 341 534 312 535 341 535 313 535 313 536 341 536 342 536 313 537 342 537 314 537 314 538 342 538 343 538 314 539 343 539 315 539 315 540 343 540 344 540 315 541 344 541 316 541 316 542 344 542 345 542 316 543 345 543 317 543 317 544 345 544 346 544 317 545 346 545 318 545 318 546 346 546 347 546 318 547 347 547 319 547 319 548 347 548 348 548 319 549 348 549 320 549 320 550 348 550 349 550 320 551 349 551 321 551 321 552 349 552 350 552 322 553 351 553 323 553 323 554 351 554 352 554 323 555 352 555 324 555 324 556 352 556 353 556 324 557 353 557 325 557 325 558 353 558 354 558 325 559 354 559 326 559 326 560 354 560 355 560 326 561 355 561 327 561 327 562 355 562 356 562 327 563 356 563 328 563 328 564 356 564 357 564 328 565 357 565 329 565 329 566 357 566 358 566 329 567 358 567 330 567 330 568 358 568 359 568 330 569 359 569 331 569 331 570 359 570 360 570 331 571 360 571 332 571 332 572 360 572 361 572 332 573 361 573 333 573 333 574 361 574 362 574 333 575 362 575 334 575 334 576 362 576 363 576 334 577 363 577 335 577 335 578 363 578 364 578 335 579 364 579 336 579 336 580 364 580 365 580 336 581 365 581 337 581 337 581 365 581 366 581 337 582 366 582 338 582 338 583 366 583 367 583 338 584 367 584 339 584 339 585 367 585 368 585 339 586 368 586 340 586 340 587 368 587 369 587 340 588 369 588 341 588 341 589 369 589 370 589 341 590 370 590 342 590 342 591 370 591 371 591 342 592 371 592 343 592 343 593 371 593 372 593 343 594 372 594 344 594 344 595 372 595 373 595 344 596 373 596 345 596 345 597 373 597 374 597 345 598 374 598 346 598 346 599 374 599 375 599 346 600 375 600 347 600 347 601 375 601 376 601 347 602 376 602 348 602 348 603 376 603 377 603 348 604 377 604 349 604 349 605 377 605 378 605 349 606 378 606 350 606 350 607 378 607 379 607 351 608 380 608 352 608 352 609 380 609 381 609 352 610 381 610 353 610 353 611 381 611 382 611 353 612 382 612 354 612 354 613 382 613 383 613 354 614 383 614 355 614 355 615 383 615 384 615 355 616 384 616 356 616 356 617 384 617 385 617 356 618 385 618 357 618 357 619 385 619 386 619 357 620 386 620 358 620 358 621 386 621 387 621 358 622 387 622 359 622 359 623 387 623 388 623 359 624 388 624 360 624 360 625 388 625 389 625 360 626 389 626 361 626 361 627 389 627 390 627 361 628 390 628 362 628 362 629 390 629 391 629 362 630 391 630 363 630 363 631 391 631 392 631 363 632 392 632 364 632 364 633 392 633 393 633 364 634 393 634 365 634 365 635 393 635 394 635 365 636 394 636 366 636 366 637 394 637 395 637 366 638 395 638 367 638 367 639 395 639 396 639 367 640 396 640 368 640 368 641 396 641 397 641 368 642 397 642 369 642 369 643 397 643 398 643 369 644 398 644 370 644 370 645 398 645 399 645 370 646 399 646 371 646 371 647 399 647 400 647 371 648 400 648 372 648 372 649 400 649 401 649 372 650 401 650 373 650 373 651 401 651 402 651 373 652 402 652 374 652 374 653 402 653 403 653 374 654 403 654 375 654 375 655 403 655 404 655 375 656 404 656 376 656 376 657 404 657 405 657 376 658 405 658 377 658 377 659 405 659 406 659 377 660 406 660 378 660 378 661 406 661 407 661 378 662 407 662 379 662 379 663 407 663 408 663 380 664 409 664 381 664 381 665 409 665 410 665 381 666 410 666 382 666 382 667 410 667 411 667 382 668 411 668 383 668 383 669 411 669 412 669 383 670 412 670 384 670 384 671 412 671 413 671 384 672 413 672 385 672 385 673 413 673 414 673 385 674 414 674 386 674 386 675 414 675 415 675 386 676 415 676 387 676 387 677 415 677 416 677 387 678 416 678 388 678 388 679 416 679 417 679 388 680 417 680 389 680 389 681 417 681 418 681 389 682 418 682 390 682 390 683 418 683 419 683 390 684 419 684 391 684 391 685 419 685 420 685 391 686 420 686 392 686 392 687 420 687 421 687 392 688 421 688 393 688 393 689 421 689 422 689 393 690 422 690 394 690 394 691 422 691 423 691 394 692 423 692 395 692 395 693 423 693 424 693 395 694 424 694 396 694 396 695 424 695 425 695 396 696 425 696 397 696 397 697 425 697 426 697 397 698 426 698 398 698 398 699 426 699 427 699 398 700 427 700 399 700 399 701 427 701 428 701 399 702 428 702 400 702 400 703 428 703 429 703 400 704 429 704 401 704 401 705 429 705 430 705 401 706 430 706 402 706 402 707 430 707 431 707 402 708 431 708 403 708 403 709 431 709 432 709 403 710 432 710 404 710 404 711 432 711 433 711 404 712 433 712 405 712 405 713 433 713 434 713 405 714 434 714 406 714 406 715 434 715 435 715 406 716 435 716 407 716 407 717 435 717 436 717 407 718 436 718 408 718 408 719 436 719 437 719 409 720 438 720 410 720 410 721 438 721 439 721 410 722 439 722 411 722 411 723 439 723 440 723 411 724 440 724 412 724 412 725 440 725 441 725 412 726 441 726 413 726 413 727 441 727 442 727 413 728 442 728 414 728 414 729 442 729 443 729 414 730 443 730 415 730 415 731 443 731 444 731 415 732 444 732 416 732 416 733 444 733 445 733 416 734 445 734 417 734 417 735 445 735 446 735 417 736 446 736 418 736 418 737 446 737 447 737 418 738 447 738 419 738 419 739 447 739 448 739 419 740 448 740 420 740 420 741 448 741 449 741 420 742 449 742 421 742 421 743 449 743 450 743 421 744 450 744 422 744 422 745 450 745 451 745 422 746 451 746 423 746 423 747 451 747 452 747 423 748 452 748 424 748 424 749 452 749 453 749 424 750 453 750 425 750 425 751 453 751 454 751 425 752 454 752 426 752 426 753 454 753 455 753 426 754 455 754 427 754 427 755 455 755 456 755 427 756 456 756 428 756 428 757 456 757 457 757 428 758 457 758 429 758 429 759 457 759 458 759 429 760 458 760 430 760 430 761 458 761 459 761 430 762 459 762 431 762 431 763 459 763 460 763 431 764 460 764 432 764 432 765 460 765 461 765 432 766 461 766 433 766 433 767 461 767 462 767 433 768 462 768 434 768 434 769 462 769 463 769 434 770 463 770 435 770 435 771 463 771 464 771 435 772 464 772 436 772 436 773 464 773 465 773 436 774 465 774 437 774 437 775 465 775 466 775 438 776 467 776 439 776 439 777 467 777 468 777 439 778 468 778 440 778 440 779 468 779 469 779 440 780 469 780 441 780 441 781 469 781 470 781 441 782 470 782 442 782 442 783 470 783 471 783 442 784 471 784 443 784 443 785 471 785 472 785 443 786 472 786 444 786 444 787 472 787 473 787 444 788 473 788 445 788 445 789 473 789 474 789 445 790 474 790 446 790 446 791 474 791 475 791 446 792 475 792 447 792 447 793 475 793 476 793 447 794 476 794 448 794 448 795 476 795 477 795 448 796 477 796 449 796 449 797 477 797 478 797 449 798 478 798 450 798 450 799 478 799 479 799 450 800 479 800 451 800 451 801 479 801 480 801 451 802 480 802 452 802 452 803 480 803 481 803 452 804 481 804 453 804 453 805 481 805 482 805 453 806 482 806 454 806 454 807 482 807 483 807 454 808 483 808 455 808 455 809 483 809 484 809 455 810 484 810 456 810 456 811 484 811 485 811 456 812 485 812 457 812 457 813 485 813 486 813 457 814 486 814 458 814 458 815 486 815 487 815 458 816 487 816 459 816 459 817 487 817 488 817 459 818 488 818 460 818 460 819 488 819 489 819 460 820 489 820 461 820 461 821 489 821 490 821 461 822 490 822 462 822 462 823 490 823 491 823 462 824 491 824 463 824 463 825 491 825 492 825 463 826 492 826 464 826 464 827 492 827 493 827 464 828 493 828 465 828 465 829 493 829 494 829 465 830 494 830 466 830 466 831 494 831 495 831 467 832 77 832 468 832 468 833 77 833 76 833 468 834 76 834 469 834 469 835 76 835 75 835 469 836 75 836 470 836 470 837 75 837 88 837 470 838 88 838 471 838 471 839 88 839 89 839 471 840 89 840 472 840 472 841 89 841 74 841 472 842 74 842 473 842 473 843 74 843 73 843 473 844 73 844 474 844 474 845 73 845 98 845 474 846 98 846 475 846 475 847 98 847 107 847 475 848 107 848 476 848 476 849 107 849 108 849 476 850 108 850 477 850 477 851 108 851 109 851 477 852 109 852 478 852 478 853 109 853 110 853 478 854 110 854 479 854 479 855 110 855 118 855 479 856 118 856 480 856 480 857 118 857 119 857 480 858 119 858 481 858 481 859 119 859 123 859 481 860 123 860 482 860 482 860 123 860 129 860 482 861 129 861 483 861 483 862 129 862 133 862 483 863 133 863 484 863 484 864 133 864 134 864 484 865 134 865 485 865 485 866 134 866 138 866 485 867 138 867 486 867 486 868 138 868 147 868 486 869 147 869 487 869 487 870 147 870 148 870 487 871 148 871 488 871 488 872 148 872 149 872 488 873 149 873 489 873 489 874 149 874 158 874 489 875 158 875 490 875 490 876 158 876 72 876 490 877 72 877 491 877 491 878 72 878 71 878 491 879 71 879 492 879 492 880 71 880 167 880 492 881 167 881 493 881 493 882 167 882 173 882 493 883 173 883 494 883 494 884 173 884 174 884 494 885 174 885 495 885 495 886 174 886 496 886 41 887 40 887 174 887 174 888 40 888 38 888 174 889 38 889 496 889 496 890 38 890 37 890 496 891 37 891 33 891 84 892 176 892 82 892 82 893 176 893 205 893 82 894 205 894 177 894 177 895 205 895 234 895 177 896 234 896 206 896 206 897 234 897 263 897 206 898 263 898 235 898 235 899 263 899 292 899 235 900 292 900 264 900 264 901 292 901 321 901 264 902 321 902 293 902 293 903 321 903 350 903 293 904 350 904 322 904 322 905 350 905 379 905 322 906 379 906 351 906 351 907 379 907 408 907 351 908 408 908 380 908 380 909 408 909 437 909 380 910 437 910 409 910 409 911 437 911 466 911 409 912 466 912 438 912 438 913 466 913 495 913 438 914 495 914 467 914 467 915 495 915 496 915 467 916 496 916 77 916 77 917 496 917 33 917 77 918 33 918 35 918 96 919 103 919 497 919 497 920 103 920 102 920 497 921 102 921 498 921 96 922 497 922 97 922 97 923 497 923 499 923 97 924 499 924 91 924 91 925 499 925 93 925 93 926 499 926 500 926 93 927 500 927 94 927 94 928 500 928 86 928 86 929 500 929 501 929 86 930 501 930 87 930 502 931 81 931 501 931 501 932 81 932 79 932 501 933 79 933 87 933 503 934 84 934 502 934 502 935 84 935 83 935 502 936 83 936 81 936 504 937 172 937 503 937 503 938 172 938 175 938 503 939 175 939 84 939 505 940 168 940 504 940 504 941 168 941 170 941 504 942 170 942 172 942 161 943 163 943 506 943 506 944 163 944 164 944 506 945 164 945 505 945 505 946 164 946 166 946 505 947 166 947 168 947 161 948 506 948 159 948 159 949 506 949 507 949 159 950 507 950 153 950 153 951 507 951 154 951 154 952 507 952 508 952 154 953 508 953 156 953 156 954 508 954 157 954 157 955 508 955 509 955 157 956 509 956 151 956 151 957 509 957 510 957 151 958 510 958 152 958 142 959 140 959 511 959 511 960 140 960 146 960 511 961 146 961 510 961 510 962 146 962 145 962 510 963 145 963 152 963 142 964 511 964 143 964 143 965 511 965 512 965 143 966 512 966 136 966 136 967 512 967 137 967 137 968 512 968 513 968 137 969 513 969 131 969 131 970 513 970 132 970 132 971 513 971 514 971 132 972 514 972 125 972 125 973 514 973 127 973 127 974 514 974 515 974 127 975 515 975 128 975 516 976 122 976 515 976 515 977 122 977 121 977 515 978 121 978 128 978 517 979 114 979 516 979 516 980 114 980 112 980 516 981 112 981 122 981 518 982 117 982 517 982 517 983 117 983 116 983 517 984 116 984 114 984 102 985 100 985 498 985 498 986 100 986 106 986 498 987 106 987 518 987 518 988 106 988 105 988 518 989 105 989 117 989 519 990 17 990 520 990 520 990 17 990 22 990 520 990 22 990 521 990 521 990 22 990 25 990 521 990 25 990 522 990 522 990 25 990 28 990 522 990 28 990 523 990 523 990 28 990 30 990 523 990 30 990 524 990 524 990 30 990 34 990 524 990 34 990 525 990 525 990 34 990 39 990 525 990 39 990 526 990 526 990 39 990 42 990 526 990 42 990 527 990 527 990 42 990 45 990 527 990 45 990 528 990 45 990 47 990 528 990 528 990 47 990 52 990 528 990 52 990 529 990 529 990 52 990 54 990 529 990 54 990 530 990 530 990 54 990 57 990 530 990 57 990 531 990 531 990 57 990 60 990 531 990 60 990 532 990 532 990 60 990 63 990 532 990 63 990 533 990 533 990 63 990 65 990 533 990 65 990 534 990 534 990 65 990 3 990 534 990 3 990 535 990 535 990 3 990 1 990 535 990 1 990 536 990 536 990 1 990 6 990 536 990 6 990 537 990 537 990 6 990 9 990 537 990 9 990 538 990 538 990 9 990 12 990 538 990 12 990 519 990 519 990 12 990 15 990 519 990 15 990 17 990 539 991 502 991 540 991 540 992 502 992 501 992 540 993 501 993 541 993 541 992 501 992 500 992 541 992 500 992 542 992 542 992 500 992 499 992 542 994 499 994 543 994 543 995 499 995 497 995 543 992 497 992 544 992 544 996 497 996 498 996 544 997 498 997 545 997 545 992 498 992 518 992 545 992 518 992 546 992 546 992 518 992 517 992 546 992 517 992 547 992 547 992 517 992 516 992 547 998 516 998 548 998 548 992 516 992 515 992 548 999 515 999 549 999 515 992 514 992 549 992 549 992 514 992 513 992 549 992 513 992 550 992 550 1000 513 1000 512 1000 550 992 512 992 551 992 551 992 512 992 511 992 551 1001 511 1001 552 1001 552 992 511 992 510 992 552 992 510 992 553 992 553 992 510 992 509 992 553 992 509 992 554 992 554 1002 509 1002 508 1002 554 992 508 992 555 992 555 1003 508 1003 507 1003 555 992 507 992 556 992 556 992 507 992 506 992 556 992 506 992 557 992 557 992 506 992 505 992 557 992 505 992 558 992 558 992 505 992 504 992 558 1004 504 1004 539 1004 539 992 504 992 503 992 539 992 503 992 502 992 534 1005 559 1005 533 1005 533 1006 559 1006 560 1006 533 1007 560 1007 532 1007 532 1008 560 1008 561 1008 532 1009 561 1009 562 1009 563 1010 531 1010 564 1010 564 1011 531 1011 532 1011 564 1012 532 1012 565 1012 565 1013 532 1013 562 1013 563 1014 566 1014 531 1014 531 1015 566 1015 567 1015 531 1016 567 1016 530 1016 568 1017 528 1017 569 1017 569 1018 528 1018 529 1018 569 1019 529 1019 570 1019 570 1020 529 1020 530 1020 570 1021 530 1021 571 1021 571 1022 530 1022 567 1022 568 1023 572 1023 528 1023 528 1024 572 1024 573 1024 528 1025 573 1025 527 1025 573 1026 574 1026 527 1026 527 1027 574 1027 575 1027 527 1028 575 1028 526 1028 575 1029 576 1029 526 1029 526 1030 576 1030 577 1030 526 1031 577 1031 525 1031 578 1032 524 1032 579 1032 579 1033 524 1033 525 1033 579 1034 525 1034 580 1034 580 1035 525 1035 577 1035 581 1036 523 1036 582 1036 582 1037 523 1037 524 1037 582 1038 524 1038 583 1038 583 1039 524 1039 578 1039 581 1040 584 1040 523 1040 523 1041 584 1041 585 1041 523 1042 585 1042 522 1042 585 1043 586 1043 522 1043 522 1044 586 1044 587 1044 522 1045 587 1045 521 1045 587 1046 588 1046 521 1046 521 1047 588 1047 589 1047 521 1048 589 1048 520 1048 520 1049 589 1049 590 1049 520 1050 590 1050 519 1050 519 1051 590 1051 591 1051 519 1052 591 1052 592 1052 592 1053 593 1053 519 1053 519 1054 593 1054 594 1054 519 1055 594 1055 538 1055 595 1056 537 1056 596 1056 596 1057 537 1057 538 1057 596 1058 538 1058 597 1058 597 1059 538 1059 594 1059 595 1060 598 1060 537 1060 537 1061 598 1061 599 1061 537 1062 599 1062 536 1062 600 1063 535 1063 601 1063 601 1064 535 1064 536 1064 601 1065 536 1065 602 1065 602 1066 536 1066 599 1066 600 1067 603 1067 535 1067 535 1068 603 1068 604 1068 535 1069 604 1069 534 1069 534 1070 604 1070 605 1070 534 1071 605 1071 559 1071 606 1072 585 1072 584 1072 607 1073 582 1073 608 1073 608 1074 582 1074 583 1074 609 1075 610 1075 611 1075 611 1076 610 1076 612 1076 611 1077 612 1077 613 1077 613 1078 612 1078 614 1078 613 1079 614 1079 615 1079 615 1080 614 1080 616 1080 615 1081 616 1081 617 1081 617 1082 616 1082 618 1082 583 1083 578 1083 608 1083 608 1084 578 1084 579 1084 608 1085 579 1085 619 1085 619 1086 579 1086 580 1086 619 1087 580 1087 620 1087 620 1088 580 1088 577 1088 620 1089 577 1089 621 1089 577 1090 576 1090 621 1090 621 1091 576 1091 575 1091 621 1092 575 1092 622 1092 622 1093 575 1093 574 1093 609 1094 611 1094 623 1094 623 1095 611 1095 624 1095 623 1096 624 1096 625 1096 625 1097 624 1097 626 1097 625 1098 626 1098 627 1098 627 1099 626 1099 628 1099 627 1100 628 1100 629 1100 630 1101 631 1101 628 1101 628 1102 631 1102 632 1102 628 1103 632 1103 629 1103 574 1104 573 1104 622 1104 622 1105 573 1105 572 1105 622 1106 572 1106 633 1106 633 1107 572 1107 568 1107 633 1108 568 1108 634 1108 634 1109 568 1109 569 1109 635 1110 636 1110 630 1110 630 1111 636 1111 637 1111 630 1112 637 1112 631 1112 569 1113 570 1113 634 1113 634 1114 570 1114 571 1114 634 1115 571 1115 638 1115 639 1116 640 1116 641 1116 641 1117 640 1117 642 1117 641 1118 642 1118 635 1118 635 1119 642 1119 643 1119 635 1120 643 1120 636 1120 571 1121 567 1121 638 1121 638 1122 567 1122 566 1122 638 1123 566 1123 644 1123 644 1124 566 1124 563 1124 644 1125 563 1125 645 1125 646 1126 647 1126 639 1126 639 1127 647 1127 648 1127 639 1128 648 1128 640 1128 563 1129 564 1129 645 1129 645 1130 564 1130 565 1130 645 1131 565 1131 649 1131 650 1132 651 1132 652 1132 652 1133 651 1133 653 1133 652 1134 653 1134 654 1134 654 1135 653 1135 655 1135 654 1136 655 1136 646 1136 646 1137 655 1137 656 1137 646 1138 656 1138 647 1138 565 1139 562 1139 649 1139 649 1140 562 1140 561 1140 649 1141 561 1141 657 1141 657 1142 561 1142 560 1142 657 1143 560 1143 658 1143 659 1144 660 1144 661 1144 661 1145 660 1145 650 1145 560 1146 559 1146 658 1146 658 1147 559 1147 605 1147 658 1148 605 1148 662 1148 605 1149 604 1149 662 1149 662 1150 604 1150 603 1150 662 1151 603 1151 663 1151 664 1152 665 1152 666 1152 666 1153 665 1153 667 1153 666 1154 667 1154 668 1154 668 1155 667 1155 659 1155 603 1156 600 1156 663 1156 663 1157 600 1157 601 1157 663 1158 601 1158 669 1158 669 1159 601 1159 602 1159 669 1160 602 1160 670 1160 671 1161 672 1161 664 1161 664 1162 672 1162 673 1162 664 1163 673 1163 665 1163 602 1164 599 1164 670 1164 670 1165 599 1165 598 1165 670 1166 598 1166 674 1166 675 1167 676 1167 677 1167 677 1168 676 1168 678 1168 677 1169 678 1169 679 1169 679 1170 678 1170 680 1170 679 1171 680 1171 671 1171 671 1172 680 1172 681 1172 671 1173 681 1173 672 1173 598 1174 595 1174 674 1174 674 1175 595 1175 596 1175 674 1176 596 1176 682 1176 682 1177 596 1177 597 1177 682 1178 597 1178 683 1178 683 1179 597 1179 594 1179 683 1180 594 1180 684 1180 684 1181 594 1181 593 1181 675 1182 677 1182 685 1182 685 1183 677 1183 686 1183 685 1184 686 1184 687 1184 687 1185 686 1185 688 1185 687 1186 688 1186 689 1186 689 1187 688 1187 690 1187 689 1188 690 1188 691 1188 593 1189 592 1189 684 1189 684 1190 592 1190 591 1190 684 1191 591 1191 692 1191 692 1192 591 1192 590 1192 692 1193 590 1193 693 1193 694 1194 695 1194 690 1194 690 1195 695 1195 696 1195 690 1196 696 1196 691 1196 590 1197 589 1197 693 1197 693 1198 589 1198 588 1198 693 1199 588 1199 697 1199 697 1200 588 1200 587 1200 697 1201 587 1201 606 1201 606 1202 587 1202 586 1202 606 1203 586 1203 585 1203 618 1204 698 1204 617 1204 617 1205 698 1205 699 1205 617 1206 699 1206 700 1206 700 1207 699 1207 701 1207 700 1208 701 1208 702 1208 702 1209 701 1209 703 1209 702 1210 703 1210 694 1210 694 1211 703 1211 704 1211 694 1212 704 1212 695 1212 705 1213 652 1213 706 1213 706 1214 652 1214 654 1214 706 1215 654 1215 707 1215 707 1216 654 1216 646 1216 707 1217 646 1217 708 1217 708 1218 646 1218 639 1218 708 1219 639 1219 709 1219 709 1220 639 1220 641 1220 709 1221 641 1221 710 1221 710 1222 641 1222 635 1222 710 1223 635 1223 711 1223 711 1224 635 1224 630 1224 711 1225 630 1225 712 1225 712 1226 630 1226 628 1226 712 1227 628 1227 713 1227 713 1228 628 1228 626 1228 713 1229 626 1229 714 1229 714 1230 626 1230 624 1230 714 1231 624 1231 715 1231 715 1232 624 1232 611 1232 715 1233 611 1233 716 1233 716 1234 611 1234 613 1234 716 1235 613 1235 717 1235 717 1236 613 1236 615 1236 717 1237 615 1237 718 1237 718 1238 615 1238 617 1238 718 1239 617 1239 719 1239 719 1240 617 1240 700 1240 719 1241 700 1241 720 1241 720 1242 700 1242 702 1242 720 1243 702 1243 721 1243 721 1244 702 1244 694 1244 721 1245 694 1245 722 1245 722 1246 694 1246 690 1246 722 1247 690 1247 723 1247 723 1248 690 1248 688 1248 723 1249 688 1249 724 1249 724 1250 688 1250 686 1250 724 1251 686 1251 725 1251 725 1252 686 1252 677 1252 725 1253 677 1253 726 1253 726 1254 677 1254 679 1254 726 1255 679 1255 727 1255 727 1256 679 1256 671 1256 727 1257 671 1257 728 1257 728 1258 671 1258 664 1258 728 1259 664 1259 729 1259 729 1260 664 1260 666 1260 729 1261 666 1261 730 1261 730 1262 666 1262 668 1262 731 1263 705 1263 732 1263 732 1264 705 1264 706 1264 732 1265 706 1265 733 1265 733 1266 706 1266 707 1266 733 1267 707 1267 734 1267 734 1268 707 1268 708 1268 734 1269 708 1269 735 1269 735 1270 708 1270 709 1270 735 1271 709 1271 736 1271 736 1272 709 1272 710 1272 736 1273 710 1273 737 1273 737 1274 710 1274 711 1274 737 1275 711 1275 738 1275 738 1276 711 1276 712 1276 738 1277 712 1277 739 1277 739 1278 712 1278 713 1278 739 1279 713 1279 740 1279 740 1280 713 1280 714 1280 740 1281 714 1281 741 1281 741 1282 714 1282 715 1282 741 1283 715 1283 742 1283 742 1284 715 1284 716 1284 742 1285 716 1285 743 1285 743 1286 716 1286 717 1286 743 1287 717 1287 744 1287 744 1288 717 1288 718 1288 744 1289 718 1289 745 1289 745 1290 718 1290 719 1290 745 1291 719 1291 746 1291 746 1292 719 1292 720 1292 746 1293 720 1293 747 1293 747 1294 720 1294 721 1294 747 1295 721 1295 748 1295 748 1296 721 1296 722 1296 748 1297 722 1297 749 1297 749 1298 722 1298 723 1298 749 1299 723 1299 750 1299 750 1300 723 1300 724 1300 750 1301 724 1301 751 1301 751 1302 724 1302 725 1302 751 1303 725 1303 752 1303 752 1304 725 1304 726 1304 752 1305 726 1305 753 1305 753 1306 726 1306 727 1306 753 1307 727 1307 754 1307 754 1308 727 1308 728 1308 754 1309 728 1309 755 1309 755 1310 728 1310 729 1310 755 1311 729 1311 756 1311 756 1312 729 1312 730 1312 757 1313 731 1313 758 1313 758 1314 731 1314 732 1314 758 1315 732 1315 759 1315 759 1316 732 1316 733 1316 759 1317 733 1317 760 1317 760 1318 733 1318 734 1318 760 1319 734 1319 761 1319 761 1320 734 1320 735 1320 761 1321 735 1321 762 1321 762 1322 735 1322 736 1322 762 1323 736 1323 763 1323 763 1324 736 1324 737 1324 763 1325 737 1325 764 1325 764 1326 737 1326 738 1326 764 1327 738 1327 765 1327 765 1328 738 1328 739 1328 765 1329 739 1329 766 1329 766 1330 739 1330 740 1330 766 1331 740 1331 767 1331 767 1332 740 1332 741 1332 767 1333 741 1333 768 1333 768 1334 741 1334 742 1334 768 1335 742 1335 769 1335 769 1336 742 1336 743 1336 769 1337 743 1337 770 1337 770 1338 743 1338 744 1338 770 1339 744 1339 771 1339 771 1340 744 1340 745 1340 771 1341 745 1341 772 1341 772 1342 745 1342 746 1342 772 1343 746 1343 773 1343 773 1344 746 1344 747 1344 773 1345 747 1345 774 1345 774 1346 747 1346 748 1346 774 1347 748 1347 775 1347 775 1348 748 1348 749 1348 775 1349 749 1349 776 1349 776 1350 749 1350 750 1350 776 1351 750 1351 777 1351 777 1352 750 1352 751 1352 777 1353 751 1353 778 1353 778 1354 751 1354 752 1354 778 1355 752 1355 779 1355 779 1356 752 1356 753 1356 779 1357 753 1357 780 1357 780 1358 753 1358 754 1358 780 1359 754 1359 781 1359 781 1360 754 1360 755 1360 781 1361 755 1361 782 1361 782 1362 755 1362 756 1362 783 1363 757 1363 784 1363 784 1364 757 1364 758 1364 784 1365 758 1365 785 1365 785 1366 758 1366 759 1366 785 1367 759 1367 786 1367 786 1368 759 1368 760 1368 786 1369 760 1369 787 1369 787 1370 760 1370 761 1370 787 1371 761 1371 788 1371 788 1372 761 1372 762 1372 788 1373 762 1373 789 1373 789 1374 762 1374 763 1374 789 1375 763 1375 790 1375 790 1376 763 1376 764 1376 790 1377 764 1377 791 1377 791 1378 764 1378 765 1378 791 1379 765 1379 792 1379 792 1380 765 1380 766 1380 792 1381 766 1381 793 1381 793 1382 766 1382 767 1382 793 1383 767 1383 794 1383 794 1384 767 1384 768 1384 794 1385 768 1385 795 1385 795 1386 768 1386 769 1386 795 1387 769 1387 796 1387 796 1388 769 1388 770 1388 796 1389 770 1389 797 1389 797 1390 770 1390 771 1390 797 1391 771 1391 798 1391 798 1392 771 1392 772 1392 798 1393 772 1393 799 1393 799 1394 772 1394 773 1394 799 1395 773 1395 800 1395 800 1396 773 1396 774 1396 800 1397 774 1397 801 1397 801 1398 774 1398 775 1398 801 1399 775 1399 802 1399 802 1400 775 1400 776 1400 802 1401 776 1401 803 1401 803 1402 776 1402 777 1402 803 1403 777 1403 804 1403 804 1404 777 1404 778 1404 804 1405 778 1405 805 1405 805 1406 778 1406 779 1406 805 1407 779 1407 806 1407 806 1408 779 1408 780 1408 806 1409 780 1409 807 1409 807 1410 780 1410 781 1410 807 1411 781 1411 808 1411 808 1412 781 1412 782 1412 809 1413 783 1413 810 1413 810 1414 783 1414 784 1414 810 1415 784 1415 811 1415 811 1416 784 1416 785 1416 811 1417 785 1417 812 1417 812 1418 785 1418 786 1418 812 1419 786 1419 813 1419 813 1420 786 1420 787 1420 813 1421 787 1421 814 1421 814 1422 787 1422 788 1422 814 1423 788 1423 815 1423 815 1424 788 1424 789 1424 815 1425 789 1425 816 1425 816 1426 789 1426 790 1426 816 1427 790 1427 817 1427 817 1428 790 1428 791 1428 817 1429 791 1429 818 1429 818 1430 791 1430 792 1430 818 1431 792 1431 819 1431 819 1432 792 1432 793 1432 819 1433 793 1433 820 1433 820 1434 793 1434 794 1434 820 1435 794 1435 821 1435 821 1436 794 1436 795 1436 821 1437 795 1437 822 1437 822 1438 795 1438 796 1438 822 1439 796 1439 823 1439 823 1440 796 1440 797 1440 823 1441 797 1441 824 1441 824 1442 797 1442 798 1442 824 1443 798 1443 825 1443 825 1444 798 1444 799 1444 825 1445 799 1445 826 1445 826 1446 799 1446 800 1446 826 1447 800 1447 827 1447 827 1448 800 1448 801 1448 827 1449 801 1449 828 1449 828 1450 801 1450 802 1450 828 1451 802 1451 829 1451 829 1452 802 1452 803 1452 829 1453 803 1453 830 1453 830 1454 803 1454 804 1454 830 1455 804 1455 831 1455 831 1456 804 1456 805 1456 831 1457 805 1457 832 1457 832 1458 805 1458 806 1458 832 1459 806 1459 833 1459 833 1460 806 1460 807 1460 833 1461 807 1461 834 1461 834 1462 807 1462 808 1462 835 1463 809 1463 836 1463 836 1464 809 1464 810 1464 836 1465 810 1465 837 1465 837 1466 810 1466 811 1466 837 1467 811 1467 838 1467 838 1468 811 1468 812 1468 838 1469 812 1469 839 1469 839 1470 812 1470 813 1470 839 1471 813 1471 840 1471 840 1472 813 1472 814 1472 840 1473 814 1473 841 1473 841 1474 814 1474 815 1474 841 1475 815 1475 842 1475 842 1476 815 1476 816 1476 842 1477 816 1477 843 1477 843 1478 816 1478 817 1478 843 1479 817 1479 844 1479 844 1480 817 1480 818 1480 844 1481 818 1481 845 1481 845 1482 818 1482 819 1482 845 1483 819 1483 846 1483 846 1484 819 1484 820 1484 846 1485 820 1485 847 1485 847 1486 820 1486 821 1486 847 1487 821 1487 848 1487 848 1488 821 1488 822 1488 848 1489 822 1489 849 1489 849 1490 822 1490 823 1490 849 1491 823 1491 850 1491 850 1492 823 1492 824 1492 850 1493 824 1493 851 1493 851 1494 824 1494 825 1494 851 1495 825 1495 852 1495 852 1496 825 1496 826 1496 852 1497 826 1497 853 1497 853 1498 826 1498 827 1498 853 1499 827 1499 854 1499 854 1500 827 1500 828 1500 854 1501 828 1501 855 1501 855 1502 828 1502 829 1502 855 1503 829 1503 856 1503 856 1504 829 1504 830 1504 856 1505 830 1505 857 1505 857 1506 830 1506 831 1506 857 1507 831 1507 858 1507 858 1508 831 1508 832 1508 858 1509 832 1509 859 1509 859 1510 832 1510 833 1510 859 1511 833 1511 860 1511 860 1512 833 1512 834 1512 861 1513 835 1513 862 1513 862 1514 835 1514 836 1514 862 1515 836 1515 863 1515 863 1516 836 1516 837 1516 863 1517 837 1517 864 1517 864 1518 837 1518 838 1518 864 1519 838 1519 865 1519 865 1520 838 1520 839 1520 865 1521 839 1521 866 1521 866 1522 839 1522 840 1522 866 1523 840 1523 867 1523 867 1524 840 1524 841 1524 867 1525 841 1525 868 1525 868 1526 841 1526 842 1526 868 1527 842 1527 869 1527 869 1528 842 1528 843 1528 869 1529 843 1529 870 1529 870 1530 843 1530 844 1530 870 1531 844 1531 871 1531 871 1532 844 1532 845 1532 871 1533 845 1533 872 1533 872 1534 845 1534 846 1534 872 1535 846 1535 873 1535 873 1536 846 1536 847 1536 873 1537 847 1537 874 1537 874 1538 847 1538 848 1538 874 1539 848 1539 875 1539 875 1540 848 1540 849 1540 875 1541 849 1541 876 1541 876 1542 849 1542 850 1542 876 1543 850 1543 877 1543 877 1544 850 1544 851 1544 877 1545 851 1545 878 1545 878 1546 851 1546 852 1546 878 1547 852 1547 879 1547 879 1548 852 1548 853 1548 879 1549 853 1549 880 1549 880 1550 853 1550 854 1550 880 1551 854 1551 881 1551 881 1552 854 1552 855 1552 881 1553 855 1553 882 1553 882 1554 855 1554 856 1554 882 1555 856 1555 883 1555 883 1556 856 1556 857 1556 883 1557 857 1557 884 1557 884 1558 857 1558 858 1558 884 1559 858 1559 885 1559 885 1560 858 1560 859 1560 885 1561 859 1561 886 1561 886 1562 859 1562 860 1562 887 1563 861 1563 888 1563 888 1564 861 1564 862 1564 888 1565 862 1565 889 1565 889 1566 862 1566 863 1566 889 1567 863 1567 890 1567 890 1568 863 1568 864 1568 890 1569 864 1569 891 1569 891 1570 864 1570 865 1570 891 1571 865 1571 892 1571 892 1572 865 1572 866 1572 892 1573 866 1573 893 1573 893 1574 866 1574 867 1574 893 1575 867 1575 894 1575 894 1576 867 1576 868 1576 894 1577 868 1577 895 1577 895 1578 868 1578 869 1578 895 1579 869 1579 896 1579 896 1580 869 1580 870 1580 896 1581 870 1581 897 1581 897 1582 870 1582 871 1582 897 1583 871 1583 898 1583 898 1584 871 1584 872 1584 898 1585 872 1585 899 1585 899 1586 872 1586 873 1586 899 1587 873 1587 900 1587 900 1588 873 1588 874 1588 900 1589 874 1589 901 1589 901 1590 874 1590 875 1590 901 1591 875 1591 902 1591 902 1592 875 1592 876 1592 902 1593 876 1593 903 1593 903 1594 876 1594 877 1594 903 1595 877 1595 904 1595 904 1596 877 1596 878 1596 904 1597 878 1597 905 1597 905 1598 878 1598 879 1598 905 1599 879 1599 906 1599 906 1600 879 1600 880 1600 906 1601 880 1601 907 1601 907 1602 880 1602 881 1602 907 1603 881 1603 908 1603 908 1604 881 1604 882 1604 908 1605 882 1605 909 1605 909 1606 882 1606 883 1606 909 1607 883 1607 910 1607 910 1608 883 1608 884 1608 910 1609 884 1609 911 1609 911 1610 884 1610 885 1610 911 1611 885 1611 912 1611 912 1612 885 1612 886 1612 913 1613 887 1613 914 1613 914 1614 887 1614 888 1614 914 1615 888 1615 915 1615 915 1616 888 1616 889 1616 915 1617 889 1617 916 1617 916 1618 889 1618 890 1618 916 1619 890 1619 917 1619 917 1620 890 1620 891 1620 917 1621 891 1621 918 1621 918 1622 891 1622 892 1622 918 1623 892 1623 919 1623 919 1624 892 1624 893 1624 919 1625 893 1625 920 1625 920 1626 893 1626 894 1626 920 1627 894 1627 921 1627 921 1628 894 1628 895 1628 921 1629 895 1629 922 1629 922 1630 895 1630 896 1630 922 1631 896 1631 923 1631 923 1632 896 1632 897 1632 923 1633 897 1633 924 1633 924 1634 897 1634 898 1634 924 1635 898 1635 925 1635 925 1636 898 1636 899 1636 925 1637 899 1637 926 1637 926 1638 899 1638 900 1638 926 1639 900 1639 927 1639 927 1640 900 1640 901 1640 927 1641 901 1641 928 1641 928 1642 901 1642 902 1642 928 1643 902 1643 929 1643 929 1644 902 1644 903 1644 929 1645 903 1645 930 1645 930 1646 903 1646 904 1646 930 1647 904 1647 931 1647 931 1648 904 1648 905 1648 931 1649 905 1649 932 1649 932 1650 905 1650 906 1650 932 1651 906 1651 933 1651 933 1652 906 1652 907 1652 933 1653 907 1653 934 1653 934 1654 907 1654 908 1654 934 1655 908 1655 935 1655 935 1656 908 1656 909 1656 935 1657 909 1657 936 1657 936 1658 909 1658 910 1658 936 1659 910 1659 937 1659 937 1660 910 1660 911 1660 937 1661 911 1661 938 1661 938 1662 911 1662 912 1662 939 1663 913 1663 940 1663 940 1664 913 1664 914 1664 940 1665 914 1665 941 1665 941 1666 914 1666 915 1666 941 1667 915 1667 942 1667 942 1668 915 1668 916 1668 942 1669 916 1669 943 1669 943 1670 916 1670 917 1670 943 1671 917 1671 944 1671 944 1672 917 1672 918 1672 944 1673 918 1673 945 1673 945 1674 918 1674 919 1674 945 1675 919 1675 946 1675 946 1676 919 1676 920 1676 946 1677 920 1677 947 1677 947 1678 920 1678 921 1678 947 1679 921 1679 948 1679 948 1680 921 1680 922 1680 948 1681 922 1681 949 1681 949 1682 922 1682 923 1682 949 1683 923 1683 950 1683 950 1684 923 1684 924 1684 950 1685 924 1685 951 1685 951 1686 924 1686 925 1686 951 1687 925 1687 952 1687 952 1688 925 1688 926 1688 952 1689 926 1689 953 1689 953 1690 926 1690 927 1690 953 1691 927 1691 954 1691 954 1692 927 1692 928 1692 954 1693 928 1693 955 1693 955 1694 928 1694 929 1694 955 1695 929 1695 956 1695 956 1696 929 1696 930 1696 956 1697 930 1697 957 1697 957 1698 930 1698 931 1698 957 1699 931 1699 958 1699 958 1700 931 1700 932 1700 958 1701 932 1701 959 1701 959 1702 932 1702 933 1702 959 1703 933 1703 960 1703 960 1704 933 1704 934 1704 960 1705 934 1705 961 1705 961 1706 934 1706 935 1706 961 1707 935 1707 962 1707 962 1708 935 1708 936 1708 962 1709 936 1709 963 1709 963 1710 936 1710 937 1710 963 1711 937 1711 964 1711 964 1712 937 1712 938 1712 965 1713 939 1713 966 1713 966 1714 939 1714 940 1714 966 1715 940 1715 967 1715 967 1716 940 1716 941 1716 967 1717 941 1717 968 1717 968 1718 941 1718 942 1718 968 1719 942 1719 969 1719 969 1720 942 1720 943 1720 969 1721 943 1721 970 1721 970 1722 943 1722 944 1722 970 1723 944 1723 971 1723 971 1724 944 1724 945 1724 971 1725 945 1725 972 1725 972 1726 945 1726 946 1726 972 1727 946 1727 973 1727 973 1728 946 1728 947 1728 973 1729 947 1729 974 1729 974 1730 947 1730 948 1730 974 1731 948 1731 975 1731 975 1732 948 1732 949 1732 975 1733 949 1733 976 1733 976 1734 949 1734 950 1734 976 1735 950 1735 977 1735 977 1736 950 1736 951 1736 977 1737 951 1737 978 1737 978 1738 951 1738 952 1738 978 1739 952 1739 979 1739 979 1740 952 1740 953 1740 979 1741 953 1741 980 1741 980 1742 953 1742 954 1742 980 1743 954 1743 981 1743 981 1744 954 1744 955 1744 981 1745 955 1745 982 1745 982 1746 955 1746 956 1746 982 1747 956 1747 983 1747 983 1748 956 1748 957 1748 983 1749 957 1749 984 1749 984 1750 957 1750 958 1750 984 1751 958 1751 985 1751 985 1752 958 1752 959 1752 985 1753 959 1753 986 1753 986 1754 959 1754 960 1754 986 1755 960 1755 987 1755 987 1756 960 1756 961 1756 987 1757 961 1757 988 1757 988 1758 961 1758 962 1758 988 1759 962 1759 989 1759 989 1760 962 1760 963 1760 989 1761 963 1761 990 1761 990 1762 963 1762 964 1762 606 1763 965 1763 697 1763 697 1764 965 1764 966 1764 697 1765 966 1765 693 1765 693 1766 966 1766 967 1766 693 1767 967 1767 692 1767 692 1768 967 1768 968 1768 692 1769 968 1769 684 1769 684 1770 968 1770 969 1770 684 1771 969 1771 683 1771 683 1772 969 1772 970 1772 683 1773 970 1773 682 1773 682 1774 970 1774 971 1774 682 1775 971 1775 674 1775 674 1776 971 1776 972 1776 674 1777 972 1777 670 1777 670 1778 972 1778 973 1778 670 1779 973 1779 669 1779 669 1780 973 1780 974 1780 669 1781 974 1781 663 1781 663 1782 974 1782 975 1782 663 1783 975 1783 662 1783 662 1784 975 1784 976 1784 662 1785 976 1785 658 1785 658 1786 976 1786 977 1786 658 1787 977 1787 657 1787 657 1788 977 1788 978 1788 657 1789 978 1789 649 1789 649 1790 978 1790 979 1790 649 1791 979 1791 645 1791 645 1792 979 1792 980 1792 645 1793 980 1793 644 1793 644 1794 980 1794 981 1794 644 1795 981 1795 638 1795 638 1796 981 1796 982 1796 638 1797 982 1797 634 1797 634 1798 982 1798 983 1798 634 1799 983 1799 633 1799 633 1800 983 1800 984 1800 633 1801 984 1801 622 1801 622 1802 984 1802 985 1802 622 1803 985 1803 621 1803 621 1804 985 1804 986 1804 621 1805 986 1805 620 1805 620 1806 986 1806 987 1806 620 1807 987 1807 619 1807 619 1808 987 1808 988 1808 619 1809 988 1809 608 1809 608 1810 988 1810 989 1810 608 1811 989 1811 607 1811 607 1812 989 1812 990 1812 650 1813 652 1813 661 1813 661 1814 652 1814 705 1814 661 1815 705 1815 991 1815 991 1816 705 1816 731 1816 991 1817 731 1817 992 1817 992 1818 731 1818 757 1818 992 1819 757 1819 993 1819 993 1820 757 1820 783 1820 993 1821 783 1821 994 1821 994 1822 783 1822 809 1822 994 1823 809 1823 995 1823 995 1824 809 1824 835 1824 995 1825 835 1825 996 1825 996 1826 835 1826 861 1826 996 1827 861 1827 997 1827 997 1828 861 1828 887 1828 997 1829 887 1829 998 1829 998 1830 887 1830 913 1830 998 1831 913 1831 999 1831 999 1832 913 1832 939 1832 999 1833 939 1833 1000 1833 1000 1834 939 1834 965 1834 1000 1835 965 1835 1001 1835 1001 1836 965 1836 606 1836 1001 1837 606 1837 1002 1837 1002 1838 606 1838 584 1838 1002 1839 584 1839 581 1839 659 1840 661 1840 668 1840 668 1841 661 1841 991 1841 668 1842 991 1842 730 1842 730 1843 991 1843 992 1843 730 1844 992 1844 756 1844 756 1845 992 1845 993 1845 756 1846 993 1846 782 1846 782 1847 993 1847 994 1847 782 1848 994 1848 808 1848 808 1849 994 1849 995 1849 808 1850 995 1850 834 1850 834 1851 995 1851 996 1851 834 1852 996 1852 860 1852 860 1853 996 1853 997 1853 860 1854 997 1854 886 1854 886 1855 997 1855 998 1855 886 1856 998 1856 912 1856 912 1857 998 1857 999 1857 912 1858 999 1858 938 1858 938 1859 999 1859 1000 1859 938 1860 1000 1860 964 1860 964 1861 1000 1861 1001 1861 964 1862 1001 1862 990 1862 990 1863 1001 1863 1002 1863 990 1864 1002 1864 607 1864 607 1865 1002 1865 581 1865 607 1866 581 1866 582 1866 678 1867 676 1867 545 1867 545 1868 676 1868 544 1868 546 1869 681 1869 545 1869 545 1870 681 1870 680 1870 545 1871 680 1871 678 1871 547 1872 673 1872 546 1872 546 1873 673 1873 672 1873 546 1874 672 1874 681 1874 548 1875 667 1875 547 1875 547 1876 667 1876 665 1876 547 1877 665 1877 673 1877 549 1878 660 1878 548 1878 548 1879 660 1879 659 1879 548 1880 659 1880 667 1880 655 1881 653 1881 550 1881 550 1882 653 1882 651 1882 550 1883 651 1883 549 1883 549 1884 651 1884 650 1884 549 1885 650 1885 660 1885 655 1886 550 1886 656 1886 656 1887 550 1887 551 1887 656 1888 551 1888 647 1888 647 1889 551 1889 648 1889 648 1890 551 1890 552 1890 648 1891 552 1891 640 1891 553 1892 643 1892 552 1892 552 1893 643 1893 642 1893 552 1894 642 1894 640 1894 554 1895 637 1895 553 1895 553 1896 637 1896 636 1896 553 1897 636 1897 643 1897 625 1898 627 1898 556 1898 556 1899 627 1899 629 1899 556 1900 629 1900 555 1900 555 1901 629 1901 632 1901 555 1902 632 1902 554 1902 554 1903 632 1903 631 1903 554 1904 631 1904 637 1904 625 1905 556 1905 623 1905 623 1906 556 1906 557 1906 623 1907 557 1907 609 1907 609 1908 557 1908 610 1908 610 1909 557 1909 558 1909 610 1910 558 1910 612 1910 539 1911 616 1911 558 1911 558 1912 616 1912 614 1912 558 1913 614 1913 612 1913 699 1914 698 1914 539 1914 539 1915 698 1915 618 1915 539 1916 618 1916 616 1916 699 1917 539 1917 701 1917 701 1918 539 1918 540 1918 701 1919 540 1919 703 1919 703 1920 540 1920 541 1920 703 1921 541 1921 704 1921 704 1922 541 1922 695 1922 695 1923 541 1923 542 1923 695 1924 542 1924 696 1924 696 1925 542 1925 691 1925 691 1926 542 1926 543 1926 691 1927 543 1927 689 1927 676 1928 675 1928 544 1928 544 1929 675 1929 685 1929 544 1930 685 1930 543 1930 543 1931 685 1931 687 1931 543 1932 687 1932 689 1932</p>
        </triangles>
      </mesh>
    </geometry>
  </library_geometries>
  <library_visual_scenes>
    <visual_scene id="Scene" name="Scene">
      <node id="pipe" name="pipe" type="NODE">
        <matrix sid="transform">0.001 0 0 0 0 0.001 0 0 0 0 0.001 0 0 0 0 1</matrix>
        <instance_geometry url="#pipe-mesh" name="pipe">
          <bind_material>
            <technique_common>
              <instance_material symbol="Material_001-material" target="#Material_001-material"/>
            </technique_common>
          </bind_material>
        </instance_geometry>
      </node>
      <node id="Camera" name="Camera" type="NODE">
        <matrix sid="transform">0.6859207 -0.3240135 0.6515582 7.358891 0.7276763 0.3054208 -0.6141704 -6.925791 0 0.8953956 0.4452714 4.958309 0 0 0 1</matrix>
        <instance_camera url="#Camera-camera"/>
      </node>
      <node id="Light" name="Light" type="NODE">
        <matrix sid="transform">-0.2908646 -0.7711008 0.5663932 4.076245 0.9551712 -0.1998834 0.2183912 1.005454 -0.05518906 0.6045247 0.7946723 5.903862 0 0 0 1</matrix>
        <instance_light url="#Light-light"/>
      </node>
    </visual_scene>
  </library_visual_scenes>
  <scene>
    <instance_visual_scene url="#Scene"/>
  </scene>
</COLLADA>