<?xml version="1.0" encoding="utf-8"?>
<COLLADA xmlns="http://www.collada.org/2005/11/COLLADASchema" version="1.4.1" xmlns:xsi="http://www.w3.org/2001/XMLSchema-instance">
  <asset>
    <contributor>
      <author>Blender User</author>
      <authoring_tool>Blender 3.5.1 commit date:2023-04-24, commit time:18:11, hash:e1ccd9d4a1d3</authoring_tool>
    </contributor>
    <created>2023-05-10T20:33:22</created>
    <modified>2023-05-10T20:33:22</modified>
    <unit name="meter" meter="1"/>
    <up_axis>Z_UP</up_axis>
  </asset>
  <library_effects>
    <effect id="Material_001-effect">
      <profile_COMMON>
        <technique sid="common">
          <lambert>
            <emission>
              <color sid="emission">0 0 0 1</color>
            </emission>
            <diffuse>
              <color sid="diffuse">0 0 0 1</color>
            </diffuse>
            <index_of_refraction>
              <float sid="ior">1.45</float>
            </index_of_refraction>
          </lambert>
        </technique>
      </profile_COMMON>
    </effect>
  </library_effects>
  <library_images/>
  <library_materials>
    <material id="Material_001-material" name="Material.001">
      <instance_effect url="#Material_001-effect"/>
    </material>
  </library_materials>
  <library_geometries>
    <geometry id="tail_pipe_assem_-_tptp_bearing-4_via_unit_needle_pulley-2_001-mesh" name="tail_pipe_assem - tptp_bearing-4 via_unit_needle_pulley-2.001">
      <mesh>
        <source id="tail_pipe_assem_-_tptp_bearing-4_via_unit_needle_pulley-2_001-mesh-positions">
          <float_array id="tail_pipe_assem_-_tptp_bearing-4_via_unit_needle_pulley-2_001-mesh-positions-array" count="1260">75.89982 14.57794 42.96535 75.03276 15.07853 43.34181 74.98757 15.10462 42.47843 71.5941 17.06384 47.14992 71.18163 17.30199 48.12957 70.84894 17.49407 47.06173 70.45845 17.71952 47.98164 70.13761 17.90475 46.79063 69.76732 18.11854 47.69471 69.49338 18.2767 46.34931 73.93928 15.70985 40.22903 74.83889 15.19047 39.86738 74.42774 15.42784 40.88478 75.27234 14.94021 40.55199 74.78271 15.2229 41.64646 75.59937 14.7514 41.31134 75.81055 14.62948 42.12358 71.17678 17.30478 39.1762 71.59653 17.06244 38.15007 71.92584 16.87232 39.17084 72.32798 16.64015 38.22666 72.65838 16.44938 39.35155 73.03768 16.23039 38.44487 73.34015 16.05576 39.70986 73.70525 15.84497 38.79845 74.31146 15.49498 39.27721 74.22669 15.54392 45.72061 74.55154 15.35637 46.77881 73.68608 15.85604 46.31931 73.97758 15.68774 47.30793 73.04663 16.22523 46.76983 73.33444 16.05906 47.71743 72.33827 16.6342 47.05108 72.6406 16.45965 47.99554 71.91606 16.87796 48.13425 69.17485 18.4606 40.26311 68.871 18.63603 39.24255 69.76836 18.11794 39.73541 69.48175 18.28341 38.77154 70.44624 17.72657 39.36737 70.15265 17.89607 38.42649 70.86441 17.48514 38.21733 68.11485 19.07259 43.39129 67.2475 19.57336 42.91024 68.15077 19.05185 42.52733 67.34481 19.51718 42.06966 68.34669 18.93874 41.69249 67.56374 19.39078 41.26015 68.69346 18.73853 40.9258 67.898 19.19779 40.50502 68.33797 18.94377 39.82597 75.89779 14.57911 43.38976 75.8646 14.59827 43.81244 74.91616 15.14585 44.19622 75.70591 14.68989 44.64046 74.64321 15.30344 45.0017 75.42832 14.85016 45.42561 75.0398 15.07447 46.1453 69.12813 18.48758 47.27704 68.55926 18.81601 46.74064 68.94638 18.59251 45.75838 68.07708 19.0944 46.10094 68.52218 18.83742 45.04549 67.69547 19.31472 45.37635 68.24061 18.99998 44.24397 67.42539 19.47065 44.58771 67.27462 19.5577 43.75772 77.30049 17.23336 44.23034 78.30049 18.96541 44.23034 77.28034 17.245 44.3306 78.28034 18.97705 44.3306 77.08155 17.35976 45.03985 78.08155 19.09181 45.03985 77.0108 17.40061 45.22876 78.0108 19.13267 45.22876 76.74729 17.55275 45.79498 77.74729 19.2848 45.79498 76.59893 17.63841 46.05179 77.59893 19.37046 46.05179 76.30732 17.80677 46.47403 77.30732 19.53882 46.47403 76.05961 17.94978 46.76995 77.05961 19.68183 46.76995 75.77429 18.11451 47.05744 76.77429 19.84656 47.05744 75.41234 18.32349 47.35727 76.41234 20.05554 47.35727 75.16354 18.46713 47.52845 76.16354 20.19918 47.52845 74.6805 18.74601 47.79253 75.6805 20.47806 47.79253 74.49264 18.85448 47.8735 75.49264 20.58653 47.8735 73.89055 19.20209 48.05999 74.89055 20.93414 48.05999 73.78089 19.26541 48.08266 74.78089 20.99746 48.08266 73.07104 19.67524 48.15 74.07104 21.40729 48.15 73.04875 19.6881 48.14992 74.04875 21.42015 48.14992 72.31732 20.1104 48.07334 73.31732 21.84245 48.07334 72.25159 20.14835 48.05929 73.25159 21.8804 48.05929 71.60761 20.52015 47.85512 72.60761 22.2522 47.85512 71.46181 20.60433 47.79115 72.46181 22.33638 47.79115 70.94004 20.90557 47.50155 71.94004 22.63762 47.50155 70.73025 21.02669 47.35527 71.73025 22.75874 47.35527 70.33383 21.25557 47.02279 71.33383 22.98762 47.02279 70.08335 21.40018 46.76739 71.08335 23.13223 46.76739 69.80641 21.56007 46.43262 70.80641 23.29212 46.43262 69.5445 21.71129 46.04877 70.5445 23.44334 46.04877 69.37295 21.81033 45.74801 70.37295 23.54238 45.74801 69.13316 21.94878 45.22539 70.13316 23.68083 45.22539 69.04592 21.99914 44.98866 70.04592 23.73119 44.98866 68.8642 22.10406 44.32699 69.8642 23.83611 44.32699 68.83473 22.12107 44.17641 69.83473 23.85312 44.17641 68.74735 22.17152 43.38606 69.74735 23.90357 43.38606 68.74547 22.1726 43.33464 69.74547 23.90466 43.33464 68.78069 22.15227 42.48756 69.78069 23.88432 42.48756 68.78682 22.14873 42.43659 69.78682 23.88078 42.43659 68.93938 22.06065 41.65953 69.93938 23.7927 41.65953 68.9812 22.03651 41.51291 69.9812 23.76856 41.51291 69.21697 21.90038 40.87438 70.21697 23.63243 40.87438 69.32345 21.83891 40.64839 70.32345 23.57096 40.64839 69.60549 21.67607 40.1547 70.60549 23.40812 40.1547 69.8012 21.56308 39.87429 70.8012 23.29513 39.87429 70.09375 21.39417 39.52119 71.09375 23.12623 39.52119 70.3972 21.21898 39.21859 71.3972 22.95103 39.21859 70.66771 21.0628 38.99207 71.66771 22.79485 38.99207 71.08989 20.81905 38.70497 72.08989 22.5511 38.70497 71.31085 20.69148 38.58256 72.31085 22.42353 38.58256 71.85425 20.37775 38.35201 72.85425 22.1098 38.35201 72.00468 20.2909 38.30446 73.00468 22.02295 38.30446 72.66264 19.91103 38.17246 73.66264 21.64308 38.17246 72.72923 19.87258 38.16575 73.72923 21.60463 38.16575 73.46366 19.44856 38.17042 74.46366 21.18061 38.17042 73.48585 19.43575 38.17282 74.48585 21.1678 38.17282 74.18684 19.03103 38.31836 75.18684 20.76308 38.31836 74.29412 18.96909 38.35306 75.29412 20.70114 38.35306 74.87797 18.632 38.60529 75.87797 20.36406 38.60529 75.05825 18.52792 38.70667 76.05825 20.25997 38.70667 75.51716 18.26297 39.02296 76.51716 19.99502 39.02296 75.75061 18.12818 39.22088 76.75061 19.86023 39.22088 76.08603 17.93453 39.55936 77.08603 19.66658 39.55936 76.34619 17.78433 39.8771 77.34619 19.51638 39.8771 76.56821 17.65615 40.19905 77.56821 19.3882 40.19905 76.82345 17.50878 40.6516 77.82344 19.24083 40.6516 76.94982 17.43582 40.92364 77.94982 19.16787 40.92364 77.16514 17.31151 41.51641 78.16514 19.04356 41.51641 77.2199 17.27989 41.71228 78.2199 19.01194 41.71228 77.35893 17.19962 42.44026 78.35893 18.93168 42.44026 77.37067 17.19285 42.54228 78.37067 18.9249 42.54228 77.39779 17.17719 43.38976 78.39779 18.90924 43.38976 77.94797 15.12749 42.90996 77.91007 15.14937 42.35996 77.83192 15.19449 41.81566 77.71408 15.26253 41.28097 77.55738 15.35299 40.75974 77.36298 15.46523 40.25574 77.13225 15.59844 39.77259 76.86688 15.75166 39.31377 76.56876 15.92378 38.88259 76.24005 16.11356 38.48217 75.88311 16.31964 38.11537 75.50051 16.54053 37.78485 75.09503 16.77463 37.49298 74.66957 17.02028 37.24187 74.2272 17.27568 37.03334 73.7711 17.539 36.86886 73.30457 17.80836 36.74965 72.83097 18.08179 36.67655 72.3537 18.35734 36.6501 71.87621 18.63302 36.67047 71.40193 18.90684 36.73753 70.93429 19.17684 36.85079 70.47666 19.44105 37.00944 70.03232 19.69759 37.21233 69.60448 19.9446 37.45801 69.19623 20.18031 37.74469 68.8105 20.40301 38.07032 68.45008 20.61109 38.43254 68.11756 20.80307 38.82876 67.81535 20.97756 39.25611 67.5456 21.1333 39.71152 67.31027 21.26917 40.1917 67.11106 21.38418 40.69319 66.9494 21.47752 41.21239 66.82645 21.5485 41.74555 66.74311 21.59662 42.28883 66.69995 21.62153 42.83831 66.69732 21.62306 43.39004 66.73522 21.60118 43.94004 66.81336 21.55606 44.48434 66.93122 21.48802 45.01903 67.08791 21.39755 45.54026 67.28231 21.28531 46.04426 67.51304 21.1521 46.52741 67.77841 20.99888 46.98622 68.07653 20.82676 47.4174 68.40525 20.63698 47.81783 68.76219 20.43091 48.18463 69.14477 20.21002 48.51515 69.55026 19.97591 48.80702 69.97573 19.73027 49.05812 70.41809 19.47486 49.26666 70.87419 19.21154 49.43113 71.34072 18.94219 49.55035 71.81433 18.66875 49.62344 72.29159 18.3932 49.6499 72.76908 18.11752 49.62952 73.24336 17.8437 49.56246 73.71099 17.57371 49.4492 74.16864 17.30949 49.29055 74.61297 17.05295 49.08766 75.0408 16.80594 48.84199 75.44906 16.57024 48.55531 75.83478 16.34754 48.22968 76.1952 16.13945 47.86745 76.52772 15.94747 47.47124 76.82994 15.77298 47.04388 77.09969 15.61724 46.58848 77.33502 15.48138 46.1083 77.53423 15.36636 45.6068 77.69589 15.27303 45.0876 77.81884 15.20204 44.55445 77.90219 15.15392 44.01117 77.94534 15.12901 43.46169 72.15077 25.98006 42.52733 71.2475 26.50156 42.91024 72.11486 26.00079 43.39129 71.27462 26.4859 43.75772 72.24062 25.92819 44.24397 71.42539 26.39886 44.58771 72.52218 25.76562 45.04549 71.69547 26.24293 45.37635 72.94638 25.52071 45.75838 79.8646 21.52647 43.81244 79.03276 22.00674 43.34181 78.91616 22.07406 44.19622 72.07708 26.0226 46.10094 72.55926 25.74422 46.74064 73.49338 25.2049 46.34931 73.12813 25.41578 47.27704 74.13761 24.83296 46.79063 73.76732 25.04674 47.69471 74.84894 24.42227 47.06173 73.76836 25.04614 39.73541 72.871 25.56423 39.24255 73.17485 25.3888 40.26311 72.33797 25.87198 39.82597 72.69346 25.66674 40.9258 71.898 26.126 40.50502 72.3467 25.86694 41.69249 71.56374 26.31898 41.26015 71.34481 26.44538 42.06966 79.89779 21.50731 43.38976 79.89982 21.50614 42.96535 78.98757 22.03283 42.47843 79.81055 21.55768 42.12358 78.78271 22.1511 41.64646 79.59937 21.67961 41.31134 78.42774 22.35604 40.88478 75.92584 23.80052 39.17084 75.59653 23.99065 38.15007 75.17678 24.23299 39.1762 74.86441 24.41334 38.21733 74.44624 24.65477 39.36737 74.15265 24.82427 38.42649 73.48175 25.21162 38.77154 79.27234 21.86841 40.55199 78.83889 22.11867 39.86738 77.93928 22.63806 40.22903 78.31147 22.42318 39.27721 77.34015 22.98397 39.70986 77.70525 22.77318 38.79845 76.65838 23.37759 39.35155 77.03768 23.1586 38.44487 76.32798 23.56835 38.22666 74.45845 24.64772 47.98164 75.18163 24.23019 48.12957 75.5941 23.99205 47.14992 75.91606 23.80617 48.13425 76.33827 23.56241 47.05108 76.6406 23.38785 47.99554 77.04663 23.15343 46.76983 77.33444 22.98727 47.71743 77.68608 22.78425 46.31931 77.97758 22.61595 47.30793 78.55154 22.28457 46.77881 78.22669 22.47212 45.72061 79.0398 22.00267 46.1453 78.64321 22.23164 45.0017 79.42832 21.77836 45.42561 79.70591 21.6181 44.64046 80.40219 19.48405 44.01117 80.31884 19.53217 44.55445 80.19589 19.60315 45.0876 80.03423 19.69649 45.6068 79.83502 19.81151 46.1083 79.59969 19.94737 46.58848 79.32994 20.10311 47.04388 79.02772 20.2776 47.47124 78.6952 20.46957 47.86745 78.33478 20.67766 48.22968 77.94906 20.90036 48.55531 77.5408 21.13607 48.84199 77.11297 21.38308 49.08766 76.66864 21.63962 49.29055 76.21099 21.90383 49.4492 75.74336 22.17383 49.56246 75.26908 22.44765 49.62952 74.79159 22.72333 49.6499 74.31433 22.99888 49.62344 73.84072 23.27231 49.55035 73.37419 23.54166 49.43113 72.91809 23.80499 49.26666 72.47573 24.0604 49.05812 72.05026 24.30603 48.80702 71.64477 24.54014 48.51515 71.26219 24.76103 48.18463 70.90525 24.96711 47.81783 70.57653 25.15689 47.4174 70.27841 25.32901 46.98622 70.01304 25.48223 46.52741 69.78231 25.61544 46.04426 69.58791 25.72768 45.54026 69.43122 25.81814 45.01903 69.31336 25.88618 44.48434 69.23522 25.9313 43.94004 69.19732 25.95318 43.39004 69.19995 25.95166 42.83831 69.24311 25.92675 42.28883 69.32645 25.87863 41.74555 69.4494 25.80764 41.21239 69.61106 25.71431 40.69319 69.81027 25.59929 40.1917 70.0456 25.46343 39.71152 70.31535 25.30769 39.25611 70.61756 25.1332 38.82876 70.95008 24.94122 38.43254 71.3105 24.73313 38.07032 71.69623 24.51043 37.74469 72.10448 24.27473 37.45801 72.53232 24.02772 37.21233 72.97666 23.77118 37.00944 73.43429 23.50696 36.85079 73.90193 23.23697 36.73753 74.37621 22.96315 36.67047 74.8537 22.68747 36.6501 75.33097 22.41192 36.67655 75.80457 22.13848 36.74965 76.2711 21.86913 36.86886 76.7272 21.60581 37.03334 77.16957 21.3504 37.24187 77.59503 21.10476 37.49298 78.00051 20.87065 37.78485 78.38311 20.64977 38.11537 78.74005 20.44369 38.48217 79.06876 20.25391 38.88259 79.36688 20.08179 39.31377 79.63225 19.92857 39.77259 79.86298 19.79536 40.25574 80.05738 19.68312 40.75974 80.21408 19.59265 41.28097 80.33192 19.52462 41.81566 80.41007 19.47949 42.35996 80.44797 19.45762 42.90996 80.44534 19.45914 43.46169</float_array>
          <technique_common>
            <accessor source="#tail_pipe_assem_-_tptp_bearing-4_via_unit_needle_pulley-2_001-mesh-positions-array" count="420" stride="3">
              <param name="X" type="float"/>
              <param name="Y" type="float"/>
              <param name="Z" type="float"/>
            </accessor>
          </technique_common>
        </source>
        <source id="tail_pipe_assem_-_tptp_bearing-4_via_unit_needle_pulley-2_001-mesh-normals">
          <float_array id="tail_pipe_assem_-_tptp_bearing-4_via_unit_needle_pulley-2_001-mesh-normals-array" count="2517">-0.4999982 -0.8660265 6.74223e-7 -0.4999952 -0.8660283 1.07766e-6 -0.4999988 -0.8660262 -4.5692e-6 -0.499986 -0.8660335 -1.08639e-6 -0.5000044 -0.866023 0 -0.5000101 -0.8660196 2.2147e-6 -0.4999904 -0.8660311 -2.15478e-6 -0.5000084 -0.8660207 -2.28639e-6 -0.4999884 -0.8660321 2.16929e-6 -0.5000006 -0.8660252 0 -0.5000017 -0.8660246 -2.20803e-6 -0.5000051 -0.8660225 0 -0.4999992 -0.866026 2.56519e-6 -0.4999928 -0.8660296 2.15533e-6 -0.4999989 -0.8660261 0 -0.4999961 -0.8660278 1.08057e-6 -0.5000051 -0.8660225 0 -0.4999976 -0.8660268 -3.28585e-6 -0.5000072 -0.8660212 0 -0.4999952 -0.8660282 1.12275e-6 -0.5000129 -0.866018 0 -0.4999973 -0.866027 4.57774e-6 -0.5000005 -0.8660252 2.15478e-6 -0.4999997 -0.8660258 2.28889e-6 -0.4999957 -0.866028 -2.16349e-6 -0.500001 -0.8660249 2.27118e-6 -0.4999917 -0.8660303 0 -0.4999989 -0.8660261 -2.23405e-6 -0.5000035 -0.8660234 -4.5088e-6 -0.5000019 -0.8660244 2.17959e-6 -0.4999977 -0.8660268 0 -0.499992 -0.86603 0 -0.4999979 -0.8660267 0 -0.5000056 -0.8660223 0 -0.4999978 -0.8660267 0 -0.500002 -0.8660243 -4.44347e-6 -0.5000031 -0.8660237 2.20886e-6 -0.5000031 -0.8660237 0 -0.4999946 -0.8660286 -4.30922e-6 -0.500003 -0.8660237 -1.71583e-6 -0.500001 -0.8660248 8.66493e-6 -0.4999962 -0.8660276 -3.40127e-6 -0.500001 -0.8660249 -4.40367e-6 -0.5000044 -0.8660228 1.11408e-6 -0.4999989 -0.8660261 -4.52729e-6 -0.5000042 -0.8660231 6.51511e-6 -0.500002 -0.8660243 0 -0.5000098 -0.8660197 0 -0.5000066 -0.8660216 -2.67081e-6 -0.4999868 -0.8660331 0 -0.5000042 -0.866023 0 -0.4999892 -0.8660317 2.1809e-6 -0.5000077 -0.866021 0 -0.4999973 -0.8660271 0 -0.4999938 -0.8660291 -2.20189e-6 -0.5000061 -0.8660219 1.14318e-6 -0.4999979 -0.8660266 2.21554e-6 -0.4999928 -0.8660297 6.84753e-6 -0.5000043 -0.866023 -2.15626e-6 -0.4999963 -0.8660276 -2.29016e-6 -0.5000002 -0.8660253 0 -0.5000053 -0.8660225 0 -0.499985 -0.866034 4.37099e-6 -0.5000091 -0.8660202 0 -0.4999979 -0.8660266 2.23715e-6 -0.500013 -0.866018 0 -0.5000064 -0.8660217 -1.00091e-6 0.8436279 -0.4870263 0.2260472 0.8435874 -0.4870765 0.2260907 0.8239495 -0.4757093 0.307909 0.8239524 -0.4757077 0.3079041 0.7948606 -0.458927 0.3969669 0.7948697 -0.4589242 0.3969518 0.7628577 -0.4404357 0.4733545 0.7628638 -0.4404358 0.4733449 0.7204267 -0.4159507 0.554951 0.7204457 -0.415938 0.5549356 0.6770796 -0.3909228 0.6234923 0.6770888 -0.3909108 0.6234898 0.6226862 -0.359509 0.694993 0.6226883 -0.3595082 0.6949915 0.5694083 -0.3287423 0.7534605 0.5694013 -0.328749 0.7534627 0.5048124 -0.2914493 0.8125404 0.5048044 -0.2914532 0.812544 0.4433112 -0.2559385 0.8590523 0.4432787 -0.2559396 0.8590686 0.3705902 -0.2139554 0.9038175 0.3705812 -0.2139555 0.9038212 0.3028785 -0.1748668 0.9368492 0.3028746 -0.1748657 0.9368506 0.2243733 -0.1295401 0.9658551 0.2243649 -0.1295414 0.9658569 0.1525954 -0.08811444 0.9843528 0.1526577 -0.08811408 0.9843432 0.07090216 -0.04093593 0.996643 0.07090228 -0.04093599 0.996643 -0.00266838 0.001482427 0.9999954 -0.002332389 0.001482307 0.9999963 -0.07820081 0.04515045 0.9959147 -0.07820934 0.04515016 0.9959141 -0.1576548 0.09100979 0.9832916 -0.1575447 0.09101229 0.983309 -0.2292993 0.1323818 0.9643116 -0.2292852 0.1323823 0.9643149 -0.3076298 0.1776115 0.9347824 -0.3076234 0.177617 0.9347835 -0.3751868 0.2166115 0.9012849 -0.3751788 0.216611 0.9012884 -0.4476932 0.2584629 0.8560186 -0.4476616 0.258467 0.8560339 -0.5089484 0.2938344 0.8090939 -0.5089354 0.2938376 0.809101 -0.5732378 0.3309549 0.7495781 -0.5732307 0.3309628 0.7495801 -0.6262173 0.361554 0.6907465 -0.6262272 0.3615507 0.6907393 -0.680254 0.3927413 0.6188772 -0.6802545 0.392741 0.6188768 -0.72325 0.4175742 0.5500376 -0.723252 0.417576 0.5500335 -0.7652613 0.4418209 0.4681556 -0.7652584 0.441822 0.4681592 -0.7968717 0.4600992 0.3915407 -0.7968894 0.4600747 0.3915337 -0.8255085 0.476607 0.3022937 -0.825508 0.4766052 0.302298 -0.8447424 0.4876925 0.2203778 -0.8447293 0.4877086 0.220392 -0.8590545 0.4959707 0.1266438 -0.8590502 0.4959772 0.1266472 -0.8652534 0.4995667 0.04206913 -0.8652575 0.4995545 0.04212921 -0.8650293 0.4994246 -0.04795247 -0.8650298 0.4994239 -0.04795205 -0.8577656 0.4952725 -0.1376354 -0.8577877 0.4952341 -0.1376352 -0.8445926 0.4876295 -0.2210898 -0.8445951 0.487627 -0.2210865 -0.8225868 0.4748839 -0.3127881 -0.8225532 0.4749385 -0.3127935 -0.7966338 0.4599329 -0.3922196 -0.7966355 0.4599374 -0.3922111 -0.7607378 0.4392042 -0.4778891 -0.7607284 0.4392111 -0.4778975 -0.7229021 0.4173715 -0.5506485 -0.7229055 0.4173633 -0.5506502 -0.674308 0.3893053 -0.6274952 -0.6742944 0.389306 -0.6275094 -0.6257846 0.3612953 -0.6912737 -0.6257784 0.3612957 -0.6912792 -0.5660482 0.3268014 -0.7568293 -0.5660302 0.3268058 -0.7568407 -0.5084033 0.2935326 -0.8095461 -0.5084253 0.2935299 -0.8095332 -0.4394765 0.2537316 -0.8616732 -0.4394792 0.2537322 -0.8616716 -0.3745849 0.2162746 -0.9016161 -0.374599 0.216274 -0.9016103 -0.2986817 0.1724467 -0.9386433 -0.2986887 0.1724466 -0.9386412 -0.2286775 0.1320254 -0.9645082 -0.2286928 0.1320251 -0.9645045 -0.1482392 0.08558654 -0.9852412 -0.148238 0.08558654 -0.9852414 -0.07532179 0.04349291 -0.9962104 -0.07540011 0.04349261 -0.9962044 0.004785954 -0.00275731 -0.9999848 0.004774749 -0.00275731 -0.9999848 0.08036023 -0.04648143 -0.9956815 0.08040446 -0.04648017 -0.9956781 0.1532621 -0.08848452 -0.984216 0.1532534 -0.08848482 -0.9842174 0.2336516 -0.1348537 -0.9629234 0.233537 -0.1348603 -0.9629503 0.3034756 -0.175207 -0.9365923 0.3034696 -0.1752074 -0.9365941 0.3792136 -0.2189234 -0.8990383 0.3791825 -0.2189257 -0.8990508 0.4438553 -0.2562627 -0.8586747 0.4438614 -0.2562618 -0.8586716 0.5125163 -0.2959145 -0.8060781 0.5125399 -0.2959101 -0.8060646 0.5698916 -0.3290241 -0.752972 0.569891 -0.3290243 -0.7529724 0.6293009 -0.3633263 -0.687004 0.6292843 -0.3633299 -0.6870173 0.6774814 -0.3911424 -0.6229178 0.6774779 -0.391143 -0.6229212 0.7257056 -0.4189713 -0.5457237 0.7256937 -0.4189859 -0.5457285 0.7631689 -0.4406077 -0.4726926 0.7631638 -0.4406046 -0.4727036 0.7986208 -0.4610828 -0.3867915 0.7986229 -0.461081 -0.3867892 0.8241454 -0.4758306 -0.3071964 0.8241516 -0.4758248 -0.3071887 0.8457075 -0.4882659 -0.2153491 0.845706 -0.4882686 -0.215349 0.8584962 -0.4956127 -0.1317285 0.8584563 -0.4956703 -0.1317719 0.8654368 -0.4996555 -0.03692764 0.8654322 -0.4996631 -0.03693121 0.8583925 -0.495589 0.1324909 0.8583883 -0.4955973 0.1324875 0.9639502 0.2648136 -0.02595692 0.9641134 0.2594952 -0.05610483 0.9605911 0.2618916 -0.09315294 0.9580677 0.262082 -0.1158418 0.9504479 0.2714198 -0.151592 0.9471177 0.2693114 -0.1744691 0.936338 0.2758176 -0.2172462 0.9325013 0.2765156 -0.2323371 0.9176298 0.2891322 -0.2726868 0.9130467 0.2889726 -0.2878203 0.8932361 0.3005926 -0.3343255 0.8900964 0.3012617 -0.3420085 0.8664749 0.3173701 -0.3853539 0.86287 0.3179403 -0.3928986 0.8326496 0.3354308 -0.4406594 0.8322 0.3355138 -0.441445 0.798557 0.3552552 -0.4859018 0.7980342 0.3553789 -0.4866696 0.7565485 0.3791698 -0.5327895 0.7606026 0.3782567 -0.5276415 0.715982 0.4015344 -0.5710866 0.7204102 0.4001988 -0.5664363 0.6673749 0.4304067 -0.6077507 0.6775928 0.4281426 -0.597965 0.6213552 0.4547293 -0.6380745 0.6322135 0.4511227 -0.6299163 0.5849627 0.4784013 -0.6549434 0.5687037 0.4915177 -0.6595351 0.535802 0.5057458 -0.6761193 0.5187122 0.5169509 -0.6809548 0.4857716 0.5356754 -0.6907083 0.4632939 0.5535783 -0.6920332 0.4344673 0.5650104 -0.7014281 0.4102995 0.5795917 -0.7040795 0.3827766 0.5951319 -0.7066117 0.3590192 0.6140765 -0.7028623 0.3307639 0.6251567 -0.7069472 0.3002437 0.6430799 -0.704487 0.2785571 0.6545702 -0.7028115 0.2509585 0.675581 -0.6932605 0.2276195 0.6847108 -0.6923587 0.1918548 0.7056646 -0.6820772 0.1764451 0.7130564 -0.678541 0.1442502 0.7359542 -0.6614858 0.1281073 0.7421698 -0.6578546 0.08854866 0.7652099 -0.6376622 0.07975417 0.7689854 -0.634272 0.04398828 0.7925643 -0.6081997 0.03506612 0.7958878 -0.6044278 -0.006219267 0.8197895 -0.5726312 -0.008541047 0.8206464 -0.5713726 -0.04656362 0.8435208 -0.5350744 -0.048828 0.8443213 -0.533608 -0.08940953 0.8676283 -0.4891087 -0.08573734 0.8664826 -0.4917896 -0.1245002 0.8871439 -0.4443821 -0.1211406 0.8860667 -0.4474492 -0.1583728 0.9072184 -0.3897086 -0.1494644 0.9051047 -0.3980528 -0.1872653 0.9219582 -0.3390059 -0.1797984 0.9199331 -0.3484191 -0.2034686 0.9336032 -0.2949331 -0.20631 0.9386659 -0.2763017 -0.2244194 0.9445589 -0.2396756 -0.2281542 0.9481594 -0.2212228 -0.2386291 0.953897 -0.1820349 -0.2386752 0.9585669 -0.1555112 -0.2504745 0.9602167 -0.1234773 -0.2529823 0.9625665 -0.09729284 -0.2567516 0.9643641 -0.06387901 -0.2523524 0.9670482 -0.03370708 -0.259247 0.9658033 -0.003897368 -0.2582467 0.9656223 0.02970355 -0.257943 0.9645276 0.05614173 -0.248847 0.9644373 0.0890848 -0.251004 0.9610463 0.1157026 -0.2438252 0.9572151 0.1558477 -0.2416477 0.9545046 0.174721 -0.2266506 0.9504106 0.2129539 -0.2253786 0.9462491 0.2319858 -0.2100713 0.9376555 0.2768979 -0.2075685 0.9347929 0.288232 -0.1855989 0.9254435 0.3303144 -0.1830984 0.9218422 0.3415872 -0.1581501 0.9075328 0.3890668 -0.156743 0.9059883 0.3932135 -0.1269653 0.8902798 0.4373577 -0.1253913 0.8885174 0.441377 -0.08967572 0.867836 0.4886911 -0.0907737 0.8690155 0.486387 -0.05260896 0.84599 0.5305972 -0.05389189 0.8472452 0.5284612 -0.006896615 0.8198236 0.5725748 -0.01170587 0.8250563 0.5649294 0.03512376 0.7939299 0.6069939 0.0293079 0.7992054 0.6003431 0.07456231 0.7730814 0.6299092 0.09034085 0.7670826 0.6351558 0.1209697 0.7450836 0.6559091 0.1359863 0.7379089 0.6610584 0.1707759 0.7175312 0.6752664 0.1939232 0.708507 0.6785364 0.2205861 0.6880471 0.691327 0.2420867 0.6766313 0.6953878 0.2722214 0.6589725 0.7011782 0.3006947 0.6477435 0.7000079 0.3240191 0.6290584 0.7066097 0.3515843 0.6137355 0.7069067 0.3758968 0.5988217 0.7071875 0.4053912 0.5870074 0.7007713 0.4278632 0.5691056 0.7021765 0.4614179 0.5501005 0.696048 0.4788705 0.5385951 0.693252 0.5130088 0.5236819 0.6801319 0.5295518 0.5103901 0.6775522 0.5677219 0.4885851 0.6625531 0.5784957 0.4809142 0.6588356 0.6158201 0.4630712 0.6374408 0.626186 0.4546091 0.6334207 0.667005 0.4311586 0.6076239 0.6716862 0.4275049 0.6050431 0.7105081 0.4070983 0.5739768 0.7149769 0.4033429 0.5710715 0.7562018 0.3795081 0.5330408 0.7556043 0.3800337 0.5335134 0.7939132 0.3575975 0.4917581 0.7933588 0.3580747 0.4923054 0.8324183 0.3352972 0.441198 0.8276728 0.3399628 0.4465234 0.8633376 0.3161406 0.3933234 0.8590798 0.3201355 0.3993688 0.893173 0.2999647 0.3350571 0.8857364 0.3085643 0.3467839 0.9164654 0.2840004 0.2818422 0.9102572 0.2905912 0.2949386 0.9299158 0.2792344 0.2393426 0.9351322 0.2802707 0.2167401 0.9456796 0.2692254 0.1822302 0.9500714 0.2679742 0.1598567 0.9566505 0.2638018 0.123404 0.9589995 0.2676712 0.09312444 0.9635381 0.2598317 0.06388837 0.9660319 0.2583934 0.003894984 -0.9589967 -0.2676812 -0.09312397 -0.9566507 -0.2638074 -0.1233898 -0.9454167 -0.2702835 -0.182028 -0.9366879 -0.2805632 -0.2095238 -0.9299106 -0.2792457 -0.2393496 -0.9102548 -0.2905947 -0.2949422 -0.8976678 -0.3030868 -0.3198919 -0.8865835 -0.3042666 -0.348413 -0.8590817 -0.3201382 -0.3993624 -0.8430549 -0.3346168 -0.4210585 -0.8279221 -0.3381339 -0.4474489 -0.7933545 -0.3580851 -0.4923046 -0.7744185 -0.3742381 -0.5101194 -0.7556137 -0.3798677 -0.5336183 -0.7149605 -0.4033559 -0.5710828 -0.6937266 -0.4208325 -0.5845027 -0.671734 -0.4282971 -0.6044295 -0.626195 -0.4545919 -0.6334241 -0.6033176 -0.4730325 -0.6420654 -0.5786762 -0.4820334 -0.6578584 -0.5295614 -0.510388 -0.6775463 -0.505787 -0.529335 -0.6811638 -0.4791605 -0.5394844 -0.6923597 -0.42785 -0.569105 -0.7021852 -0.4039373 -0.588146 -0.7006561 -0.3760148 -0.5990359 -0.7069434 -0.3240176 -0.6290569 -0.7066116 -0.3006827 -0.6477527 -0.7000047 -0.272229 -0.6589633 -0.7011838 -0.2210304 -0.6885108 -0.6907232 -0.1990305 -0.7064499 -0.679202 -0.1707516 -0.717544 -0.6752589 -0.1218323 -0.7457879 -0.6549484 -0.1018751 -0.7625437 -0.6388651 -0.07456874 -0.7730655 -0.6299279 -0.02930575 -0.7992136 -0.6003322 -0.01201844 -0.8144152 -0.5801582 0.01361703 -0.8239892 -0.566442 0.05389326 -0.8472478 -0.5284571 0.06794899 -0.8605867 -0.504751 0.0912382 -0.8688126 -0.4866626 0.1253828 -0.8885185 -0.4413775 0.1357303 -0.8997206 -0.4148253 0.1560744 -0.9062387 -0.3929024 0.1830942 -0.9218394 -0.3415975 0.1893781 -0.9306926 -0.3129653 0.2062518 -0.935209 -0.2878271 0.2253779 -0.9462491 -0.2319858 0.2273411 -0.9526112 -0.2021093 0.2403274 -0.9548828 -0.1744756 0.2510049 -0.9610454 -0.1157078 0.2485353 -0.964848 -0.08543133 0.2573279 -0.9646941 -0.05610531 0.2592402 -0.965805 0.003904104 0.2592439 -0.9658041 0.003899753 0.2567459 -0.9643657 0.06387704 0.2567557 -0.9643625 0.06388813 0.249863 -0.9603862 0.1233981 0.238673 -0.9591511 0.1518696 0.2386279 -0.9538989 0.1820271 0.2231261 -0.944948 0.2393494 0.2078903 -0.9413838 0.2656655 0.2034713 -0.9336009 0.2949389 0.1797996 -0.9199349 0.3484132 0.1609051 -0.9142549 0.3718165 0.1522842 -0.9040531 0.3993718 0.1211394 -0.8860708 0.4474415 0.09905427 -0.878545 0.4672762 0.08657288 -0.8661071 0.4923046 0.04882431 -0.8443126 0.5336219 0.02412301 -0.8352883 0.5492829 0.008178055 -0.8208501 0.5710852 -0.03505563 -0.7958914 0.6044238 -0.06172829 -0.7857111 0.6155061 -0.08059883 -0.7695987 0.6334207 -0.1281072 -0.7421694 0.657855 -0.1560449 -0.7312617 0.6640077 -0.1772289 -0.7138067 0.677547 -0.2276254 -0.684704 0.6923635 -0.2560992 -0.6735 0.6934055 -0.2789267 -0.6550899 0.7021803 -0.3307802 -0.6251545 0.7069416 -0.3590139 -0.6140817 0.7028604 -0.3827754 -0.5951299 0.706614 -0.4345534 -0.5652308 0.7011972 -0.4618415 -0.554709 0.6920984 -0.4857618 -0.5356775 0.6907135 -0.5360205 -0.5066657 0.675257 -0.5616107 -0.4971045 0.661423 -0.5849642 -0.4784031 0.6549409 -0.6322205 -0.4511212 0.6299103 -0.6554392 -0.4429427 0.61172 -0.6774834 -0.4249826 0.6003383 -0.7204194 -0.4001799 0.5664381 -0.7406626 -0.3937358 0.5444182 -0.760683 -0.3769437 0.5284647 -0.7980335 -0.3553841 0.4866669 -0.8148081 -0.3509246 0.461454 -0.8321692 -0.3356733 0.4413819 -0.8628642 -0.3179612 0.3928946 -0.8757396 -0.3157559 0.3652102 -0.8898826 -0.302347 0.3416069 -0.9130401 -0.288994 0.2878201 -0.9217107 -0.2892086 0.2584723 -0.9321643 -0.2779413 0.2319878 -0.9471178 -0.2693035 0.1744815 -0.9513977 -0.2720736 0.1442866 -0.9577959 -0.2631366 0.1156991 -0.9641124 -0.259499 0.05610477 -0.9639492 -0.2648175 0.02595686 -0.9660344 -0.2583841 -0.003895819 -0.9635406 -0.2598226 -0.0638886 0.4999966 0.8660275 0 0.5000025 0.866024 7.1493e-7 0.4999972 0.866027 -4.33243e-6 0.4999986 0.8660264 2.83445e-6 0.5000044 0.866023 4.40366e-6 0.4999972 0.8660271 -4.45629e-6 0.4999955 0.866028 9.05461e-6 0.4999882 0.8660322 3.23623e-6 0.5000042 0.8660231 -4.34341e-6 0.4999963 0.8660276 2.29016e-6 0.5000027 0.8660238 4.31252e-6 0.4999928 0.8660297 -4.56502e-6 0.5000056 0.8660223 0 0.4999976 0.8660269 0 0.4999914 0.8660303 4.44346e-6 0.499992 0.86603 -2.15623e-6 0.500002 0.8660243 -2.29017e-6 0.5000019 0.8660244 0 0.500003 0.8660237 -2.27745e-6 0.4999959 0.8660278 0 0.5000019 0.8660244 -2.24508e-6 0.5000014 0.8660247 -2.23714e-6 0.4999961 0.8660278 -1.09735e-6 0.500003 0.8660237 2.85972e-6 0.5000109 0.8660192 0 0.5000066 0.8660216 -1.42325e-6 0.4999994 0.8660259 0 0.4999992 0.866026 -2.28017e-6 0.5000014 0.8660247 0 0.4999999 0.8660255 -3.37518e-6 0.4999973 0.8660271 4.45845e-6 0.499992 0.86603 -4.31067e-6 0.5000031 0.8660237 0 0.4999985 0.8660264 0 0.5000029 0.8660238 0 0.4999983 0.8660265 0 0.5000053 0.8660224 0 0.4999979 0.8660267 4.565e-6 0.4999954 0.8660281 -8.80754e-6 0.5000135 0.8660176 4.57276e-6 0.4999908 0.8660308 -4.3096e-6 0.4999894 0.8660315 6.86651e-6 0.5000027 0.866024 0 0.5000002 0.8660254 4.5423e-6 0.5000025 0.866024 0 0.4999991 0.8660259 0 0.4999996 0.8660257 -4.50877e-6 0.5000061 0.866022 4.35925e-6 0.4999989 0.8660261 0 0.5000079 0.8660209 2.20888e-6 0.4999988 0.8660262 0 0.4999952 0.8660283 0 0.5000011 0.8660249 0 0.5000036 0.8660234 4.32234e-6 0.5000017 0.8660245 -4.5489e-6 0.5000001 0.8660254 4.38112e-6 0.4999902 0.8660311 0 0.4999963 0.8660276 0 0.5000045 0.8660229 0 0.4999979 0.8660267 0 0.4999984 0.8660264 -1.07738e-6 0.5000039 0.8660232 -4.5727e-6 0.499996 0.8660278 4.33864e-6 0.4999983 0.8660264 4.52725e-6 0.5000033 0.8660236 -2.20803e-6 0.4999985 0.8660264 0 0.4999977 0.8660268 -5.13027e-6 0.2476869 -0.9643542 0.09312492 0.2498586 -0.9603868 0.1234014 0.2429786 -0.9567658 0.1598774 0.2396734 -0.953598 0.1822292 0.2248539 -0.9499808 0.2167422 0.223125 -0.9449499 0.2393429 0.2085893 -0.936852 0.2807113 0.2048364 -0.9331632 0.2953788 0.1832092 -0.9246982 0.3337178 0.1797999 -0.9199363 0.3484097 0.1560805 -0.9064184 0.3924853 0.1533079 -0.9036678 0.3998517 0.1240597 -0.8892596 0.4402573 0.1211397 -0.8860664 0.4474499 0.08708381 -0.8664321 0.491642 0.08671224 -0.8660464 0.4923867 0.04925483 -0.8447371 0.5329102 0.04882341 -0.8443164 0.533616 0.003865718 -0.8181944 0.5749288 0.007084429 -0.8214738 0.5702022 -0.03880172 -0.7925212 0.6086089 -0.03506284 -0.7958816 0.6044362 -0.09091734 -0.7632263 0.6397029 -0.0830785 -0.7713929 0.6309128 -0.1373054 -0.7341871 0.6649186 -0.128103 -0.7421665 0.6578591 -0.1772225 -0.7138089 0.6775463 -0.1970136 -0.7061121 0.6801407 -0.2270233 -0.6840133 0.6932434 -0.2456261 -0.6747031 0.6960199 -0.2789234 -0.6550934 0.7021784 -0.3056764 -0.6445757 0.7007741 -0.3306393 -0.6249581 0.707181 -0.3553438 -0.6114765 0.7069847 -0.3827725 -0.5951349 0.7066114 -0.4106249 -0.5842763 0.7000061 -0.4345587 -0.5652403 0.7011863 -0.4650624 -0.5479162 0.6953452 -0.4855594 -0.5350675 0.6913283 -0.5166208 -0.5221995 0.6785358 -0.5360249 -0.5066486 0.6752663 -0.5710327 -0.4867519 0.6610555 -0.5847885 -0.4772947 0.6559057 -0.6191387 -0.4617829 0.6351566 -0.6322132 -0.4511212 0.6299177 -0.6701028 -0.4294475 0.6054232 -0.677438 -0.423922 0.601139 -0.7134158 -0.4060707 0.5710908 -0.7204188 -0.4001942 0.5664286 -0.7589023 -0.3780431 0.5302366 -0.7607053 -0.3765349 0.5287239 -0.7963507 -0.3568627 0.4883386 -0.7980325 -0.3553764 0.4866743 -0.8346461 -0.3341147 0.4378737 -0.8320375 -0.3366079 0.4409182 -0.8652096 -0.3157346 0.389518 -0.8628656 -0.317957 0.3928951 -0.8948373 -0.2991433 0.3313301 -0.8892769 -0.3053905 0.3404752 -0.9177113 -0.2840061 0.2777527 -0.9130404 -0.2889886 0.2878245 -0.9321628 -0.2779465 0.2319878 -0.9364065 -0.2789161 0.2129526 -0.9474475 -0.2679815 0.1747263 -0.9508829 -0.2674503 0.1558593 -0.9577926 -0.263148 0.1156999 -0.9596523 -0.2667078 0.08907693 -0.9642767 -0.2588796 0.05614179 -0.9653797 -0.2591418 0.02979242 -0.9660344 -0.2583841 -0.003896057 -0.9636653 -0.2649782 -0.03370374 -0.9635382 -0.2598319 -0.063887 -0.960107 -0.2621459 -0.09733504 -0.95681 -0.2631909 -0.1234721 -0.9494802 -0.2725864 -0.1555122 -0.9454148 -0.2702909 -0.182027 -0.9352138 -0.2764985 -0.2211871 -0.9302208 -0.2779232 -0.2396833 -0.9160655 -0.2906612 -0.2762972 -0.9102537 -0.2906008 -0.2949401 -0.8915058 -0.3016428 -0.3379779 -0.8868418 -0.3029361 -0.3489146 -0.8643769 -0.3192402 -0.3885079 -0.8590813 -0.3201354 -0.3993654 -0.830401 -0.3368015 -0.4438458 -0.8280186 -0.3374437 -0.4477912 -0.795992 -0.3574078 -0.4885249 -0.7933511 -0.358083 -0.4923115 -0.753831 -0.3808406 -0.535443 -0.755588 -0.3803758 -0.5332928 -0.713052 -0.4039284 -0.5730609 -0.7149786 -0.403335 -0.5710748 -0.6642687 -0.4323269 -0.6097873 -0.6718248 -0.4304217 -0.6028174 -0.6181781 -0.4572867 -0.6393315 -0.6261802 -0.4545999 -0.633433 -0.5786829 -0.4820295 -0.6578555 -0.5652315 -0.4929025 -0.6614836 -0.5292987 -0.5093429 -0.6785372 -0.5152463 -0.5189014 -0.6821017 -0.4791563 -0.5394925 -0.6923562 -0.4595805 -0.5551334 -0.6932623 -0.4276018 -0.5685172 -0.7028122 -0.4068586 -0.5815594 -0.7044535 -0.376029 -0.5990206 -0.7069488 -0.3522928 -0.6179573 -0.7028647 -0.2966115 -0.6452209 -0.704068 -0.272081 -0.6587685 -0.7014243 -0.2477757 -0.6780079 -0.6920351 -0.2210133 -0.688534 -0.6907056 -0.1883582 -0.7076924 -0.6809498 -0.1700833 -0.7168978 -0.6761134 -0.1413134 -0.7382729 -0.659533 -0.1218313 -0.7457886 -0.6549478 -0.08534854 -0.7671116 -0.6358109 -0.07362329 -0.7724029 -0.6308515 -0.04142218 -0.7946946 -0.6055946 -0.02930611 -0.799207 -0.6003411 0.009057581 -0.8215118 -0.5701196 0.01434719 -0.823582 -0.567016 0.04866594 -0.8454059 -0.5319027 0.0539031 -0.8472449 -0.5284606 0.09180438 -0.8691138 -0.4860179 0.09108853 -0.8688759 -0.4865774 0.1260553 -0.8887273 -0.4407652 0.125384 -0.8885235 -0.441367 0.1602302 -0.9083976 -0.3861865 0.1542785 -0.9069038 -0.3920761 0.1881921 -0.9232164 -0.3350452 0.1830952 -0.921841 -0.3415925 0.2121092 -0.9381083 -0.2737928 0.2019866 -0.9365525 -0.2864803 0.233079 -0.9476861 -0.2180948 0.22538 -0.9462453 -0.2319994 0.2403277 -0.9548823 -0.1744778 0.2401648 -0.9588245 -0.1515801 0.2520615 -0.9607529 -0.1158396 0.2535148 -0.962834 -0.09317213 0.2573279 -0.9646939 -0.05610859 0.2526352 -0.9672135 -0.02595508 0.2592439 -0.9658041 0.003895103 0.2567484 -0.9643648 0.06388211 -0.2526332 0.9672141 0.02595484 -0.2573227 0.9646955 0.0561046 -0.2510094 0.9610441 0.1157093 -0.2400813 0.9599691 0.1442924 -0.2403312 0.9548816 0.1744768 -0.2253798 0.9462507 0.231978 -0.2103948 0.94283 0.2584682 -0.2062506 0.9352082 0.2878306 -0.1830995 0.921839 0.3415957 -0.1644272 0.9162894 0.3652089 -0.156072 0.9062376 0.392906 -0.1253858 0.8885181 0.4413773 -0.1034932 0.8811078 0.4614524 -0.09124863 0.8688058 0.4866726 -0.05389219 0.847243 0.5284647 -0.02935451 0.8383005 0.5444177 -0.01361054 0.8239908 0.5664398 0.02930116 0.7992064 0.6003422 0.05587184 0.7891025 0.6117154 0.07455319 0.7730789 0.6299135 0.1218351 0.7457901 0.6549453 0.1497157 0.7349157 0.6614258 0.1707642 0.7175425 0.6752573 0.2210186 0.6885241 0.6907137 0.2494788 0.6773164 0.6921003 0.2722349 0.6589488 0.7011952 0.3240078 0.6290618 0.7066118 0.352302 0.6179586 0.7028588 0.3760045 0.5990403 0.7069453 0.4278627 0.5691038 0.7021783 0.4552194 0.5585372 0.6934058 0.479166 0.5394775 0.6923611 0.5295521 0.510392 0.6775505 0.5552735 0.5007671 0.6640058 0.57868 0.4820311 0.6578568 0.6261875 0.4546037 0.6334231 0.6495929 0.4463043 0.6155011 0.6717179 0.428326 0.604427 0.7149772 0.4033275 0.5710821 0.7354294 0.3967638 0.5492925 0.7556192 0.3798639 0.5336133 0.7933586 0.3580739 0.4923059 0.8103747 0.3534798 0.4672739 0.8279222 0.3381364 0.447447 0.8590773 0.3201388 0.3993714 0.8722189 0.3177806 0.3718197 0.8865837 0.3042667 0.3484123 0.9102628 0.2905756 0.2949368 0.919205 0.2906609 0.265666 0.929915 0.2792354 0.2393444 0.9454139 0.2702922 0.1820296 0.9499869 0.2728749 0.1518692 0.9566511 0.2637987 0.1234056 0.9635398 0.2598287 0.06387621 0.9635381 0.2598314 0.06389063 0.9660311 0.2583962 0.003904163 0.9660323 0.258392 0.003896534 0.964115 0.2594891 -0.05610495 0.9598507 0.2671844 -0.08543503 0.9577916 0.2631465 -0.1157116 0.9471165 0.2693119 -0.1744751 0.9386569 0.2794231 -0.2021037 0.9321648 0.2779382 -0.2319896 0.9130447 0.2889758 -0.2878236 0.9006894 0.3013441 -0.3129704 0.8898829 0.3023557 -0.3415987 0.8628667 0.3179439 -0.392903 0.8470467 0.3323176 -0.4148216 0.8321717 0.3356755 -0.4413755 0.7980269 0.3553935 -0.4866709 0.7792699 0.3714366 -0.5047509 0.7606769 0.3769472 -0.5284708 0.7204075 0.4001947 -0.5664427 0.6992884 0.4176272 -0.580158 0.677482 0.4249905 -0.6003343 0.6322282 0.451102 -0.6299163 0.6094315 0.469501 -0.6388757 0.5849652 0.4784039 -0.6549392 0.5360133 0.5066669 -0.6752619 0.512288 0.5255879 -0.6792043 0.485764 0.535667 -0.69072 0.4345632 0.5652321 -0.7011901 0.4106254 0.584282 -0.700001 0.3827767 0.595132 -0.7066116 0.3307644 0.625161 -0.7069432 0.3073816 0.6438924 -0.7006562 0.2789318 0.6550864 -0.7021815 0.2276278 0.684706 -0.6923606 0.2055243 0.702688 -0.6811677 0.1772272 0.7138131 -0.6775407 0.1281107 0.7421641 -0.6578602 0.1079977 0.7590066 -0.6420635 0.08058536 0.7695948 -0.6334272 0.03506159 0.795884 -0.6044332 0.01757854 0.811202 -0.5845018 -0.008171379 0.8208556 -0.5710774 -0.04882842 0.8443153 -0.5336174 -0.06310272 0.8577824 -0.5101251 -0.08656203 0.8661097 -0.492302 -0.1211347 0.8860681 -0.4474483 -0.1317388 0.897414 -0.4210617 -0.1522923 0.9040564 -0.3993609 -0.1797975 0.9199348 -0.3484148 -0.1863528 0.928946 -0.3198937 -0.203468 0.9336006 -0.294942 -0.2231259 0.9449478 -0.2393501 -0.2253747 0.9514779 -0.209514 -0.2386234 0.9538969 -0.1820424 -0.2498643 0.9603855 -0.1234006 -0.2476801 0.9643568 -0.09311634 -0.2567546 0.9643631 -0.06388294 -0.2592453 0.9658036 -0.003905296 -0.8554674 0.493906 -0.1556684 -0.8554684 0.4939042 -0.1556683 -0.8064904 0.4656242 -0.3643729 -0.8064855 0.4656291 -0.3643773 -0.719797 0.4155741 -0.556049 -0.7197993 0.415573 -0.5560469 -0.5994493 0.3460924 -0.7217206 -0.5994508 0.3460907 -0.7217202 -0.4510754 0.2604275 -0.8536443 -0.4510698 0.2604281 -0.853647 -0.2815973 0.1625811 -0.9456588 -0.2816019 0.1625805 -0.9456574 -0.09896713 0.0571376 -0.993449 -0.09896218 0.0571376 -0.9934495 0.08829432 -0.05097872 -0.9947891 0.08829134 -0.05097889 -0.9947894 0.2714345 -0.1567123 -0.9496129 0.271431 -0.1567122 -0.9496139 0.441877 -0.2551161 -0.8600353 0.4418779 -0.2551164 -0.8600347 0.5916609 -0.3415962 -0.7302394 0.5916607 -0.3415972 -0.7302391 0.7137766 -0.4120961 -0.5663036 0.7137749 -0.4120988 -0.5663037 0.8025169 -0.4633336 -0.3758838 0.8025144 -0.4633326 -0.3758906 0.8537307 -0.4929054 -0.167894 0.8537319 -0.4929037 -0.1678923 0.8650311 -0.4994215 0.04795289 0.8650283 -0.4994258 0.04795771 0.8358741 -0.4825993 0.2615574 0.8358802 -0.4825943 0.2615478 0.7676405 -0.4431995 0.4629279 0.7676425 -0.4431948 0.4629294 0.6635117 -0.3830785 0.6426532 0.6635119 -0.3830791 0.6426526 0.5283561 -0.3050485 0.7923291 0.5283614 -0.3050478 0.7923259 0.368489 -0.2127526 0.9049597 0.3685028 -0.2127514 0.9049545 0.1913939 -0.1105068 0.9752726 0.1914112 -0.1105068 0.9752693 0.005367279 -0.003098189 0.9999808 0.005366802 -0.003098249 0.9999809 -0.1809273 0.1044575 0.9779336 -0.1809267 0.1044578 0.9779337 -0.3587619 0.2071306 0.9101576 -0.358757 0.2071301 0.9101596 -0.5198131 0.3001151 0.7998284 -0.5198153 0.3001161 0.7998266 -0.6565652 0.3790697 0.6520953 -0.6565673 0.3790668 0.652095 -0.7626165 0.4402957 0.4738733 -0.7626149 0.4402983 0.4738735 -0.8330109 0.4809328 0.2734894 -0.833007 0.4809384 0.2734918 -0.8644475 0.4990907 0.06032639 -0.8644502 0.4990861 0.06032496</float_array>
          <technique_common>
            <accessor source="#tail_pipe_assem_-_tptp_bearing-4_via_unit_needle_pulley-2_001-mesh-normals-array" count="839" stride="3">
              <param name="X" type="float"/>
              <param name="Y" type="float"/>
              <param name="Z" type="float"/>
            </accessor>
          </technique_common>
        </source>
        <vertices id="tail_pipe_assem_-_tptp_bearing-4_via_unit_needle_pulley-2_001-mesh-vertices">
          <input semantic="POSITION" source="#tail_pipe_assem_-_tptp_bearing-4_via_unit_needle_pulley-2_001-mesh-positions"/>
        </vertices>
        <triangles material="Material_001-material" count="840">
          <input semantic="VERTEX" source="#tail_pipe_assem_-_tptp_bearing-4_via_unit_needle_pulley-2_001-mesh-vertices" offset="0"/>
          <input semantic="NORMAL" source="#tail_pipe_assem_-_tptp_bearing-4_via_unit_needle_pulley-2_001-mesh-normals" offset="1"/>
          <p>0 0 1 0 2 0 3 1 4 1 5 1 5 2 4 2 6 2 5 3 6 3 7 3 7 4 6 4 8 4 7 5 8 5 9 5 10 6 11 6 12 6 12 7 11 7 13 7 12 8 13 8 14 8 14 9 13 9 15 9 14 10 15 10 2 10 2 11 15 11 16 11 2 12 16 12 0 12 17 13 18 13 19 13 19 14 18 14 20 14 19 15 20 15 21 15 21 16 20 16 22 16 21 17 22 17 23 17 23 18 22 18 24 18 23 19 24 19 10 19 10 20 24 20 25 20 10 21 25 21 11 21 26 22 27 22 28 22 28 23 27 23 29 23 28 24 29 24 30 24 30 25 29 25 31 25 30 26 31 26 32 26 32 27 31 27 33 27 32 28 33 28 3 28 3 29 33 29 34 29 3 30 34 30 4 30 35 31 36 31 37 31 37 32 36 32 38 32 37 33 38 33 39 33 39 34 38 34 40 34 39 35 40 35 17 35 17 36 40 36 41 36 17 37 41 37 18 37 42 38 43 38 44 38 44 39 43 39 45 39 44 40 45 40 46 40 46 41 45 41 47 41 46 42 47 42 48 42 48 43 47 43 49 43 48 44 49 44 35 44 35 45 49 45 50 45 35 46 50 46 36 46 0 47 51 47 1 47 1 48 51 48 52 48 1 49 52 49 53 49 53 50 52 50 54 50 53 51 54 51 55 51 55 52 54 52 56 52 55 53 56 53 26 53 26 54 56 54 57 54 26 55 57 55 27 55 8 56 58 56 9 56 9 57 58 57 59 57 9 58 59 58 60 58 60 59 59 59 61 59 60 60 61 60 62 60 62 61 61 61 63 61 62 62 63 62 64 62 64 63 63 63 65 63 64 64 65 64 42 64 42 65 65 65 66 65 42 66 66 66 43 66 67 67 68 67 69 67 69 68 68 68 70 68 69 69 70 69 71 69 71 70 70 70 72 70 71 71 72 71 73 71 73 72 72 72 74 72 73 73 74 73 75 73 75 74 74 74 76 74 75 75 76 75 77 75 77 76 76 76 78 76 77 77 78 77 79 77 79 78 78 78 80 78 79 79 80 79 81 79 81 80 80 80 82 80 81 81 82 81 83 81 83 82 82 82 84 82 83 83 84 83 85 83 85 84 84 84 86 84 85 85 86 85 87 85 87 86 86 86 88 86 87 87 88 87 89 87 89 88 88 88 90 88 89 89 90 89 91 89 91 90 90 90 92 90 91 91 92 91 93 91 93 92 92 92 94 92 93 93 94 93 95 93 95 94 94 94 96 94 95 95 96 95 97 95 97 96 96 96 98 96 97 97 98 97 99 97 99 98 98 98 100 98 99 99 100 99 101 99 101 100 100 100 102 100 101 101 102 101 103 101 103 102 102 102 104 102 103 103 104 103 105 103 105 104 104 104 106 104 105 105 106 105 107 105 107 106 106 106 108 106 107 107 108 107 109 107 109 108 108 108 110 108 109 109 110 109 111 109 111 110 110 110 112 110 111 111 112 111 113 111 113 112 112 112 114 112 113 113 114 113 115 113 115 114 114 114 116 114 115 115 116 115 117 115 117 116 116 116 118 116 117 117 118 117 119 117 119 118 118 118 120 118 119 119 120 119 121 119 121 120 120 120 122 120 121 121 122 121 123 121 123 122 122 122 124 122 123 123 124 123 125 123 125 124 124 124 126 124 125 125 126 125 127 125 127 126 126 126 128 126 127 127 128 127 129 127 129 128 128 128 130 128 129 129 130 129 131 129 131 130 130 130 132 130 131 131 132 131 133 131 133 132 132 132 134 132 133 133 134 133 135 133 135 134 134 134 136 134 135 135 136 135 137 135 137 136 136 136 138 136 137 137 138 137 139 137 139 138 138 138 140 138 139 139 140 139 141 139 141 140 140 140 142 140 141 141 142 141 143 141 143 142 142 142 144 142 143 143 144 143 145 143 145 144 144 144 146 144 145 145 146 145 147 145 147 146 146 146 148 146 147 147 148 147 149 147 149 148 148 148 150 148 149 149 150 149 151 149 151 150 150 150 152 150 151 151 152 151 153 151 153 152 152 152 154 152 153 153 154 153 155 153 155 154 154 154 156 154 155 155 156 155 157 155 157 156 156 156 158 156 157 157 158 157 159 157 159 158 158 158 160 158 159 159 160 159 161 159 161 160 160 160 162 160 161 161 162 161 163 161 163 162 162 162 164 162 163 163 164 163 165 163 165 164 164 164 166 164 165 165 166 165 167 165 167 166 166 166 168 166 167 167 168 167 169 167 169 168 168 168 170 168 169 169 170 169 171 169 171 170 170 170 172 170 171 171 172 171 173 171 173 172 172 172 174 172 173 173 174 173 175 173 175 174 174 174 176 174 175 175 176 175 177 175 177 176 176 176 178 176 177 177 178 177 179 177 179 178 178 178 180 178 179 179 180 179 181 179 181 180 180 180 182 180 181 181 182 181 183 181 183 182 182 182 184 182 183 183 184 183 185 183 185 184 184 184 186 184 185 185 186 185 187 185 187 186 186 186 188 186 187 187 188 187 189 187 189 188 188 188 190 188 189 189 190 189 191 189 191 190 190 190 192 190 191 191 192 191 193 191 193 192 192 192 194 192 193 193 194 193 195 193 195 194 194 194 196 194 195 195 196 195 197 195 197 196 196 196 198 196 197 197 198 197 199 197 199 198 198 198 200 198 199 199 200 199 201 199 201 200 200 200 202 200 201 201 202 201 203 201 203 202 202 202 204 202 203 203 204 203 67 203 67 204 204 204 68 204 203 205 205 205 201 205 201 206 205 206 206 206 201 207 206 207 199 207 199 208 206 208 207 208 199 209 207 209 197 209 197 210 207 210 208 210 197 211 208 211 195 211 195 212 208 212 209 212 195 213 209 213 193 213 193 214 209 214 210 214 193 215 210 215 191 215 191 216 210 216 211 216 191 217 211 217 189 217 189 218 211 218 212 218 189 219 212 219 187 219 187 220 212 220 213 220 187 221 213 221 185 221 185 222 213 222 214 222 185 223 214 223 183 223 183 224 214 224 215 224 183 225 215 225 181 225 181 226 215 226 216 226 181 227 216 227 179 227 179 228 216 228 217 228 179 229 217 229 177 229 217 230 218 230 177 230 177 231 218 231 219 231 177 232 219 232 175 232 175 233 219 233 220 233 175 234 220 234 173 234 173 235 220 235 221 235 173 236 221 236 171 236 171 237 221 237 222 237 171 238 222 238 169 238 169 239 222 239 223 239 169 240 223 240 167 240 167 241 223 241 224 241 167 242 224 242 165 242 165 243 224 243 225 243 165 244 225 244 163 244 163 245 225 245 226 245 163 246 226 246 161 246 161 247 226 247 227 247 161 248 227 248 159 248 159 249 227 249 228 249 159 250 228 250 157 250 157 251 228 251 229 251 157 252 229 252 155 252 155 253 229 253 230 253 155 254 230 254 153 254 153 255 230 255 231 255 153 256 231 256 151 256 151 257 231 257 232 257 151 258 232 258 149 258 149 259 232 259 233 259 149 260 233 260 147 260 147 261 233 261 234 261 147 262 234 262 145 262 145 263 234 263 235 263 145 264 235 264 143 264 235 265 236 265 143 265 143 266 236 266 237 266 143 267 237 267 141 267 141 268 237 268 238 268 141 269 238 269 139 269 139 270 238 270 239 270 139 271 239 271 137 271 137 272 239 272 240 272 137 273 240 273 135 273 135 274 240 274 241 274 135 275 241 275 133 275 133 276 241 276 242 276 133 277 242 277 131 277 131 278 242 278 243 278 131 279 243 279 129 279 129 280 243 280 244 280 129 281 244 281 127 281 127 282 244 282 245 282 127 283 245 283 125 283 125 284 245 284 246 284 125 285 246 285 123 285 123 286 246 286 247 286 123 287 247 287 121 287 121 288 247 288 248 288 121 289 248 289 119 289 119 290 248 290 249 290 119 291 249 291 117 291 117 292 249 292 250 292 117 293 250 293 115 293 115 294 250 294 251 294 115 295 251 295 113 295 113 296 251 296 252 296 113 297 252 297 111 297 111 298 252 298 253 298 111 299 253 299 109 299 253 300 254 300 109 300 109 301 254 301 255 301 109 302 255 302 107 302 107 303 255 303 256 303 107 304 256 304 105 304 105 305 256 305 257 305 105 306 257 306 103 306 103 307 257 307 258 307 103 308 258 308 101 308 101 309 258 309 259 309 101 310 259 310 99 310 99 311 259 311 260 311 99 312 260 312 97 312 97 313 260 313 261 313 97 314 261 314 95 314 95 315 261 315 262 315 95 316 262 316 93 316 93 317 262 317 263 317 93 318 263 318 91 318 91 319 263 319 264 319 91 320 264 320 89 320 89 321 264 321 265 321 89 322 265 322 87 322 87 323 265 323 266 323 87 324 266 324 85 324 85 325 266 325 267 325 85 326 267 326 83 326 83 327 267 327 268 327 83 328 268 328 81 328 81 329 268 329 269 329 81 330 269 330 79 330 79 331 269 331 270 331 79 332 270 332 77 332 77 333 270 333 271 333 77 334 271 334 75 334 75 335 271 335 272 335 75 336 272 336 73 336 73 337 272 337 273 337 73 338 273 338 71 338 273 339 274 339 71 339 71 340 274 340 275 340 71 341 275 341 69 341 69 342 275 342 276 342 69 343 276 343 67 343 67 344 276 344 277 344 67 345 277 345 203 345 203 346 277 346 278 346 203 347 278 347 205 347 45 348 43 348 240 348 240 349 239 349 45 349 45 350 239 350 238 350 45 351 238 351 47 351 238 352 237 352 47 352 47 353 237 353 236 353 47 354 236 354 49 354 236 355 235 355 49 355 49 356 235 356 234 356 49 357 234 357 50 357 234 358 233 358 50 358 50 359 233 359 232 359 50 360 232 360 36 360 232 361 231 361 36 361 36 362 231 362 230 362 36 363 230 363 38 363 230 364 229 364 38 364 38 365 229 365 228 365 38 366 228 366 40 366 228 367 227 367 40 367 40 368 227 368 226 368 40 369 226 369 41 369 226 370 225 370 41 370 41 371 225 371 224 371 41 372 224 372 18 372 224 373 223 373 18 373 18 374 223 374 222 374 18 375 222 375 20 375 222 376 221 376 20 376 20 377 221 377 220 377 20 378 220 378 22 378 220 379 219 379 22 379 22 380 219 380 218 380 22 381 218 381 24 381 218 382 217 382 24 382 24 383 217 383 216 383 24 384 216 384 25 384 216 385 215 385 25 385 25 386 215 386 214 386 25 387 214 387 11 387 214 388 213 388 11 388 11 389 213 389 212 389 11 390 212 390 13 390 212 391 211 391 13 391 13 392 211 392 210 392 13 393 210 393 15 393 210 394 209 394 15 394 15 395 209 395 208 395 15 396 208 396 16 396 208 397 207 397 16 397 16 398 207 398 206 398 16 399 206 399 0 399 0 400 206 400 205 400 0 401 205 401 51 401 51 402 205 402 278 402 51 403 278 403 52 403 278 404 277 404 52 404 52 405 277 405 276 405 52 406 276 406 54 406 276 407 275 407 54 407 54 408 275 408 274 408 54 409 274 409 56 409 274 410 273 410 56 410 56 411 273 411 272 411 56 412 272 412 57 412 272 413 271 413 57 413 57 414 271 414 270 414 57 415 270 415 27 415 270 416 269 416 27 416 27 417 269 417 268 417 27 418 268 418 29 418 268 419 267 419 29 419 29 420 267 420 266 420 29 421 266 421 31 421 266 422 265 422 31 422 31 423 265 423 264 423 31 424 264 424 33 424 264 425 263 425 33 425 33 426 263 426 262 426 33 427 262 427 34 427 262 428 261 428 34 428 34 429 261 429 260 429 34 430 260 430 4 430 260 431 259 431 4 431 4 432 259 432 258 432 4 433 258 433 6 433 258 434 257 434 6 434 6 435 257 435 256 435 6 436 256 436 8 436 256 437 255 437 8 437 8 438 255 438 254 438 8 439 254 439 58 439 254 440 253 440 58 440 58 441 253 441 252 441 58 442 252 442 59 442 252 443 251 443 59 443 59 444 251 444 250 444 59 445 250 445 61 445 250 446 249 446 61 446 61 447 249 447 248 447 61 448 248 448 63 448 248 449 247 449 63 449 63 450 247 450 246 450 63 451 246 451 65 451 246 452 245 452 65 452 65 453 245 453 244 453 65 454 244 454 66 454 244 455 243 455 66 455 66 456 243 456 242 456 66 457 242 457 43 457 43 458 242 458 241 458 43 459 241 459 240 459 279 460 280 460 281 460 281 461 280 461 282 461 281 462 282 462 283 462 283 463 282 463 284 463 283 464 284 464 285 464 285 465 284 465 286 465 285 466 286 466 287 466 288 467 289 467 290 467 286 468 291 468 287 468 287 469 291 469 292 469 287 470 292 470 293 470 293 471 292 471 294 471 293 472 294 472 295 472 295 473 294 473 296 473 295 474 296 474 297 474 298 475 299 475 300 475 300 476 299 476 301 476 300 477 301 477 302 477 302 478 301 478 303 478 302 479 303 479 304 479 304 480 303 480 305 480 304 481 305 481 279 481 279 482 305 482 306 482 279 483 306 483 280 483 288 484 307 484 289 484 289 485 307 485 308 485 289 486 308 486 309 486 309 487 308 487 310 487 309 488 310 488 311 488 311 489 310 489 312 489 311 490 312 490 313 490 314 491 315 491 316 491 316 492 315 492 317 492 316 493 317 493 318 493 318 494 317 494 319 494 318 495 319 495 298 495 298 496 319 496 320 496 298 497 320 497 299 497 312 498 321 498 313 498 313 499 321 499 322 499 313 500 322 500 323 500 323 501 322 501 324 501 323 502 324 502 325 502 325 503 324 503 326 503 325 504 326 504 327 504 327 505 326 505 328 505 327 506 328 506 314 506 314 507 328 507 329 507 314 508 329 508 315 508 296 509 330 509 297 509 297 510 330 510 331 510 297 511 331 511 332 511 332 512 331 512 333 512 332 513 333 513 334 513 334 514 333 514 335 514 334 515 335 515 336 515 336 516 335 516 337 516 336 517 337 517 338 517 337 518 339 518 338 518 338 519 339 519 340 519 338 520 340 520 341 520 341 521 340 521 342 521 341 522 342 522 343 522 343 523 342 523 344 523 343 524 344 524 290 524 290 525 344 525 345 525 290 526 345 526 288 526 204 527 346 527 68 527 68 528 346 528 347 528 68 529 347 529 70 529 70 530 347 530 348 530 70 531 348 531 72 531 72 532 348 532 349 532 72 533 349 533 74 533 74 534 349 534 350 534 74 535 350 535 76 535 76 536 350 536 351 536 76 537 351 537 78 537 78 538 351 538 352 538 78 539 352 539 80 539 80 540 352 540 353 540 80 541 353 541 82 541 82 542 353 542 354 542 82 543 354 543 84 543 84 544 354 544 355 544 84 545 355 545 86 545 86 546 355 546 356 546 86 547 356 547 88 547 88 548 356 548 357 548 88 549 357 549 90 549 90 550 357 550 358 550 90 551 358 551 92 551 358 552 359 552 92 552 92 553 359 553 360 553 92 554 360 554 94 554 94 555 360 555 361 555 94 556 361 556 96 556 96 557 361 557 362 557 96 558 362 558 98 558 98 559 362 559 363 559 98 560 363 560 100 560 100 561 363 561 364 561 100 562 364 562 102 562 102 563 364 563 365 563 102 564 365 564 104 564 104 565 365 565 366 565 104 566 366 566 106 566 106 567 366 567 367 567 106 568 367 568 108 568 108 569 367 569 368 569 108 570 368 570 110 570 110 571 368 571 369 571 110 572 369 572 112 572 112 573 369 573 370 573 112 574 370 574 114 574 114 575 370 575 371 575 114 576 371 576 116 576 116 577 371 577 372 577 116 578 372 578 118 578 118 579 372 579 373 579 118 580 373 580 120 580 120 581 373 581 374 581 120 582 374 582 122 582 122 583 374 583 375 583 122 584 375 584 124 584 124 585 375 585 376 585 124 586 376 586 126 586 376 587 377 587 126 587 126 588 377 588 378 588 126 589 378 589 128 589 128 590 378 590 379 590 128 591 379 591 130 591 130 592 379 592 380 592 130 593 380 593 132 593 132 594 380 594 381 594 132 595 381 595 134 595 134 596 381 596 382 596 134 597 382 597 136 597 136 598 382 598 383 598 136 599 383 599 138 599 138 600 383 600 384 600 138 601 384 601 140 601 140 602 384 602 385 602 140 603 385 603 142 603 142 604 385 604 386 604 142 605 386 605 144 605 144 606 386 606 387 606 144 607 387 607 146 607 146 608 387 608 388 608 146 609 388 609 148 609 148 610 388 610 389 610 148 611 389 611 150 611 150 612 389 612 390 612 150 613 390 613 152 613 152 614 390 614 391 614 152 615 391 615 154 615 154 616 391 616 392 616 154 617 392 617 156 617 156 618 392 618 393 618 156 619 393 619 158 619 158 620 393 620 394 620 158 621 394 621 160 621 394 622 395 622 160 622 160 623 395 623 396 623 160 624 396 624 162 624 162 625 396 625 397 625 162 626 397 626 164 626 164 627 397 627 398 627 164 628 398 628 166 628 166 629 398 629 399 629 166 630 399 630 168 630 168 631 399 631 400 631 168 632 400 632 170 632 170 374 400 374 401 374 170 633 401 633 172 633 172 634 401 634 402 634 172 635 402 635 174 635 174 636 402 636 403 636 174 637 403 637 176 637 176 638 403 638 404 638 176 639 404 639 178 639 178 640 404 640 405 640 178 641 405 641 180 641 180 642 405 642 406 642 180 643 406 643 182 643 182 644 406 644 407 644 182 645 407 645 184 645 184 646 407 646 408 646 184 647 408 647 186 647 186 648 408 648 409 648 186 649 409 649 188 649 188 650 409 650 410 650 188 651 410 651 190 651 190 652 410 652 411 652 190 653 411 653 192 653 192 654 411 654 412 654 192 655 412 655 194 655 194 656 412 656 413 656 194 657 413 657 196 657 196 658 413 658 414 658 196 659 414 659 198 659 414 660 415 660 198 660 198 661 415 661 416 661 198 662 416 662 200 662 200 663 416 663 417 663 200 664 417 664 202 664 202 665 417 665 418 665 202 666 418 666 204 666 204 667 418 667 419 667 204 668 419 668 346 668 282 669 280 669 381 669 381 670 380 670 282 670 282 671 380 671 379 671 282 672 379 672 284 672 379 673 378 673 284 673 284 674 378 674 377 674 284 675 377 675 286 675 377 676 376 676 286 676 286 677 376 677 375 677 286 678 375 678 291 678 375 679 374 679 291 679 291 680 374 680 373 680 291 681 373 681 292 681 373 682 372 682 292 682 292 683 372 683 371 683 292 684 371 684 294 684 371 685 370 685 294 685 294 686 370 686 369 686 294 687 369 687 296 687 369 688 368 688 296 688 296 689 368 689 367 689 296 690 367 690 330 690 367 691 366 691 330 691 330 692 366 692 365 692 330 693 365 693 331 693 365 694 364 694 331 694 331 695 364 695 363 695 331 696 363 696 333 696 363 697 362 697 333 697 333 698 362 698 361 698 333 699 361 699 335 699 361 700 360 700 335 700 335 701 360 701 359 701 335 702 359 702 337 702 359 703 358 703 337 703 337 704 358 704 357 704 337 705 357 705 339 705 357 706 356 706 339 706 339 707 356 707 355 707 339 708 355 708 340 708 355 709 354 709 340 709 340 710 354 710 353 710 340 711 353 711 342 711 353 712 352 712 342 712 342 713 352 713 351 713 342 714 351 714 344 714 351 715 350 715 344 715 344 716 350 716 349 716 344 717 349 717 345 717 349 718 348 718 345 718 345 719 348 719 347 719 345 720 347 720 288 720 288 721 347 721 346 721 288 722 346 722 307 722 307 723 346 723 419 723 307 724 419 724 308 724 419 725 418 725 308 725 308 726 418 726 417 726 308 727 417 727 310 727 417 728 416 728 310 728 310 729 416 729 415 729 310 730 415 730 312 730 415 731 414 731 312 731 312 732 414 732 413 732 312 733 413 733 321 733 413 734 412 734 321 734 321 735 412 735 411 735 321 736 411 736 322 736 411 737 410 737 322 737 322 738 410 738 409 738 322 739 409 739 324 739 409 740 408 740 324 740 324 741 408 741 407 741 324 742 407 742 326 742 407 743 406 743 326 743 326 744 406 744 405 744 326 745 405 745 328 745 405 746 404 746 328 746 328 747 404 747 403 747 328 748 403 748 329 748 403 749 402 749 329 749 329 750 402 750 401 750 329 751 401 751 315 751 401 752 400 752 315 752 315 753 400 753 399 753 315 754 399 754 317 754 399 755 398 755 317 755 317 756 398 756 397 756 317 757 397 757 319 757 397 758 396 758 319 758 319 759 396 759 395 759 319 760 395 760 320 760 395 761 394 761 320 761 320 762 394 762 393 762 320 763 393 763 299 763 393 764 392 764 299 764 299 765 392 765 391 765 299 766 391 766 301 766 391 767 390 767 301 767 301 768 390 768 389 768 301 769 389 769 303 769 389 770 388 770 303 770 303 771 388 771 387 771 303 772 387 772 305 772 387 773 386 773 305 773 305 774 386 774 385 774 305 775 385 775 306 775 385 776 384 776 306 776 306 777 384 777 383 777 306 778 383 778 280 778 280 779 383 779 382 779 280 780 382 780 381 780 289 781 1 781 290 781 290 782 1 782 53 782 290 783 53 783 343 783 343 784 53 784 55 784 343 785 55 785 341 785 341 786 55 786 26 786 341 787 26 787 338 787 338 788 26 788 28 788 338 789 28 789 336 789 336 790 28 790 30 790 336 791 30 791 334 791 334 792 30 792 32 792 334 793 32 793 332 793 332 794 32 794 3 794 332 795 3 795 297 795 297 796 3 796 5 796 297 797 5 797 295 797 295 798 5 798 7 798 295 799 7 799 293 799 293 800 7 800 9 800 293 801 9 801 287 801 287 802 9 802 60 802 287 803 60 803 285 803 285 804 60 804 62 804 285 805 62 805 283 805 283 806 62 806 64 806 283 807 64 807 281 807 281 808 64 808 42 808 281 809 42 809 279 809 279 810 42 810 44 810 279 811 44 811 304 811 304 812 44 812 46 812 304 813 46 813 302 813 302 814 46 814 48 814 302 815 48 815 300 815 300 816 48 816 35 816 300 817 35 817 298 817 298 818 35 818 37 818 298 819 37 819 318 819 318 820 37 820 39 820 318 821 39 821 316 821 316 822 39 822 17 822 316 823 17 823 314 823 314 824 17 824 19 824 314 825 19 825 327 825 327 826 19 826 21 826 327 827 21 827 325 827 325 828 21 828 23 828 325 829 23 829 323 829 323 830 23 830 10 830 323 831 10 831 313 831 313 832 10 832 12 832 313 833 12 833 311 833 311 834 12 834 14 834 311 835 14 835 309 835 309 836 14 836 2 836 309 837 2 837 289 837 289 838 2 838 1 838</p>
        </triangles>
      </mesh>
    </geometry>
    <geometry id="tail_pipe_assem_-_tptp_bearing-4_via_unit_needle_pulley-1_001-mesh" name="tail_pipe_assem - tptp_bearing-4 via_unit_needle_pulley-1.001">
      <mesh>
        <source id="tail_pipe_assem_-_tptp_bearing-4_via_unit_needle_pulley-1_001-mesh-positions">
          <float_array id="tail_pipe_assem_-_tptp_bearing-4_via_unit_needle_pulley-1_001-mesh-positions-array" count="1260">87.58736 7.830132 42.87086 86.72663 8.327077 43.26619 86.66731 8.361328 42.40395 83.35098 10.27601 47.14874 82.95462 10.50484 48.13722 82.60449 10.70699 47.07684 82.22915 10.9237 48.00511 81.88886 11.12016 46.82133 81.53344 11.32536 47.73333 81.23751 11.49622 46.39415 85.58235 8.98773 40.17786 86.47586 8.471858 39.79662 86.08146 8.699562 40.82282 86.92046 8.215168 40.47164 86.44885 8.487455 41.5766 87.25987 8.019212 41.2237 87.48432 7.889623 42.03119 82.80309 10.59233 39.18556 83.20595 10.35974 38.15045 83.55193 10.15999 39.16384 83.93852 9.936793 38.21104 84.2873 9.735425 39.32851 84.65167 9.525051 38.41371 84.97482 9.338484 39.67187 85.32492 9.136357 38.75264 85.93886 8.781893 39.21807 85.95967 8.769876 45.66217 86.3018 8.572352 46.71309 85.42897 9.076284 46.27258 85.73661 8.898662 47.25465 84.79701 9.441139 46.73698 85.10029 9.266041 47.67813 84.09339 9.847379 47.03366 84.41115 9.66392 47.97134 83.689 10.08085 48.12586 80.81932 11.73766 40.31601 80.4988 11.92271 39.30227 81.40409 11.40005 39.77544 81.10173 11.57461 38.818 82.07581 11.01223 39.39265 81.76686 11.1906 38.45836 82.47506 10.78172 38.23369 79.81076 12.31995 43.46678 78.93569 12.82518 43.00476 79.83252 12.30739 42.6022 79.01921 12.77696 42.1622 80.01473 12.20219 41.76322 79.22483 12.65824 41.34806 80.34888 12.00927 40.9891 79.54666 12.47243 40.58576 79.97543 12.22488 39.89722 87.59229 7.827288 43.29523 87.56603 7.842449 43.71856 86.62404 8.386304 44.12299 87.42093 7.926219 44.54991 86.36434 8.536241 44.93429 87.15625 8.079034 45.34098 86.7796 8.296497 46.06902 80.88752 11.69828 47.3297 80.30997 12.03174 46.80582 80.68093 11.81756 45.81528 79.8174 12.31612 46.17678 80.24512 12.06917 45.11178 79.42398 12.54326 45.46065 79.95048 12.23929 44.31656 79.14103 12.70662 44.67805 78.97669 12.8015 43.8515 89.00877 10.47358 44.13779 90.00877 12.20563 44.13779 88.99027 10.48427 44.23847 89.99027 12.21632 44.23847 88.80314 10.5923 44.95193 89.80314 12.32435 44.95193 88.7355 10.63136 45.14236 89.7355 12.36341 45.14236 88.48131 10.77811 45.71424 89.48131 12.51016 45.71424 88.33718 10.86132 45.97424 89.33718 12.59337 45.97424 88.05255 11.02566 46.40277 89.05255 12.75771 46.40277 87.80973 11.16585 46.70405 88.80973 12.8979 46.70405 87.52917 11.32783 46.99773 88.52917 13.05988 46.99773 87.17219 11.53393 47.3054 88.17219 13.26598 47.3054 86.92624 11.67593 47.48199 87.92624 13.40798 47.48199 86.44762 11.95227 47.75657 87.44762 13.68432 47.75657 86.26111 12.05994 47.84164 87.26111 13.79199 47.84164 85.66219 12.40573 48.04125 86.66219 14.13778 48.04125 85.55291 12.46882 48.06631 86.55291 14.20087 48.06631 84.8443 12.87794 48.14914 85.8443 14.60999 48.14914 84.82202 12.8908 48.14955 85.82202 14.62285 48.14955 84.08946 13.31375 48.08896 85.08946 15.0458 48.08896 84.02351 13.35182 48.07635 85.02351 15.08388 48.07635 83.3763 13.72549 47.88629 84.3763 15.45754 47.88629 83.22948 13.81026 47.82551 84.22948 15.54231 47.82551 82.70306 14.11419 47.54736 83.70306 15.84624 47.54736 82.49091 14.23667 47.40568 83.49091 15.96872 47.40568 82.08911 14.46865 47.08193 83.08911 16.2007 47.08193 81.8345 14.61565 46.83204 82.8345 16.3477 46.83204 81.55211 14.77868 46.50338 82.55211 16.51074 46.50338 81.28396 14.9335 46.12533 82.28396 16.66555 46.12533 81.10752 15.03537 45.82836 82.10752 16.76742 45.82836 80.85921 15.17874 45.31107 81.85921 16.91079 45.31107 80.76811 15.23133 45.07629 81.76811 16.96338 45.07629 80.57558 15.34249 44.41872 81.57558 17.07454 44.41872 80.54366 15.36092 44.26881 81.54366 17.09297 44.26881 80.44333 15.41884 43.4805 81.44333 17.15089 43.4805 80.44062 15.42041 43.42914 81.44062 17.15246 43.42914 80.46195 15.40809 42.58143 81.46195 17.14015 42.58143 80.46724 15.40504 42.53034 81.46724 17.13709 42.53034 80.60704 15.32432 41.75009 81.60704 17.05637 41.75009 80.64645 15.30157 41.60258 81.64645 17.03362 41.60258 80.87172 15.17151 40.95902 81.87172 16.90356 40.95902 80.97447 15.11218 40.73074 81.97447 16.84424 40.73074 81.24839 14.95405 40.23097 82.24839 16.6861 40.23097 81.43946 14.84372 39.94635 82.43946 16.57577 39.94635 81.72618 14.67819 39.58691 82.72618 16.41024 39.58691 82.02461 14.50589 39.27774 83.02461 16.23794 39.27774 82.29136 14.35188 39.04535 83.29136 16.08393 39.04535 82.70877 14.11089 38.74908 83.70877 15.84294 38.74908 82.92768 13.9845 38.62187 83.92768 15.71655 38.62187 83.4672 13.67301 38.37948 84.4672 15.40506 38.37948 83.61682 13.58662 38.32865 84.61682 15.31867 38.32865 84.2725 13.20807 38.18231 85.2725 14.94012 38.18231 84.33898 13.16969 38.17414 85.33898 14.90174 38.17414 85.07335 12.7457 38.16278 86.07335 14.47775 38.16278 85.09557 12.73287 38.16468 86.09557 14.46492 38.16468 85.79882 12.32684 38.29488 86.79882 14.0589 38.29488 85.90666 12.26459 38.32723 86.90666 13.99664 38.32723 86.49453 11.92518 38.56666 87.49453 13.65723 38.56666 86.67644 11.82015 38.66409 87.67644 13.5522 38.66409 87.14045 11.55226 38.9703 88.14045 13.28431 38.9703 87.3771 11.41563 39.16308 88.3771 13.14768 39.16308 87.718 11.21881 39.49417 88.718 12.95086 39.49417 87.98332 11.06562 39.80617 88.98332 12.79768 39.80617 88.21057 10.93442 40.12322 89.21057 12.66647 40.12322 88.47319 10.7828 40.57012 89.47319 12.51485 40.57012 88.604 10.70728 40.83935 89.604 12.43933 40.83935 88.82899 10.57738 41.4273 89.82899 12.30943 41.4273 88.88694 10.54392 41.62194 89.88694 12.27597 41.62194 89.03787 10.45678 42.34675 90.03787 12.18883 42.34675 89.05129 10.44904 42.4485 90.05129 12.18109 42.4485 89.09229 10.42536 43.29523 90.09229 12.15741 43.29523 89.63437 8.38034 42.78712 89.58747 8.407417 42.23805 89.50042 8.457679 41.69555 89.37384 8.530763 41.16352 89.20863 8.626144 40.64582 89.006 8.743133 40.14615 88.7674 8.880887 39.66813 88.49456 9.038416 39.21519 88.18943 9.214583 38.7906 87.85421 9.408119 38.39743 87.49133 9.61763 38.03849 87.10339 9.841605 37.71639 86.69319 10.07843 37.43343 86.26369 10.3264 37.19166 85.81798 10.58373 36.99282 85.35928 10.84857 36.83835 84.89088 11.119 36.72935 84.41616 11.39308 36.66661 83.93854 11.66883 36.65058 83.46147 11.94427 36.68138 82.98838 12.21741 36.75879 82.52268 12.48628 36.88225 82.06772 12.74895 37.05087 81.62679 13.00352 37.26343 81.20306 13.24816 37.5184 80.79957 13.48111 37.81395 80.41925 13.70069 38.14795 80.06483 13.90532 38.51799 79.73886 14.09351 38.92139 79.4437 14.26393 39.35527 79.18147 14.41533 39.81649 78.95404 14.54663 40.30172 78.76309 14.65688 40.80748 78.60996 14.74529 41.33012 78.49577 14.81122 41.86587 78.42134 14.85419 42.41086 78.38719 14.8739 42.96119 78.3936 14.8702 43.51288 78.4405 14.84313 44.06195 78.52756 14.79286 44.60445 78.65414 14.71978 45.13647 78.81935 14.6244 45.65418 79.02198 14.50741 46.15385 79.26058 14.36965 46.63187 79.53342 14.21213 47.08481 79.83855 14.03596 47.50939 80.17377 13.84242 47.90257 80.53665 13.63291 48.2615 80.92459 13.40894 48.58361 81.33478 13.17211 48.86656 81.76428 12.92414 49.10833 82.20999 12.66681 49.30717 82.6687 12.40197 49.46165 83.1371 12.13154 49.57065 83.61182 11.85746 49.63339 84.08943 11.58171 49.64941 84.5665 11.30628 49.61861 85.03959 11.03314 49.54121 85.5053 10.76426 49.41775 85.96025 10.50159 49.24913 86.40119 10.24702 49.03657 86.82492 10.00238 48.7816 87.2284 9.769429 48.48604 87.60872 9.549851 48.15205 87.96315 9.345226 47.78201 88.28911 9.157028 47.3786 88.58428 8.986615 46.94473 88.84651 8.835213 46.48351 89.07393 8.703913 45.99827 89.26489 8.593663 45.49251 89.41802 8.505254 44.96988 89.53221 8.439326 44.43413 89.60664 8.396352 43.88913 89.64078 8.376643 43.3388 83.83252 19.23559 42.6022 82.93569 19.75338 43.00476 83.81076 19.24815 43.46678 82.97669 19.72971 43.8515 83.95048 19.16749 44.31656 83.14103 19.63483 44.67805 84.24513 18.99738 45.11178 83.42398 19.47147 45.46065 84.68093 18.74577 45.81528 91.56603 14.77065 43.71856 90.72663 15.25528 43.26619 90.62404 15.31451 44.12299 83.8174 19.24433 46.17678 84.30997 18.95994 46.80582 85.23751 18.42442 46.39415 84.88752 18.62649 47.3297 85.88886 18.04837 46.82133 85.53344 18.25357 47.73333 86.60449 17.63519 47.07684 85.40409 18.32825 39.77544 84.4988 18.85091 39.30227 84.81932 18.66586 40.31601 83.97543 19.15309 39.89722 84.34888 18.93748 40.9891 83.54666 19.40064 40.58576 84.01473 19.13039 41.76322 83.22483 19.58644 41.34806 83.01921 19.70516 42.1622 91.59229 14.75549 43.29523 91.58736 14.75833 42.87086 90.66731 15.28953 42.40395 91.48432 14.81783 42.03119 90.44885 15.41566 41.5766 91.25987 14.94742 41.2237 90.08147 15.62776 40.82282 87.55193 17.0882 39.16384 87.20595 17.28794 38.15045 86.80309 17.52054 39.18556 86.47506 17.70993 38.23369 86.07581 17.94043 39.39265 85.76686 18.1188 38.45836 85.10173 18.50282 38.818 90.92046 15.14337 40.47164 90.47586 15.40006 39.79662 89.58235 15.91593 40.17786 89.93886 15.7101 39.21807 88.97482 16.26669 39.67187 89.32492 16.06456 38.75264 88.2873 16.66363 39.32851 88.65167 16.45325 38.41371 87.93852 16.865 38.21104 86.22915 17.8519 48.00511 86.95462 17.43305 48.13722 87.35098 17.20421 47.14874 87.689 17.00906 48.12586 88.09339 16.77558 47.03366 88.41115 16.59212 47.97134 88.79701 16.36934 46.73698 89.10029 16.19425 47.67813 89.42897 16.00449 46.27258 89.73661 15.82686 47.25465 90.3018 15.50055 46.71309 89.95967 15.69808 45.66217 90.7796 15.2247 46.06902 90.36434 15.46444 44.93429 91.15625 15.00724 45.34098 91.42093 14.85442 44.54991 92.10664 12.72648 43.88913 92.03221 12.76945 44.43413 91.91802 12.83538 44.96988 91.76489 12.92379 45.49251 91.57393 13.03404 45.99827 91.34651 13.16534 46.48351 91.08428 13.31674 46.94473 90.78911 13.48715 47.3786 90.46315 13.67535 47.78201 90.10872 13.87998 48.15205 89.7284 14.09956 48.48604 89.32492 14.3325 48.7816 88.90119 14.57715 49.03657 88.46025 14.83172 49.24913 88.0053 15.09439 49.41775 87.53959 15.36326 49.54121 87.0665 15.6364 49.61861 86.58943 15.91184 49.64941 86.11182 16.18759 49.63339 85.6371 16.46167 49.57065 85.1687 16.7321 49.46165 84.70999 16.99694 49.30717 84.26428 17.25427 49.10833 83.83478 17.50224 48.86656 83.42459 17.73907 48.58361 83.03665 17.96304 48.2615 82.67377 18.17255 47.90257 82.33855 18.36609 47.50939 82.03342 18.54225 47.08481 81.76058 18.69978 46.63187 81.52198 18.83754 46.15385 81.31935 18.95453 45.65418 81.15414 19.04991 45.13647 81.02756 19.12299 44.60445 80.9405 19.17325 44.06195 80.8936 19.20033 43.51288 80.88719 19.20403 42.96119 80.92134 19.18432 42.41086 80.99577 19.14134 41.86587 81.10996 19.07542 41.33012 81.26309 18.98701 40.80748 81.45404 18.87676 40.30172 81.68147 18.74546 39.81649 81.9437 18.59406 39.35527 82.23886 18.42364 38.92139 82.56483 18.23544 38.51799 82.91925 18.03082 38.14795 83.29957 17.81124 37.81395 83.70306 17.57829 37.5184 84.12679 17.33365 37.26343 84.56772 17.07908 37.05087 85.02268 16.81641 36.88225 85.48838 16.54753 36.75879 85.96147 16.27439 36.68138 86.43854 15.99896 36.65058 86.91616 15.7232 36.66661 87.39088 15.44913 36.72935 87.85928 15.17869 36.83835 88.31798 14.91386 36.99282 88.76369 14.65653 37.19166 89.19319 14.40856 37.43343 89.60339 14.17173 37.71639 89.99133 13.94776 38.03849 90.35421 13.73824 38.39743 90.68943 13.54471 38.7906 90.99456 13.36854 39.21519 91.2674 13.21101 39.66813 91.506 13.07326 40.14615 91.70863 12.95627 40.64582 91.87384 12.86089 41.16352 92.00042 12.78781 41.69555 92.08747 12.73754 42.23805 92.13437 12.71047 42.78712 92.14078 12.70677 43.3388</float_array>
          <technique_common>
            <accessor source="#tail_pipe_assem_-_tptp_bearing-4_via_unit_needle_pulley-1_001-mesh-positions-array" count="420" stride="3">
              <param name="X" type="float"/>
              <param name="Y" type="float"/>
              <param name="Z" type="float"/>
            </accessor>
          </technique_common>
        </source>
        <source id="tail_pipe_assem_-_tptp_bearing-4_via_unit_needle_pulley-1_001-mesh-normals">
          <float_array id="tail_pipe_assem_-_tptp_bearing-4_via_unit_needle_pulley-1_001-mesh-normals-array" count="2520">-0.5000039 -0.8660233 -4.5847e-6 -0.4999878 -0.8660325 1.07765e-6 -0.5000047 -0.8660228 0 -0.4999994 -0.8660258 2.17284e-6 -0.5000019 -0.8660244 -1.12971e-6 -0.4999939 -0.866029 -1.66098e-6 -0.5000026 -0.8660239 -4.84831e-6 -0.499992 -0.8660301 -1.14315e-6 -0.5000035 -0.8660234 1.08468e-6 -0.4999889 -0.866032 2.26359e-6 -0.5 -0.8660255 1.10402e-6 -0.5000095 -0.86602 -2.22202e-6 -0.5000017 -0.8660244 2.13765e-6 -0.4999945 -0.8660287 2.69416e-6 -0.5000004 -0.8660252 1.14484e-6 -0.5000135 -0.8660177 1.0806e-6 -0.499994 -0.8660289 1.13721e-6 -0.5000017 -0.8660244 1.09528e-6 -0.5000058 -0.8660221 -2.23973e-6 -0.4999936 -0.8660292 5.61377e-7 -0.500002 -0.8660243 1.09364e-6 -0.5000019 -0.8660244 3.43337e-6 -0.4999973 -0.866027 3.23218e-6 -0.4999979 -0.8660267 -1.14445e-6 -0.5000101 -0.8660196 -2.16353e-6 -0.5000059 -0.8660221 0 -0.4999949 -0.8660284 -2.19595e-6 -0.5000033 -0.8660236 3.35114e-6 -0.4999952 -0.8660283 2.25434e-6 -0.5 -0.8660255 -4.35924e-6 -0.4999938 -0.866029 -2.28968e-6 -0.4999915 -0.8660304 0 -0.5000002 -0.8660254 1.14126e-6 -0.5000019 -0.8660244 0 -0.5000034 -0.8660235 -1.12746e-6 -0.4999986 -0.8660263 0 -0.5000024 -0.866024 -4.41772e-6 -0.5000032 -0.8660236 -3.4269e-6 -0.5000016 -0.8660245 2.15462e-6 -0.5000009 -0.8660249 -1.14389e-6 -0.4999986 -0.8660263 -2.1662e-6 -0.5000024 -0.8660241 2.26755e-6 -0.4999948 -0.8660285 -2.20179e-6 -0.4999963 -0.8660275 -1.11407e-6 -0.4999994 -0.8660258 2.26367e-6 -0.5000042 -0.8660231 4.34341e-6 -0.5000002 -0.8660253 0 -0.4999857 -0.8660338 4.49813e-6 -0.5000016 -0.8660245 -2.53017e-6 -0.4999961 -0.8660277 0 -0.5000052 -0.8660225 -8.5506e-7 -0.5000047 -0.8660228 0 -0.4999948 -0.8660284 3.37519e-6 -0.4999929 -0.8660296 0 -0.4999899 -0.8660313 1.6514e-6 -0.5000095 -0.8660199 0 -0.5000056 -0.8660223 0 -0.5000002 -0.8660254 -2.28252e-6 -0.5000043 -0.866023 0 -0.4999946 -0.8660286 0 -0.5000035 -0.8660236 2.15914e-6 -0.4999991 -0.8660259 2.27743e-6 -0.5000035 -0.8660235 -3.27834e-6 -0.499998 -0.8660266 -3.36759e-6 -0.4999979 -0.8660266 2.23715e-6 -0.4999977 -0.8660268 3.29204e-6 -0.4999966 -0.8660274 -4.14661e-6 0.847166 -0.489096 0.2075938 0.8471351 -0.4891415 0.2076123 0.8288452 -0.4785412 0.2898517 0.8288506 -0.4785344 0.2898476 0.8012499 -0.4625924 0.3794826 0.8012307 -0.4626105 0.3795009 0.7704751 -0.4448317 0.4566102 0.7704704 -0.4448359 0.4566141 0.7293935 -0.4211257 0.5391088 0.7294129 -0.4211137 0.5390918 0.6871799 -0.3967428 0.6085878 0.687179 -0.3967438 0.6085881 0.6339645 -0.3660187 0.681263 0.6339634 -0.3660193 0.6812638 0.5816413 -0.33582 0.7408903 0.5816507 -0.3358153 0.740885 0.5180146 -0.2990813 0.8013808 0.5180315 -0.2990772 0.8013715 0.4572991 -0.2640221 0.8492172 0.4573078 -0.2640213 0.8492128 0.385329 -0.2224684 0.895561 0.3853221 -0.222469 0.8955638 0.3181853 -0.1836888 0.9300627 0.3181656 -0.1836905 0.9300692 0.2401474 -0.1386542 0.9607831 0.2401565 -0.1386533 0.960781 0.1687816 -0.09740823 0.9808285 0.1686837 -0.09741055 0.9808451 0.08722984 -0.0503568 0.9949147 0.08721363 -0.0503568 0.9949161 0.01393753 -0.008006632 0.9998708 0.01399743 -0.008006453 0.9998701 -0.06188088 0.03572195 0.9974441 -0.06186282 0.03572189 0.9974452 -0.1414448 0.08171868 0.9865676 -0.1415904 0.08171629 0.9865468 -0.21346 0.1232354 0.969148 -0.2134416 0.1232362 0.969152 -0.292297 0.168738 0.9413236 -0.2922552 0.1687397 0.9413363 -0.360357 0.2080464 0.9093183 -0.3603438 0.2080479 0.9093232 -0.4335736 0.2503252 0.8656508 -0.4335682 0.2503241 0.8656538 -0.4955931 0.2861291 0.8200717 -0.495593 0.2861281 0.8200722 -0.5608572 0.3238103 0.7619621 -0.5608642 0.3238093 0.7619574 -0.6147912 0.3549506 0.7043024 -0.6147934 0.3549494 0.7043011 -0.6699877 0.3868203 0.6336297 -0.6699911 0.3868182 0.6336274 -0.7141145 0.4122963 0.5657317 -0.7141118 0.412297 0.5657346 -0.7574577 0.4373129 0.4847838 -0.7574521 0.4373157 0.4847901 -0.7903192 0.4562944 0.4088901 -0.7903302 0.4562842 0.40888 -0.8204059 0.4736661 0.3202728 -0.8204094 0.4736622 0.3202695 -0.8409723 0.4855384 0.2387845 -0.840982 0.4855311 0.2387651 -0.8568252 0.4946832 0.1453935 -0.8568218 0.4946892 0.1453928 -0.8644484 0.499011 0.06096798 -0.8644135 0.4990795 0.0609017 -0.86566 0.4997894 -0.02904337 -0.8656615 0.4997866 -0.02904599 -0.859863 0.4965082 -0.1188076 -0.8598881 0.4964605 -0.1188256 -0.8480664 0.4896289 -0.2026004 -0.848064 0.4896323 -0.2026028 -0.8275573 0.477779 -0.2947478 -0.8275498 0.4777819 -0.2947638 -0.8029112 0.4635726 -0.3747454 -0.8029192 0.4635618 -0.3747418 -0.76843 0.4436517 -0.4611818 -0.7684215 0.4436565 -0.4611914 -0.7317934 0.4225001 -0.5347636 -0.7317898 0.422499 -0.5347695 -0.6844622 0.3951721 -0.6126587 -0.6844601 0.3951716 -0.6126613 -0.6369923 0.3677694 -0.6774855 -0.6369966 0.3677685 -0.6774818 -0.5783433 0.3339049 -0.7443296 -0.5783472 0.333903 -0.7443275 -0.521575 0.3011395 -0.7982947 -0.5215915 0.3011347 -0.7982859 -0.4535139 0.2618358 -0.8519197 -0.4535166 0.2618345 -0.8519187 -0.3893036 0.2247662 -0.8932653 -0.3893029 0.2247667 -0.8932656 -0.3140128 0.1812966 -0.9319483 -0.3140224 0.1812964 -0.931945 -0.2443921 0.1411217 -0.9593526 -0.2444264 0.1411209 -0.959344 -0.1643565 0.0948894 -0.9818263 -0.1643601 0.09488928 -0.9818258 -0.09162294 0.05292779 -0.9943862 -0.09169596 0.05292719 -0.9943795 -0.0116052 0.006699979 -0.9999102 -0.0116074 0.006699979 -0.9999102 0.06405949 -0.03699731 -0.9972601 0.06437742 -0.03699624 -0.9972397 0.1371012 -0.0791586 -0.9873891 0.1371117 -0.0791586 -0.9873877 0.217764 -0.1257243 -0.96787 0.2177784 -0.1257251 -0.9678667 0.2880653 -0.1663175 -0.9430573 0.2880774 -0.1663168 -0.9430537 0.3643673 -0.2103893 -0.9071785 0.3644099 -0.2103853 -0.9071624 0.4297088 -0.248092 -0.868217 0.4297122 -0.2480921 -0.8682152 0.499219 -0.2882395 -0.8171283 0.4992478 -0.2882339 -0.8171125 0.5574516 -0.321844 -0.7652871 0.5574532 -0.3218423 -0.7652867 0.6179211 -0.3567593 -0.7006399 0.6179238 -0.3567584 -0.700638 0.6671735 -0.385182 -0.6375849 0.6671498 -0.3851903 -0.6376046 0.716634 -0.4137361 -0.5614786 0.7166211 -0.413749 -0.5614856 0.7552791 -0.4360568 -0.4892935 0.755281 -0.4360557 -0.4892914 0.7921349 -0.4573478 -0.4041725 0.7921436 -0.4573383 -0.4041661 0.8189734 -0.4728354 -0.3251299 0.8189713 -0.4728382 -0.325131 0.8420255 -0.4861446 -0.2337871 0.8420255 -0.4861445 -0.2337875 0.8561583 -0.4943166 -0.15048 0.8561625 -0.4943068 -0.1504887 0.8646727 -0.499224 -0.05582553 0.8646751 -0.49922 -0.05582553 0.8604069 -0.4967581 0.1137167 0.8604083 -0.4967557 0.1137163 0.9634138 0.2651306 -0.03923743 0.9630859 0.2600855 -0.06943422 0.9589619 0.2628129 -0.1064032 0.956064 0.2632384 -0.1290241 0.9478547 0.2729268 -0.164568 0.9441496 0.2710282 -0.1874175 0.9326835 0.2779247 -0.2299118 0.9285863 0.2787835 -0.244964 0.9130629 0.2917655 -0.2849368 0.9082233 0.291772 -0.2999994 0.8876583 0.3038063 -0.3460704 0.8843965 0.3045488 -0.3536847 0.8600707 0.3210735 -0.3964723 0.8563404 0.3217238 -0.403949 0.8253593 0.339626 -0.4510391 0.8248791 0.3397417 -0.4518298 0.7905098 0.3598948 -0.4955505 0.7899758 0.3600406 -0.4962953 0.7477509 0.3842378 -0.5415072 0.7518839 0.3832893 -0.5364326 0.7065749 0.4069804 -0.5788945 0.7110526 0.4056012 -0.5743622 0.6573594 0.4361901 -0.6145054 0.6677393 0.4338299 -0.6049098 0.6108787 0.4607781 -0.6438252 0.6218454 0.4571138 -0.6358893 0.5741863 0.484618 -0.6598906 0.5578696 0.4977716 -0.664082 0.5246907 0.5121583 -0.6799953 0.5075215 0.5234296 -0.6844292 0.4744251 0.5422244 -0.6934794 0.451938 0.5601336 -0.6942639 0.4229537 0.5716563 -0.7030785 0.3988965 0.5861108 -0.7052345 0.3711985 0.6018218 -0.7071225 0.347501 0.6207249 -0.7028113 0.3191894 0.631834 -0.7063313 0.2887535 0.6497302 -0.7031871 0.267046 0.6612257 -0.7010471 0.23962 0.6821252 -0.6908599 0.2163056 0.6912354 -0.6894966 0.1806787 0.7121304 -0.6783992 0.165358 0.719453 -0.6745696 0.1334513 0.742197 -0.6567605 0.1173667 0.7483553 -0.652832 0.07813668 0.7712233 -0.6317511 0.06942027 0.7749569 -0.6281901 0.03408879 0.7982822 -0.6013181 0.02521514 0.8015736 -0.5973643 -0.01553452 0.82516 -0.5646855 -0.01783543 0.8260208 -0.5633576 -0.05526304 0.8485422 -0.5262339 -0.05748951 0.8493221 -0.5247352 -0.09735465 0.8722153 -0.4793355 -0.09370797 0.8710911 -0.4820986 -0.1317052 0.8912907 -0.4338831 -0.1283791 0.8902502 -0.4370049 -0.1646626 0.9108514 -0.3784654 -0.1559006 0.9088168 -0.3869716 -0.1927227 0.9251085 -0.3271581 -0.1854083 0.9231777 -0.3366997 -0.2082014 0.9363339 -0.2827211 -0.2107438 0.9412211 -0.2639885 -0.2282377 0.9467664 -0.2270267 -0.2316727 0.9501994 -0.2084437 -0.2415028 0.9555591 -0.1690659 -0.2411187 0.9599759 -0.1425061 -0.2523884 0.9613218 -0.1102758 -0.2544724 0.9634274 -0.08397376 -0.2576935 0.9649038 -0.05054688 -0.2527899 0.9673058 -0.02041554 -0.2591976 0.9657777 0.009488463 -0.2577006 0.9652635 0.04308986 -0.2569139 0.9639335 0.06948041 -0.2472813 0.9635318 0.1022666 -0.2489964 0.9598894 0.1288929 -0.2411605 0.9556835 0.1688508 -0.238686 0.9527899 0.1876717 -0.2230575 0.9483364 0.2256177 -0.2214733 0.9439939 0.2445918 -0.2054362 0.9349774 0.2891599 -0.2027398 0.9320067 0.3004333 -0.1800956 0.9222637 0.342046 -0.1774052 0.9185537 0.3532515 -0.1516746 0.9038046 0.4001652 -0.1502098 0.9022215 0.4042689 -0.1197196 0.8860914 0.4477827 -0.1180626 0.8842944 0.4517575 -0.08159649 0.8631678 0.4982804 -0.08271908 0.8643739 0.4959994 -0.04384243 0.8409243 0.5393738 -0.04516297 0.8422087 0.537257 0.002548098 0.8143612 0.5803528 -0.002373993 0.8196759 0.5728226 0.04511713 0.7881486 0.6138293 0.03920036 0.7935029 0.6073027 0.0849322 0.7670933 0.6358888 0.1007974 0.7610375 0.640829 0.1317538 0.738855 0.6608588 0.1468314 0.7316407 0.6656894 0.1818684 0.7111226 0.6791381 0.205081 0.7020663 0.6819419 0.23194 0.6814894 0.6941009 0.2534791 0.6701354 0.6976151 0.2837168 0.6523196 0.7028399 0.3121717 0.6411212 0.7010796 0.3355988 0.6223712 0.7071263 0.3634447 0.6066731 0.7070048 0.3874825 0.5921389 0.7065614 0.4168585 0.5803892 0.6995552 0.4393565 0.5624632 0.7004293 0.4727917 0.5434728 0.6936177 0.490204 0.532068 0.690365 0.5241287 0.517252 0.6765646 0.5406274 0.5039961 0.67358 0.5784687 0.4824352 0.6577463 0.5892519 0.4746932 0.6537955 0.6262299 0.4570527 0.6316162 0.6365085 0.4486446 0.6273555 0.6769101 0.4254409 0.6006604 0.6815482 0.4218189 0.5979641 0.7198299 0.4017279 0.5660915 0.7242732 0.3979611 0.5630769 0.7648746 0.3745045 0.524131 0.7642698 0.3750286 0.5246382 0.8018931 0.3529924 0.4820414 0.8013438 0.3534674 0.4826065 0.8395624 0.3311786 0.4306458 0.8348977 0.3358015 0.4361001 0.8697088 0.3124253 0.3820956 0.8655316 0.3164145 0.3882487 0.8985556 0.2968712 0.3232111 0.8913311 0.3053228 0.3351221 0.9209896 0.2813784 0.2694522 0.9149929 0.2878526 0.2827169 0.9337306 0.277034 0.2267143 0.9385809 0.2782776 0.2040286 0.9485554 0.2675769 0.1692495 0.9525912 0.2665075 0.1467783 0.9585635 0.2627013 0.1102004 0.9604147 0.2668615 0.07992935 0.9644759 0.25929 0.050547 0.9659875 0.2584149 -0.009489655 -0.9604158 -0.2668576 -0.07992941 -0.9585636 -0.2627011 -0.1102004 -0.9482924 -0.2686268 -0.1690595 -0.9400174 -0.2786429 -0.1967886 -0.9337295 -0.2770381 -0.2267136 -0.914994 -0.2878485 -0.282718 -0.9028103 -0.3001204 -0.3079959 -0.8921946 -0.3010177 -0.3367154 -0.8655332 -0.3164228 -0.3882383 -0.8498665 -0.3306877 -0.4103324 -0.8351713 -0.3339407 -0.4370043 -0.8013509 -0.3534535 -0.4826049 -0.7826941 -0.3694685 -0.5008823 -0.7642769 -0.37488 -0.5247342 -0.7242666 -0.3979694 -0.5630794 -0.7032455 -0.4153357 -0.5770113 -0.6815747 -0.4226151 -0.5973713 -0.636516 -0.4486475 -0.6273459 -0.6137956 -0.4669777 -0.6365428 -0.5894228 -0.4758242 -0.6528186 -0.5406318 -0.5040025 -0.6735717 -0.5169146 -0.5229174 -0.6777586 -0.4904885 -0.5329369 -0.6894921 -0.4393483 -0.5624598 -0.7004371 -0.415404 -0.5815286 -0.6994741 -0.3876096 -0.5923413 -0.706322 -0.3355889 -0.622372 -0.7071303 -0.3121698 -0.6411257 -0.7010763 -0.2837234 -0.6523174 -0.7028393 -0.2323588 -0.6819778 -0.6934809 -0.210182 -0.7000166 -0.6824957 -0.1818627 -0.7111206 -0.6791417 -0.1326036 -0.7395691 -0.6598893 -0.1123857 -0.7564665 -0.6443042 -0.08493548 -0.7670934 -0.6358881 -0.03920072 -0.7935001 -0.6073064 -0.02158349 -0.808892 -0.587561 0.004265069 -0.8185934 -0.5743578 0.04516595 -0.8422076 -0.5372583 0.05960637 -0.8557693 -0.5139124 0.08318567 -0.8641583 -0.4962969 0.1180714 -0.8842933 -0.4517573 0.128847 -0.895745 -0.4254871 0.1495491 -0.9024729 -0.4039529 0.177404 -0.9185534 -0.353253 0.1841505 -0.9276744 -0.3248211 0.2014369 -0.9324286 -0.3000001 0.2214699 -0.9439944 -0.2445933 0.223924 -0.9506406 -0.2148038 0.237358 -0.9531723 -0.1874135 0.2490012 -0.9598889 -0.1288862 0.2470268 -0.9639779 -0.0986126 0.256299 -0.9641005 -0.06943386 0.2591974 -0.9657778 -0.009486854 0.2592009 -0.9657769 -0.009484708 0.2576923 -0.9649041 0.05054569 0.2576871 -0.9649057 0.05054157 0.2517766 -0.9614903 0.1102042 0.241052 -0.9605272 0.1388581 0.241505 -0.9555595 0.1690607 0.2269364 -0.9471538 0.2267147 0.2121508 -0.9438373 0.2533049 0.2081963 -0.9363341 0.2827243 0.185418 -0.9231761 0.3366989 0.1669055 -0.9177168 0.36047 0.1587398 -0.9077798 0.3882493 0.1283872 -0.8902509 0.4370013 0.1066293 -0.8829182 0.4572588 0.09455466 -0.8707195 0.4826045 0.05749487 -0.8493234 0.5247324 0.03305596 -0.84044 0.5408957 0.01747107 -0.8262209 0.5630754 -0.02520722 -0.8015738 0.5973644 -0.05169868 -0.7915077 0.6089688 -0.0702688 -0.775559 0.6273521 -0.1173686 -0.7483626 0.6528232 -0.1451998 -0.7375243 0.6595264 -0.1661614 -0.720196 0.6735786 -0.2163014 -0.6912405 0.6894928 -0.2447494 -0.6800545 0.6911032 -0.2674364 -0.6617173 0.7004342 -0.3192095 -0.631842 0.7063151 -0.3474989 -0.6207202 0.7028166 -0.3711777 -0.6018302 0.7071263 -0.4230576 -0.5718789 0.7028348 -0.45049 -0.5612577 0.6942971 -0.4744166 -0.5422276 0.6934827 -0.5249384 -0.5130545 0.679128 -0.550721 -0.5033978 0.6658056 -0.5741924 -0.484613 0.659889 -0.6218508 -0.4571023 0.6358923 -0.6453678 -0.4487569 0.6181567 -0.6675904 -0.4306867 0.6073154 -0.7110671 -0.4055951 0.5743485 -0.7316759 -0.3989173 0.5527346 -0.751958 -0.3819918 0.5372537 -0.7899711 -0.360036 0.4963061 -0.8071694 -0.3553339 0.4713974 -0.8248544 -0.3399014 0.4517548 -0.8563366 -0.3217276 0.4039542 -0.8696628 -0.3192554 0.3765141 -0.8841966 -0.3056231 0.3532577 -0.9082216 -0.2917748 0.3000018 -0.9173796 -0.291705 0.2707823 -0.9282568 -0.2802026 0.2445936 -0.9441554 -0.2710188 0.1874023 -0.948929 -0.2734881 0.1572838 -0.9557877 -0.2643027 0.1288955 -0.9630866 -0.2600833 0.06943309 -0.9634138 -0.2651306 0.03923797 -0.965986 -0.2584205 0.009489834 -0.9644742 -0.2592962 -0.05054891 0.4999966 0.8660275 4.30924e-6 0.5000011 0.8660248 -1.28688e-6 0.500001 0.8660248 -4.33246e-6 0.4999954 0.8660281 -2.26752e-6 0.5000038 0.8660233 0 0.4999917 0.8660302 -1.11407e-6 0.4999983 0.8660264 0 0.4999949 0.8660284 -1.07876e-6 0.5000042 0.8660231 0 0.4999963 0.8660276 2.29016e-6 0.5000027 0.8660238 0 0.5000019 0.8660244 0 0.4999981 0.8660266 0 0.4999936 0.8660291 6.76465e-6 0.5000063 0.8660218 8.88711e-6 0.4999944 0.8660287 -1.07812e-6 0.5000002 0.8660253 2.29018e-6 0.5000077 0.866021 -5.39795e-6 0.4999974 0.866027 -4.55487e-6 0.4999985 0.8660263 0 0.4999927 0.8660296 3.36753e-6 0.4999886 0.8660321 0 0.5000069 0.8660214 -1.09736e-6 0.5000088 0.8660204 1.71586e-6 0.500005 0.8660227 4.49806e-6 0.4999864 0.8660333 -5.72808e-6 0.5000026 0.866024 4.31502e-6 0.500003 0.8660237 -3.13522e-6 0.5000014 0.8660247 0 0.5000104 0.8660195 1.68765e-6 0.5000006 0.8660251 0 0.4999969 0.8660272 0 0.4999997 0.8660256 2.28461e-6 0.5000102 0.8660195 1.08644e-6 0.4999921 0.86603 2.25938e-6 0.5000076 0.8660211 1.10735e-6 0.5000015 0.8660246 0 0.5000002 0.8660254 0 0.4999992 0.8660259 -2.2019e-6 0.4999999 0.8660255 -1.14317e-6 0.500001 0.8660249 2.15481e-6 0.5000019 0.8660244 -4.57783e-6 0.4999951 0.8660283 -2.16347e-6 0.5000002 0.8660254 0 0.5000134 0.8660177 -4.39202e-6 0.4999917 0.8660303 2.23404e-6 0.5000029 0.8660237 4.50875e-6 0.5000042 0.8660231 -4.35923e-6 0.5000004 0.8660252 -2.28967e-6 0.4999953 0.8660283 -5.52212e-6 0.5000081 0.8660208 -2.28462e-6 0.4999861 0.8660334 3.23295e-6 0.4999938 0.866029 6.86905e-6 0.5000069 0.8660216 1.08058e-6 0.4999914 0.8660305 -2.27442e-6 0.5000077 0.8660211 -4.38119e-6 0.4999902 0.8660311 -4.47932e-6 0.5000108 0.8660192 2.24557e-6 0.5000053 0.8660224 0 0.4999997 0.8660258 2.28889e-6 0.4999935 0.8660292 -3.23216e-6 0.5000095 0.8660199 1.14318e-6 0.499996 0.8660278 -1.08466e-6 0.4999905 0.8660309 0 0.5 0.8660255 -2.20803e-6 0.500001 0.8660249 -1.66649e-6 0.5000052 0.8660225 5.7004e-7 0.2490996 -0.9651743 0.07992565 0.2517734 -0.9614914 0.1102023 0.2454985 -0.9582131 0.1468273 0.2425479 -0.9552622 0.1692473 0.2282967 -0.9519733 0.2040284 0.2269425 -0.947152 0.2267159 0.2131019 -0.939447 0.2683784 0.2095769 -0.9358986 0.2831457 0.1885785 -0.9278002 0.3219084 0.1854135 -0.9231771 0.3366989 0.1624159 -0.9100792 0.3812835 0.1597803 -0.9073997 0.3887111 0.131182 -0.8933759 0.4297332 0.1283782 -0.8902497 0.4370064 0.0950697 -0.8710361 0.4819316 0.09469515 -0.8706569 0.4826899 0.05791532 -0.8497378 0.5240148 0.05749779 -0.8493252 0.5247291 0.01322048 -0.8235835 0.567041 0.01635503 -0.8268342 0.5622081 -0.02887737 -0.7982444 0.6016411 -0.02521228 -0.8015694 0.59737 -0.08049386 -0.7692437 0.6338651 -0.07278823 -0.777334 0.6248631 -0.1264474 -0.7404761 0.6600804 -0.117362 -0.7483623 0.6528247 -0.1661683 -0.7201912 0.673582 -0.1858928 -0.7125319 0.6765665 -0.2156758 -0.6905695 0.6903606 -0.2342941 -0.6811866 0.6936073 -0.2674343 -0.6617293 0.7004237 -0.2942008 -0.6512034 0.6995571 -0.3190664 -0.6316317 0.7065678 -0.3436666 -0.6182924 0.7068295 -0.3711805 -0.6018258 0.7071285 -0.3991475 -0.59091 0.7010754 -0.4230601 -0.5718724 0.7028387 -0.4535733 -0.5545952 0.6976357 -0.4742287 -0.5416053 0.6940972 -0.5054589 -0.5286509 0.6819381 -0.5249233 -0.5130539 0.6791402 -0.5602316 -0.4929687 0.6656745 -0.5739929 -0.4835329 0.6608542 -0.6086909 -0.4677948 0.6408303 -0.6218483 -0.4571082 0.6358906 -0.660116 -0.4352215 0.6122329 -0.6675437 -0.4296233 0.6081195 -0.7039852 -0.411522 0.578839 -0.7110692 -0.4055907 0.574349 -0.7501422 -0.3831089 0.538994 -0.751988 -0.3815605 0.5375181 -0.7882655 -0.361535 0.4979256 -0.7899727 -0.3600335 0.4963055 -0.8273802 -0.3383251 0.4483059 -0.8247355 -0.3408116 0.4512859 -0.8587321 -0.3194766 0.4006419 -0.8563385 -0.3217212 0.4039555 -0.8893135 -0.3023415 0.3430906 -0.8836041 -0.308662 0.3520963 -0.9130522 -0.286698 0.2900692 -0.908227 -0.29176 0.3 -0.9282564 -0.2801997 0.2445983 -0.9328119 -0.2810009 0.2256113 -0.9444862 -0.2696812 0.1876646 -0.9482305 -0.2689775 0.1688492 -0.9557852 -0.2643114 0.1288959 -0.9580819 -0.2676196 0.102269 -0.9632495 -0.2594676 0.06947827 -0.9647914 -0.2594659 0.04307103 -0.9659871 -0.2584164 0.009491503 -0.9641059 -0.2647324 -0.02041572 -0.9644783 -0.2592809 -0.05054855 -0.9615823 -0.2613459 -0.08401089 -0.9587219 -0.2620927 -0.1102711 -0.951924 -0.2711686 -0.1425075 -0.9482871 -0.2686429 -0.1690635 -0.9387379 -0.2744665 -0.2084214 -0.9340424 -0.2757183 -0.2270338 -0.9204967 -0.2880927 -0.2639857 -0.9149903 -0.2878601 -0.2827179 -0.8969436 -0.2985151 -0.326161 -0.892463 -0.2996893 -0.3371888 -0.8706421 -0.3156175 -0.3773168 -0.8655384 -0.3164137 -0.3882343 -0.8375811 -0.3326568 -0.4333559 -0.835274 -0.3332448 -0.437339 -0.8039178 -0.3528394 -0.4787697 -0.8013372 -0.3534778 -0.4826098 -0.7625362 -0.3758118 -0.5265968 -0.7642483 -0.3753715 -0.5244242 -0.722388 -0.398546 -0.5650812 -0.7242669 -0.3979805 -0.5630712 -0.6742045 -0.4265869 -0.6028864 -0.6816301 -0.4247615 -0.5957837 -0.628618 -0.4512631 -0.6334044 -0.636516 -0.4486517 -0.6273428 -0.58943 -0.4758091 -0.6528232 -0.5760324 -0.4866671 -0.6567662 -0.5403913 -0.5029342 -0.6745625 -0.5263618 -0.5125212 -0.6784285 -0.4904766 -0.532951 -0.6894897 -0.4709233 -0.5485797 -0.690863 -0.4391033 -0.5618909 -0.7010471 -0.4183617 -0.5748397 -0.7032303 -0.3876051 -0.5923376 -0.7063274 -0.3638172 -0.6113123 -0.7028046 -0.3355881 -0.6223771 -0.7071262 -0.3082391 -0.6385651 -0.7051406 -0.2835867 -0.6521228 -0.7030751 -0.2591255 -0.6714504 -0.6942683 -0.2323581 -0.6819821 -0.6934769 -0.1995289 -0.7012729 -0.6844009 -0.1812011 -0.7104696 -0.6799995 -0.1521496 -0.7320018 -0.6640963 -0.1326072 -0.7395753 -0.6598815 -0.09580278 -0.7610784 -0.6415463 -0.08400624 -0.7664146 -0.6368294 -0.05140233 -0.7889333 -0.6123251 -0.03920161 -0.7934888 -0.607321 -3.44243e-4 -0.816071 -0.5779517 0.004992246 -0.8181877 -0.5749297 0.03987789 -0.8403356 -0.5405979 0.04516643 -0.8422027 -0.537266 0.08377075 -0.864468 -0.4956586 0.0830354 -0.8642269 -0.4962026 0.1187516 -0.884516 -0.4511425 0.1180637 -0.884297 -0.4517521 0.1538046 -0.9047008 -0.3973169 0.1477704 -0.9031366 -0.4031231 0.1826063 -0.9199972 -0.3467856 0.1774078 -0.9185499 -0.3532599 0.2075166 -0.9354642 -0.2860834 0.197195 -0.9337838 -0.2985999 0.2294135 -0.9455521 -0.2308698 0.2214674 -0.9439959 -0.2445894 0.2373625 -0.9531703 -0.1874182 0.2375719 -0.9573284 -0.1645656 0.2500607 -0.9595947 -0.1290257 0.2518789 -0.9618925 -0.1063954 0.2562968 -0.9641008 -0.06943768 0.2521007 -0.9669051 -0.03924012 0.2591993 -0.9657774 -0.009485363 0.2576899 -0.9649049 0.05054324 -0.2521006 0.9669051 0.0392419 -0.2563002 0.9641002 0.06943494 -0.2489979 0.9598887 0.1288942 -0.2376174 0.9585408 0.1572818 -0.2373682 0.9531704 0.1874098 -0.2214683 0.9439961 0.2445878 -0.206066 0.9403232 0.2707935 -0.2014355 0.9324285 0.3000012 -0.1773998 0.918555 0.3532508 -0.1583533 0.9127793 0.3765079 -0.1495447 0.9024724 0.4039553 -0.1180754 0.8842923 0.451758 -0.09584808 0.8766958 0.4713996 -0.08318746 0.8641557 0.4963009 -0.04516959 0.8422074 0.5372583 -0.02036315 0.8331093 0.5527335 -0.004278123 0.8185956 0.5743545 0.03920561 0.7934967 0.6073104 0.06594312 0.7832833 0.6181577 0.08492916 0.7670954 0.6358865 0.1325994 0.7395739 0.6598848 0.1605893 0.7286401 0.6658039 0.1818547 0.7111279 0.6791362 0.2323676 0.6819747 0.693481 0.2608411 0.6707524 0.6943005 0.2837157 0.6523276 0.702833 0.3356118 0.6223679 0.707123 0.363814 0.6113044 0.7028132 0.3875929 0.5923457 0.7063273 0.4393429 0.5624757 0.7004277 0.4665622 0.5519884 0.6911068 0.4904801 0.532948 0.6894895 0.5406259 0.5040012 0.6735773 0.5661169 0.4945124 0.6595219 0.589426 0.4758059 0.652829 0.6365156 0.4486405 0.6273513 0.6596172 0.4405204 0.6089721 0.6815722 0.4226306 0.5973632 0.7242611 0.3979836 0.5630764 0.7443711 0.3915897 0.5408966 0.7642864 0.3748652 0.5247308 0.8013384 0.3534846 0.4826028 0.8179435 0.3491067 0.4572669 0.8351712 0.3339485 0.4369982 0.8655313 0.3164144 0.3882494 0.8782193 0.3143122 0.3604704 0.8922033 0.3010118 0.3366973 0.9149913 0.2878552 0.2827194 0.923464 0.2881883 0.2533019 0.9337283 0.2770389 0.226718 0.9482899 0.2686369 0.1690578 0.9523652 0.2715117 0.1388595 0.9585634 0.2627013 0.110201 0.9644799 0.2592757 0.05054396 0.964475 0.2592933 0.05054843 0.9659865 0.2584187 -0.009487926 0.9659872 0.2584159 -0.009488701 0.9630866 0.2600833 -0.06943231 0.9583415 0.2680611 -0.09861403 0.9557888 0.264306 -0.1288808 0.9441528 0.2710168 -0.1874172 0.9352385 0.2814061 -0.214801 0.9282566 0.2802025 -0.2445943 0.9082284 0.291754 -0.3000013 0.8954628 0.3043633 -0.3248223 0.8841899 0.3056468 -0.3532541 0.8563452 0.3217064 -0.4039529 0.8401613 0.3362888 -0.4254865 0.8248578 0.3398974 -0.4517515 0.7899815 0.3600237 -0.4962986 0.770915 0.376272 -0.5139158 0.751954 0.3819898 -0.5372605 0.7110516 0.4056072 -0.5743593 0.6897361 0.4231293 -0.5875591 0.6675823 0.4307075 -0.6073096 0.6218543 0.4570951 -0.6358942 0.5989242 0.4755612 -0.644307 0.5741806 0.4846271 -0.6598889 0.5249363 0.5130557 -0.6791287 0.5011273 0.5320312 -0.6825059 0.4744377 0.5422033 -0.6934874 0.4230524 0.5718745 -0.7028416 0.399136 0.5909223 -0.7010716 0.3711946 0.6018258 -0.7071211 0.319192 0.6318425 -0.7063226 0.2959142 0.6505087 -0.6994807 0.2674399 0.6617227 -0.7004278 0.2163071 0.6912425 -0.689489 0.194392 0.7091258 -0.6777554 0.1661565 0.7201897 -0.6735866 0.1173653 0.7483713 -0.6528138 0.09751743 0.7650482 -0.6365467 0.07027471 0.7755653 -0.6273435 0.02521222 0.8015689 -0.5973706 0.008068382 0.8166984 -0.5770084 -0.01747471 0.8262141 -0.5630853 -0.05749523 0.8493264 -0.5247278 -0.0713818 0.8625679 -0.5008805 -0.09455883 0.8707147 -0.4826123 -0.1283836 0.8902549 -0.4369943 -0.1385503 0.9013465 -0.4103394 -0.1587405 0.9077845 -0.3882381 -0.1854087 0.9231773 -0.336701 -0.1915001 0.9319147 -0.3079979 -0.2082027 0.9363336 -0.2827209 -0.2269422 0.9471524 -0.2267147 -0.2287026 0.9533991 -0.1967872 -0.2415041 0.9555592 -0.1690633 -0.2517743 0.9614915 -0.1101993 -0.2491005 0.9651737 -0.07993018 -0.2576888 0.9649051 -0.05054247 -0.2591974 0.9657779 0.009478032 -0.8578662 0.4952884 -0.1369488 -0.8578668 0.4952873 -0.1369494 -0.8123113 0.4689918 -0.3466945 -0.8123135 0.468989 -0.3466931 -0.7287797 0.4207575 -0.5402252 -0.7287744 0.420761 -0.5402297 -0.6111713 0.3528575 -0.7084923 -0.6111693 0.352858 -0.7084938 -0.4649696 0.2684553 -0.8436439 -0.4649816 0.2684529 -0.8436382 -0.2970423 0.1714988 -0.9393371 -0.2970407 0.1714994 -0.9393374 -0.1152322 0.06652492 -0.9911085 -0.1152198 0.06652504 -0.99111 0.0719847 -0.04156029 -0.9965395 0.07198393 -0.04156017 -0.9965395 0.2558334 -0.1477035 -0.9553707 0.2558264 -0.1477037 -0.9553725 0.4277089 -0.246936 -0.869533 0.4277101 -0.246936 -0.8695326 0.5795851 -0.3346256 -0.7430389 0.5795887 -0.3346251 -0.7430363 0.704371 -0.4066705 -0.5817908 0.7043713 -0.4066694 -0.5817913 0.7962111 -0.4596977 -0.3933523 0.7962189 -0.4596937 -0.3933414 0.8508275 -0.4912265 -0.1865184 0.8508269 -0.4912271 -0.1865193 0.8656609 -0.4997875 0.02904838 0.8656596 -0.4997897 0.02904719 0.8400124 -0.4849832 0.2432501 0.8400135 -0.4849817 0.2432491 0.7750935 -0.447492 0.446073 0.7750862 -0.4474986 0.4460791 0.6739224 -0.3890911 0.6280419 0.6739225 -0.3890918 0.6280415 0.5412451 -0.3124848 0.7806453 0.5412422 -0.3124866 0.7806466 0.3832565 -0.2212744 0.8967453 0.3832635 -0.2212733 0.8967427 0.2073469 -0.1197138 0.970915 0.2073481 -0.1197135 0.9709147 0.02175146 -0.01255601 0.9996846 0.02174538 -0.01255601 0.9996847 -0.1648747 0.09518975 0.9817104 -0.1648652 0.09519028 0.981712 -0.3437896 0.1984822 0.917831 -0.3437765 0.1984835 0.9178356 -0.5066183 0.2924945 0.8110393 -0.5066203 0.2924939 0.8110384 -0.6457641 0.372833 0.6663216 -0.6457666 0.3728359 0.6663175 -0.7547168 0.4357353 0.4904462 -0.7547146 0.4357336 0.4904513 -0.8283776 0.4782638 0.2916409 -0.8283771 0.4782645 0.2916414 -0.8633037 0.498433 0.0791918 -0.8633052 0.4984305 0.07919102</float_array>
          <technique_common>
            <accessor source="#tail_pipe_assem_-_tptp_bearing-4_via_unit_needle_pulley-1_001-mesh-normals-array" count="840" stride="3">
              <param name="X" type="float"/>
              <param name="Y" type="float"/>
              <param name="Z" type="float"/>
            </accessor>
          </technique_common>
        </source>
        <vertices id="tail_pipe_assem_-_tptp_bearing-4_via_unit_needle_pulley-1_001-mesh-vertices">
          <input semantic="POSITION" source="#tail_pipe_assem_-_tptp_bearing-4_via_unit_needle_pulley-1_001-mesh-positions"/>
        </vertices>
        <triangles material="Material_001-material" count="840">
          <input semantic="VERTEX" source="#tail_pipe_assem_-_tptp_bearing-4_via_unit_needle_pulley-1_001-mesh-vertices" offset="0"/>
          <input semantic="NORMAL" source="#tail_pipe_assem_-_tptp_bearing-4_via_unit_needle_pulley-1_001-mesh-normals" offset="1"/>
          <p>0 0 1 0 2 0 3 1 4 1 5 1 5 2 4 2 6 2 5 3 6 3 7 3 7 4 6 4 8 4 7 5 8 5 9 5 10 6 11 6 12 6 12 7 11 7 13 7 12 8 13 8 14 8 14 9 13 9 15 9 14 10 15 10 2 10 2 11 15 11 16 11 2 12 16 12 0 12 17 13 18 13 19 13 19 14 18 14 20 14 19 15 20 15 21 15 21 16 20 16 22 16 21 17 22 17 23 17 23 18 22 18 24 18 23 19 24 19 10 19 10 20 24 20 25 20 10 21 25 21 11 21 26 22 27 22 28 22 28 23 27 23 29 23 28 24 29 24 30 24 30 25 29 25 31 25 30 26 31 26 32 26 32 27 31 27 33 27 32 28 33 28 3 28 3 29 33 29 34 29 3 30 34 30 4 30 35 31 36 31 37 31 37 32 36 32 38 32 37 33 38 33 39 33 39 34 38 34 40 34 39 35 40 35 17 35 17 36 40 36 41 36 17 37 41 37 18 37 42 38 43 38 44 38 44 39 43 39 45 39 44 40 45 40 46 40 46 41 45 41 47 41 46 42 47 42 48 42 48 43 47 43 49 43 48 44 49 44 35 44 35 45 49 45 50 45 35 46 50 46 36 46 0 47 51 47 1 47 1 48 51 48 52 48 1 49 52 49 53 49 53 50 52 50 54 50 53 51 54 51 55 51 55 52 54 52 56 52 55 53 56 53 26 53 26 54 56 54 57 54 26 55 57 55 27 55 8 56 58 56 9 56 9 57 58 57 59 57 9 58 59 58 60 58 60 59 59 59 61 59 60 60 61 60 62 60 62 61 61 61 63 61 62 62 63 62 64 62 64 63 63 63 65 63 64 64 65 64 42 64 42 65 65 65 66 65 42 66 66 66 43 66 67 67 68 67 69 67 69 68 68 68 70 68 69 69 70 69 71 69 71 70 70 70 72 70 71 71 72 71 73 71 73 72 72 72 74 72 73 73 74 73 75 73 75 74 74 74 76 74 75 75 76 75 77 75 77 76 76 76 78 76 77 77 78 77 79 77 79 78 78 78 80 78 79 79 80 79 81 79 81 80 80 80 82 80 81 81 82 81 83 81 83 82 82 82 84 82 83 83 84 83 85 83 85 84 84 84 86 84 85 85 86 85 87 85 87 86 86 86 88 86 87 87 88 87 89 87 89 88 88 88 90 88 89 89 90 89 91 89 91 90 90 90 92 90 91 91 92 91 93 91 93 92 92 92 94 92 93 93 94 93 95 93 95 94 94 94 96 94 95 95 96 95 97 95 97 96 96 96 98 96 97 97 98 97 99 97 99 98 98 98 100 98 99 99 100 99 101 99 101 100 100 100 102 100 101 101 102 101 103 101 103 102 102 102 104 102 103 103 104 103 105 103 105 104 104 104 106 104 105 105 106 105 107 105 107 106 106 106 108 106 107 107 108 107 109 107 109 108 108 108 110 108 109 109 110 109 111 109 111 110 110 110 112 110 111 111 112 111 113 111 113 112 112 112 114 112 113 113 114 113 115 113 115 114 114 114 116 114 115 115 116 115 117 115 117 116 116 116 118 116 117 117 118 117 119 117 119 118 118 118 120 118 119 119 120 119 121 119 121 120 120 120 122 120 121 121 122 121 123 121 123 122 122 122 124 122 123 123 124 123 125 123 125 124 124 124 126 124 125 125 126 125 127 125 127 126 126 126 128 126 127 127 128 127 129 127 129 128 128 128 130 128 129 129 130 129 131 129 131 130 130 130 132 130 131 131 132 131 133 131 133 132 132 132 134 132 133 133 134 133 135 133 135 134 134 134 136 134 135 135 136 135 137 135 137 136 136 136 138 136 137 137 138 137 139 137 139 138 138 138 140 138 139 139 140 139 141 139 141 140 140 140 142 140 141 141 142 141 143 141 143 142 142 142 144 142 143 143 144 143 145 143 145 144 144 144 146 144 145 145 146 145 147 145 147 146 146 146 148 146 147 147 148 147 149 147 149 148 148 148 150 148 149 149 150 149 151 149 151 150 150 150 152 150 151 151 152 151 153 151 153 152 152 152 154 152 153 153 154 153 155 153 155 154 154 154 156 154 155 155 156 155 157 155 157 156 156 156 158 156 157 157 158 157 159 157 159 158 158 158 160 158 159 159 160 159 161 159 161 160 160 160 162 160 161 161 162 161 163 161 163 162 162 162 164 162 163 163 164 163 165 163 165 164 164 164 166 164 165 165 166 165 167 165 167 166 166 166 168 166 167 167 168 167 169 167 169 168 168 168 170 168 169 169 170 169 171 169 171 170 170 170 172 170 171 171 172 171 173 171 173 172 172 172 174 172 173 173 174 173 175 173 175 174 174 174 176 174 175 175 176 175 177 175 177 176 176 176 178 176 177 177 178 177 179 177 179 178 178 178 180 178 179 179 180 179 181 179 181 180 180 180 182 180 181 181 182 181 183 181 183 182 182 182 184 182 183 183 184 183 185 183 185 184 184 184 186 184 185 185 186 185 187 185 187 186 186 186 188 186 187 187 188 187 189 187 189 188 188 188 190 188 189 189 190 189 191 189 191 190 190 190 192 190 191 191 192 191 193 191 193 192 192 192 194 192 193 193 194 193 195 193 195 194 194 194 196 194 195 195 196 195 197 195 197 196 196 196 198 196 197 197 198 197 199 197 199 198 198 198 200 198 199 199 200 199 201 199 201 200 200 200 202 200 201 201 202 201 203 201 203 202 202 202 204 202 203 203 204 203 67 203 67 204 204 204 68 204 203 205 205 205 201 205 201 206 205 206 206 206 201 207 206 207 199 207 199 208 206 208 207 208 199 209 207 209 197 209 197 210 207 210 208 210 197 211 208 211 195 211 195 212 208 212 209 212 195 213 209 213 193 213 193 214 209 214 210 214 193 215 210 215 191 215 191 216 210 216 211 216 191 217 211 217 189 217 189 218 211 218 212 218 189 219 212 219 187 219 187 220 212 220 213 220 187 221 213 221 185 221 185 222 213 222 214 222 185 223 214 223 183 223 183 224 214 224 215 224 183 225 215 225 181 225 181 226 215 226 216 226 181 227 216 227 179 227 179 228 216 228 217 228 179 229 217 229 177 229 217 230 218 230 177 230 177 231 218 231 219 231 177 232 219 232 175 232 175 233 219 233 220 233 175 234 220 234 173 234 173 235 220 235 221 235 173 236 221 236 171 236 171 237 221 237 222 237 171 238 222 238 169 238 169 239 222 239 223 239 169 240 223 240 167 240 167 241 223 241 224 241 167 242 224 242 165 242 165 243 224 243 225 243 165 244 225 244 163 244 163 245 225 245 226 245 163 246 226 246 161 246 161 247 226 247 227 247 161 248 227 248 159 248 159 249 227 249 228 249 159 250 228 250 157 250 157 251 228 251 229 251 157 252 229 252 155 252 155 253 229 253 230 253 155 254 230 254 153 254 153 255 230 255 231 255 153 256 231 256 151 256 151 257 231 257 232 257 151 258 232 258 149 258 149 259 232 259 233 259 149 260 233 260 147 260 147 261 233 261 234 261 147 262 234 262 145 262 145 263 234 263 235 263 145 264 235 264 143 264 235 265 236 265 143 265 143 266 236 266 237 266 143 267 237 267 141 267 141 268 237 268 238 268 141 269 238 269 139 269 139 270 238 270 239 270 139 271 239 271 137 271 137 272 239 272 240 272 137 273 240 273 135 273 135 274 240 274 241 274 135 275 241 275 133 275 133 276 241 276 242 276 133 277 242 277 131 277 131 278 242 278 243 278 131 279 243 279 129 279 129 280 243 280 244 280 129 281 244 281 127 281 127 282 244 282 245 282 127 283 245 283 125 283 125 284 245 284 246 284 125 285 246 285 123 285 123 286 246 286 247 286 123 287 247 287 121 287 121 288 247 288 248 288 121 289 248 289 119 289 119 290 248 290 249 290 119 291 249 291 117 291 117 292 249 292 250 292 117 293 250 293 115 293 115 294 250 294 251 294 115 295 251 295 113 295 113 296 251 296 252 296 113 297 252 297 111 297 111 298 252 298 253 298 111 299 253 299 109 299 253 300 254 300 109 300 109 301 254 301 255 301 109 302 255 302 107 302 107 303 255 303 256 303 107 304 256 304 105 304 105 305 256 305 257 305 105 306 257 306 103 306 103 307 257 307 258 307 103 308 258 308 101 308 101 309 258 309 259 309 101 310 259 310 99 310 99 311 259 311 260 311 99 312 260 312 97 312 97 313 260 313 261 313 97 314 261 314 95 314 95 315 261 315 262 315 95 316 262 316 93 316 93 317 262 317 263 317 93 318 263 318 91 318 91 319 263 319 264 319 91 320 264 320 89 320 89 321 264 321 265 321 89 322 265 322 87 322 87 323 265 323 266 323 87 324 266 324 85 324 85 325 266 325 267 325 85 326 267 326 83 326 83 327 267 327 268 327 83 328 268 328 81 328 81 329 268 329 269 329 81 330 269 330 79 330 79 331 269 331 270 331 79 332 270 332 77 332 77 333 270 333 271 333 77 334 271 334 75 334 75 335 271 335 272 335 75 336 272 336 73 336 73 337 272 337 273 337 73 338 273 338 71 338 273 339 274 339 71 339 71 340 274 340 275 340 71 341 275 341 69 341 69 342 275 342 276 342 69 343 276 343 67 343 67 344 276 344 277 344 67 345 277 345 203 345 203 346 277 346 278 346 203 347 278 347 205 347 45 348 43 348 240 348 240 349 239 349 45 349 45 350 239 350 238 350 45 351 238 351 47 351 238 352 237 352 47 352 47 353 237 353 236 353 47 354 236 354 49 354 236 355 235 355 49 355 49 356 235 356 234 356 49 357 234 357 50 357 234 358 233 358 50 358 50 359 233 359 232 359 50 360 232 360 36 360 232 361 231 361 36 361 36 362 231 362 230 362 36 363 230 363 38 363 230 364 229 364 38 364 38 365 229 365 228 365 38 366 228 366 40 366 228 367 227 367 40 367 40 368 227 368 226 368 40 369 226 369 41 369 226 370 225 370 41 370 41 371 225 371 224 371 41 372 224 372 18 372 224 373 223 373 18 373 18 374 223 374 222 374 18 375 222 375 20 375 222 376 221 376 20 376 20 377 221 377 220 377 20 378 220 378 22 378 220 379 219 379 22 379 22 380 219 380 218 380 22 381 218 381 24 381 218 382 217 382 24 382 24 383 217 383 216 383 24 384 216 384 25 384 216 385 215 385 25 385 25 386 215 386 214 386 25 387 214 387 11 387 214 388 213 388 11 388 11 389 213 389 212 389 11 390 212 390 13 390 212 391 211 391 13 391 13 392 211 392 210 392 13 393 210 393 15 393 210 394 209 394 15 394 15 395 209 395 208 395 15 396 208 396 16 396 208 397 207 397 16 397 16 398 207 398 206 398 16 399 206 399 0 399 0 400 206 400 205 400 0 401 205 401 51 401 51 402 205 402 278 402 51 403 278 403 52 403 278 404 277 404 52 404 52 405 277 405 276 405 52 406 276 406 54 406 276 407 275 407 54 407 54 408 275 408 274 408 54 409 274 409 56 409 274 410 273 410 56 410 56 411 273 411 272 411 56 412 272 412 57 412 272 413 271 413 57 413 57 414 271 414 270 414 57 415 270 415 27 415 270 416 269 416 27 416 27 417 269 417 268 417 27 418 268 418 29 418 268 419 267 419 29 419 29 420 267 420 266 420 29 421 266 421 31 421 266 422 265 422 31 422 31 423 265 423 264 423 31 424 264 424 33 424 264 425 263 425 33 425 33 426 263 426 262 426 33 427 262 427 34 427 262 428 261 428 34 428 34 429 261 429 260 429 34 430 260 430 4 430 260 431 259 431 4 431 4 432 259 432 258 432 4 433 258 433 6 433 258 434 257 434 6 434 6 435 257 435 256 435 6 436 256 436 8 436 256 437 255 437 8 437 8 438 255 438 254 438 8 439 254 439 58 439 254 440 253 440 58 440 58 441 253 441 252 441 58 442 252 442 59 442 252 443 251 443 59 443 59 444 251 444 250 444 59 445 250 445 61 445 250 446 249 446 61 446 61 447 249 447 248 447 61 448 248 448 63 448 248 449 247 449 63 449 63 450 247 450 246 450 63 451 246 451 65 451 246 452 245 452 65 452 65 453 245 453 244 453 65 454 244 454 66 454 244 455 243 455 66 455 66 456 243 456 242 456 66 457 242 457 43 457 43 458 242 458 241 458 43 459 241 459 240 459 279 460 280 460 281 460 281 461 280 461 282 461 281 462 282 462 283 462 283 463 282 463 284 463 283 464 284 464 285 464 285 465 284 465 286 465 285 466 286 466 287 466 288 467 289 467 290 467 286 468 291 468 287 468 287 469 291 469 292 469 287 470 292 470 293 470 293 471 292 471 294 471 293 472 294 472 295 472 295 473 294 473 296 473 295 474 296 474 297 474 298 475 299 475 300 475 300 476 299 476 301 476 300 477 301 477 302 477 302 478 301 478 303 478 302 479 303 479 304 479 304 480 303 480 305 480 304 481 305 481 279 481 279 482 305 482 306 482 279 483 306 483 280 483 288 484 307 484 289 484 289 485 307 485 308 485 289 486 308 486 309 486 309 487 308 487 310 487 309 488 310 488 311 488 311 489 310 489 312 489 311 490 312 490 313 490 314 491 315 491 316 491 316 492 315 492 317 492 316 493 317 493 318 493 318 494 317 494 319 494 318 495 319 495 298 495 298 496 319 496 320 496 298 497 320 497 299 497 312 498 321 498 313 498 313 499 321 499 322 499 313 500 322 500 323 500 323 501 322 501 324 501 323 502 324 502 325 502 325 503 324 503 326 503 325 504 326 504 327 504 327 505 326 505 328 505 327 506 328 506 314 506 314 507 328 507 329 507 314 508 329 508 315 508 296 509 330 509 297 509 297 510 330 510 331 510 297 511 331 511 332 511 332 512 331 512 333 512 332 513 333 513 334 513 334 514 333 514 335 514 334 515 335 515 336 515 336 516 335 516 337 516 336 517 337 517 338 517 337 518 339 518 338 518 338 519 339 519 340 519 338 520 340 520 341 520 341 521 340 521 342 521 341 522 342 522 343 522 343 523 342 523 344 523 343 524 344 524 290 524 290 525 344 525 345 525 290 526 345 526 288 526 204 527 346 527 68 527 68 528 346 528 347 528 68 529 347 529 70 529 70 530 347 530 348 530 70 531 348 531 72 531 72 532 348 532 349 532 72 533 349 533 74 533 74 534 349 534 350 534 74 535 350 535 76 535 76 536 350 536 351 536 76 537 351 537 78 537 78 538 351 538 352 538 78 539 352 539 80 539 80 540 352 540 353 540 80 541 353 541 82 541 82 542 353 542 354 542 82 543 354 543 84 543 84 544 354 544 355 544 84 545 355 545 86 545 86 546 355 546 356 546 86 547 356 547 88 547 88 548 356 548 357 548 88 549 357 549 90 549 90 550 357 550 358 550 90 551 358 551 92 551 358 552 359 552 92 552 92 553 359 553 360 553 92 554 360 554 94 554 94 555 360 555 361 555 94 556 361 556 96 556 96 557 361 557 362 557 96 558 362 558 98 558 98 559 362 559 363 559 98 560 363 560 100 560 100 561 363 561 364 561 100 562 364 562 102 562 102 563 364 563 365 563 102 564 365 564 104 564 104 565 365 565 366 565 104 566 366 566 106 566 106 567 366 567 367 567 106 568 367 568 108 568 108 569 367 569 368 569 108 570 368 570 110 570 110 571 368 571 369 571 110 572 369 572 112 572 112 573 369 573 370 573 112 574 370 574 114 574 114 575 370 575 371 575 114 576 371 576 116 576 116 577 371 577 372 577 116 578 372 578 118 578 118 579 372 579 373 579 118 580 373 580 120 580 120 581 373 581 374 581 120 582 374 582 122 582 122 583 374 583 375 583 122 584 375 584 124 584 124 585 375 585 376 585 124 586 376 586 126 586 376 587 377 587 126 587 126 588 377 588 378 588 126 589 378 589 128 589 128 590 378 590 379 590 128 591 379 591 130 591 130 592 379 592 380 592 130 593 380 593 132 593 132 594 380 594 381 594 132 595 381 595 134 595 134 596 381 596 382 596 134 597 382 597 136 597 136 598 382 598 383 598 136 599 383 599 138 599 138 600 383 600 384 600 138 601 384 601 140 601 140 602 384 602 385 602 140 603 385 603 142 603 142 604 385 604 386 604 142 605 386 605 144 605 144 606 386 606 387 606 144 607 387 607 146 607 146 608 387 608 388 608 146 609 388 609 148 609 148 610 388 610 389 610 148 611 389 611 150 611 150 612 389 612 390 612 150 613 390 613 152 613 152 614 390 614 391 614 152 615 391 615 154 615 154 616 391 616 392 616 154 617 392 617 156 617 156 618 392 618 393 618 156 619 393 619 158 619 158 620 393 620 394 620 158 621 394 621 160 621 394 622 395 622 160 622 160 623 395 623 396 623 160 624 396 624 162 624 162 625 396 625 397 625 162 626 397 626 164 626 164 627 397 627 398 627 164 628 398 628 166 628 166 629 398 629 399 629 166 630 399 630 168 630 168 631 399 631 400 631 168 632 400 632 170 632 170 633 400 633 401 633 170 634 401 634 172 634 172 635 401 635 402 635 172 636 402 636 174 636 174 637 402 637 403 637 174 638 403 638 176 638 176 639 403 639 404 639 176 640 404 640 178 640 178 641 404 641 405 641 178 642 405 642 180 642 180 643 405 643 406 643 180 644 406 644 182 644 182 645 406 645 407 645 182 646 407 646 184 646 184 647 407 647 408 647 184 648 408 648 186 648 186 649 408 649 409 649 186 650 409 650 188 650 188 651 409 651 410 651 188 652 410 652 190 652 190 653 410 653 411 653 190 654 411 654 192 654 192 655 411 655 412 655 192 656 412 656 194 656 194 657 412 657 413 657 194 658 413 658 196 658 196 659 413 659 414 659 196 660 414 660 198 660 414 661 415 661 198 661 198 662 415 662 416 662 198 663 416 663 200 663 200 664 416 664 417 664 200 665 417 665 202 665 202 666 417 666 418 666 202 667 418 667 204 667 204 668 418 668 419 668 204 669 419 669 346 669 282 670 280 670 381 670 381 671 380 671 282 671 282 672 380 672 379 672 282 673 379 673 284 673 379 674 378 674 284 674 284 675 378 675 377 675 284 676 377 676 286 676 377 677 376 677 286 677 286 678 376 678 375 678 286 679 375 679 291 679 375 680 374 680 291 680 291 681 374 681 373 681 291 682 373 682 292 682 373 683 372 683 292 683 292 684 372 684 371 684 292 685 371 685 294 685 371 686 370 686 294 686 294 687 370 687 369 687 294 688 369 688 296 688 369 689 368 689 296 689 296 690 368 690 367 690 296 691 367 691 330 691 367 692 366 692 330 692 330 693 366 693 365 693 330 694 365 694 331 694 365 695 364 695 331 695 331 696 364 696 363 696 331 697 363 697 333 697 363 698 362 698 333 698 333 699 362 699 361 699 333 700 361 700 335 700 361 701 360 701 335 701 335 702 360 702 359 702 335 703 359 703 337 703 359 704 358 704 337 704 337 705 358 705 357 705 337 706 357 706 339 706 357 707 356 707 339 707 339 708 356 708 355 708 339 709 355 709 340 709 355 710 354 710 340 710 340 711 354 711 353 711 340 712 353 712 342 712 353 713 352 713 342 713 342 714 352 714 351 714 342 715 351 715 344 715 351 716 350 716 344 716 344 717 350 717 349 717 344 718 349 718 345 718 349 719 348 719 345 719 345 720 348 720 347 720 345 721 347 721 288 721 288 722 347 722 346 722 288 723 346 723 307 723 307 724 346 724 419 724 307 725 419 725 308 725 419 726 418 726 308 726 308 727 418 727 417 727 308 728 417 728 310 728 417 729 416 729 310 729 310 730 416 730 415 730 310 731 415 731 312 731 415 732 414 732 312 732 312 733 414 733 413 733 312 734 413 734 321 734 413 735 412 735 321 735 321 736 412 736 411 736 321 737 411 737 322 737 411 738 410 738 322 738 322 739 410 739 409 739 322 740 409 740 324 740 409 741 408 741 324 741 324 742 408 742 407 742 324 743 407 743 326 743 407 744 406 744 326 744 326 745 406 745 405 745 326 746 405 746 328 746 405 747 404 747 328 747 328 748 404 748 403 748 328 749 403 749 329 749 403 750 402 750 329 750 329 751 402 751 401 751 329 752 401 752 315 752 401 753 400 753 315 753 315 754 400 754 399 754 315 755 399 755 317 755 399 756 398 756 317 756 317 757 398 757 397 757 317 758 397 758 319 758 397 759 396 759 319 759 319 760 396 760 395 760 319 761 395 761 320 761 395 762 394 762 320 762 320 763 394 763 393 763 320 764 393 764 299 764 393 765 392 765 299 765 299 766 392 766 391 766 299 767 391 767 301 767 391 768 390 768 301 768 301 769 390 769 389 769 301 770 389 770 303 770 389 771 388 771 303 771 303 772 388 772 387 772 303 773 387 773 305 773 387 774 386 774 305 774 305 775 386 775 385 775 305 776 385 776 306 776 385 777 384 777 306 777 306 778 384 778 383 778 306 779 383 779 280 779 280 780 383 780 382 780 280 781 382 781 381 781 289 782 1 782 290 782 290 783 1 783 53 783 290 784 53 784 343 784 343 785 53 785 55 785 343 786 55 786 341 786 341 787 55 787 26 787 341 788 26 788 338 788 338 789 26 789 28 789 338 790 28 790 336 790 336 791 28 791 30 791 336 792 30 792 334 792 334 793 30 793 32 793 334 794 32 794 332 794 332 795 32 795 3 795 332 796 3 796 297 796 297 797 3 797 5 797 297 798 5 798 295 798 295 799 5 799 7 799 295 800 7 800 293 800 293 801 7 801 9 801 293 802 9 802 287 802 287 803 9 803 60 803 287 804 60 804 285 804 285 805 60 805 62 805 285 806 62 806 283 806 283 807 62 807 64 807 283 808 64 808 281 808 281 809 64 809 42 809 281 810 42 810 279 810 279 811 42 811 44 811 279 812 44 812 304 812 304 813 44 813 46 813 304 814 46 814 302 814 302 815 46 815 48 815 302 816 48 816 300 816 300 817 48 817 35 817 300 818 35 818 298 818 298 819 35 819 37 819 298 820 37 820 318 820 318 821 37 821 39 821 318 822 39 822 316 822 316 823 39 823 17 823 316 824 17 824 314 824 314 825 17 825 19 825 314 826 19 826 327 826 327 827 19 827 21 827 327 828 21 828 325 828 325 829 21 829 23 829 325 830 23 830 323 830 323 831 23 831 10 831 323 832 10 832 313 832 313 833 10 833 12 833 313 834 12 834 311 834 311 835 12 835 14 835 311 836 14 836 309 836 309 837 14 837 2 837 309 838 2 838 289 838 289 839 2 839 1 839</p>
        </triangles>
      </mesh>
    </geometry>
    <geometry id="tail_pipe_assem_-_tptp_bearing-4_cp-2_001-mesh" name="tail_pipe_assem - tptp_bearing-4 cp-2.001">
      <mesh>
        <source id="tail_pipe_assem_-_tptp_bearing-4_cp-2_001-mesh-positions">
          <float_array id="tail_pipe_assem_-_tptp_bearing-4_cp-2_001-mesh-positions-array" count="651">53.232 23.90931 49.53564 52.72482 24.20213 48.95 51.82293 24.72283 49.91336 52.72482 24.20213 37.35 53.232 23.90931 36.76436 52.39771 24.39098 35.72295 54.61764 23.10931 46.76436 55.12482 22.81649 47.35 56.9559 21.75931 35.04954 55.31046 22.70931 48.15 56.9559 21.75931 51.25046 55.12482 22.81649 48.95 51.4539 24.93589 49.07705 52.53918 24.30931 48.15 51.32674 25.00931 48.15 53.12197 23.97283 35.29683 53.92482 23.50931 36.55 53.92482 23.50931 35.15 56.28919 22.14424 35.15 54.61764 23.10931 36.76436 56.93498 21.77139 35.05584 55.12482 22.81649 37.35 55.31046 22.70931 38.15 55.12482 22.81649 38.95 54.61764 23.10931 39.53564 53.92482 23.50931 46.55 53.92482 23.50931 39.75 53.232 23.90931 46.76436 52.39771 24.39098 50.57705 53.12197 23.97283 51.00317 53.92482 23.50931 49.75 53.92482 23.50931 51.15 54.61764 23.10931 49.53564 56.28919 22.14424 51.15 56.93498 21.77139 51.24415 51.82293 24.72283 36.38664 51.4539 24.93589 37.22295 52.53918 24.30931 38.15 51.32674 25.00931 38.15 52.72482 24.20213 38.95 53.232 23.90931 39.53564 52.72482 24.20213 47.35 61.01598 20.56992 32.89142 58.51598 16.2398 32.89142 58.04024 22.28797 34.77929 55.54024 17.95784 34.77929 64.69509 18.44579 53.99405 83.31463 7.695792 48.99405 71.1978 14.69145 44.95194 83.49181 7.593499 44.39698 82.88915 7.941447 44.95194 84.61492 6.945073 48.42422 82.13764 8.375331 45.15 81.38613 8.809216 44.95194 70.44629 15.12533 45.15 69.69478 15.55922 44.95194 63.43944 19.17074 54.14931 69.09212 15.90716 44.39698 80.78346 9.157164 44.39698 80.44901 9.350259 43.59504 71.1978 14.69145 41.34806 80.44901 9.350259 42.70495 70.44629 15.12533 41.15 64.69509 18.44579 32.30595 69.69478 15.55922 41.34806 87.33379 5.375331 43.15 83.82626 7.400404 42.70495 83.82626 7.400404 43.59504 71.80046 14.3435 41.90302 72.13491 14.1504 42.70495 72.13491 14.1504 43.59504 71.80046 14.3435 44.39698 68.75767 16.10026 42.70495 64.3987 18.61691 40.86613 68.75767 16.10026 43.59504 65.12705 18.1964 41.47717 62.18844 19.893 32.34976 69.09212 15.90716 41.90302 87.14766 5.48279 41.55852 86.60263 5.797466 40.08105 83.49181 7.593499 41.90302 85.73773 6.296819 38.82344 82.88915 7.941447 41.34806 84.61492 6.945073 37.87577 82.13764 8.375331 41.15 83.31463 7.695792 37.30595 81.38613 8.809216 41.34806 80.78346 9.157164 41.90302 85.73773 6.296819 47.47656 86.60263 5.797466 46.21895 87.14766 5.48279 44.74148 63.06794 19.38522 45.59537 62.24549 19.86006 45.17254 58.04024 22.28797 51.52071 65.57719 17.93651 42.37746 65.67129 17.88218 43.41132 65.39308 18.0428 44.4 64.79068 18.3906 45.17254 57.4559 22.62533 51.25046 63.43944 19.17074 32.15069 63.96823 18.86544 45.59537 63.51808 19.12533 45.65 62.18844 19.893 53.95023 61.01598 20.56992 53.40858 63.51808 19.12533 40.65 62.63747 19.63375 40.86613 61.64308 20.20786 44.4 61.36488 20.36849 43.41132 57.4559 22.62533 35.04954 61.45899 20.31415 42.37746 61.90913 20.05426 41.47717 81.32626 3.070277 42.70495 80.99181 3.263372 41.90302 84.10263 1.467339 40.08105 62.62704 13.86627 41.47717 61.8987 14.28678 40.86613 66.59212 11.57704 41.90302 78.88613 4.479089 41.34806 69.30046 10.01337 41.90302 79.63764 4.045204 41.15 80.38915 3.61132 41.34806 68.6978 10.36132 41.34806 67.94629 10.7952 41.15 67.19478 11.22909 41.34806 81.32626 3.070277 43.59504 84.10263 1.467339 46.21895 80.99181 3.263372 44.39698 83.23773 1.966692 47.47656 80.38915 3.61132 44.95194 82.11492 2.614946 48.42422 79.63764 4.045204 45.15 80.81463 3.365665 48.99405 78.88613 4.479089 44.95194 62.19508 14.11566 53.99405 78.28346 4.827037 44.39698 77.94901 5.020132 43.59504 84.64766 1.152664 41.55852 84.83379 1.045204 43.15 84.64766 1.152664 44.74148 78.28346 4.827037 41.90302 77.94901 5.020132 42.70495 68.6978 10.36132 44.95194 67.94629 10.7952 45.15 67.19478 11.22909 44.95194 69.30046 10.01337 44.39698 69.63491 9.820278 43.59504 69.63491 9.820278 42.70495 66.59212 11.57704 44.39698 60.93944 14.84061 54.14931 59.68844 15.56287 53.95023 60.13747 15.30362 40.86613 59.40913 15.72414 41.47717 56.08174 17.64521 40.9 58.95899 15.98402 42.37746 66.25767 11.77013 42.70495 63.17129 13.55205 43.41132 63.07718 13.60638 42.37746 61.01808 14.7952 45.65 61.46823 14.53531 45.59537 58.51598 16.2398 53.40858 58.86488 16.03836 43.41132 59.14308 15.87774 44.4 56.08174 17.64521 51.86425 59.74549 15.52994 45.17254 60.56794 15.05509 45.59537 66.25767 11.77013 43.59504 62.29068 14.06047 45.17254 62.89308 13.71267 44.4 61.01808 14.7952 40.65 62.19508 14.11566 32.30595 80.81463 3.365665 37.30595 82.11492 2.614946 37.87577 83.23773 1.966692 38.82344 53.12482 19.35239 48.95 53.31046 19.24521 48.15 50.72482 20.73803 48.95 49.4539 21.47179 49.07705 50.53918 20.84521 48.15 49.32674 21.5452 48.15 50.72482 20.73803 47.35 49.32674 21.5452 40.9 51.232 20.4452 46.76436 51.92482 20.0452 49.75 51.12197 20.50873 51.00317 51.232 20.4452 49.53564 50.39771 20.92688 50.57705 49.82293 21.25873 49.91336 53.12482 19.35239 47.35 52.61764 19.64521 46.76436 51.92482 20.0452 46.55 55.54024 17.95784 51.52071 54.93498 18.30729 51.24415 52.61764 19.64521 49.53564 54.28919 18.68014 51.15 51.92482 20.0452 51.15 53.31046 19.24521 38.15 53.12482 19.35239 37.35 50.53918 20.84521 38.15 49.4539 21.47179 37.22295 50.72482 20.73803 37.35 49.82293 21.25873 36.38664 51.232 20.4452 36.76436 50.72482 20.73803 38.95 49.32674 21.5452 38.15 50.39771 20.92688 35.72295 51.12197 20.50873 35.29683 51.92482 20.0452 36.55 51.92482 20.0452 35.15 52.61764 19.64521 36.76436 54.28919 18.68014 35.15 54.93498 18.30729 35.05584 53.12482 19.35239 38.95 59.68844 15.56287 32.34976 60.93944 14.84061 32.15069 51.232 20.4452 39.53564 51.92482 20.0452 39.75 52.61764 19.64521 39.53564</float_array>
          <technique_common>
            <accessor source="#tail_pipe_assem_-_tptp_bearing-4_cp-2_001-mesh-positions-array" count="217" stride="3">
              <param name="X" type="float"/>
              <param name="Y" type="float"/>
              <param name="Z" type="float"/>
            </accessor>
          </technique_common>
        </source>
        <source id="tail_pipe_assem_-_tptp_bearing-4_cp-2_001-mesh-normals">
          <float_array id="tail_pipe_assem_-_tptp_bearing-4_cp-2_001-mesh-normals-array" count="1314">0.4999945 0.8660286 3.2491e-6 0.4999994 0.8660258 0 0.4999991 0.866026 0 0.4999923 0.8660299 -1.10168e-6 0.500002 0.8660243 0 0.4999976 0.8660268 2.18269e-6 0.5000042 0.866023 2.97689e-6 0.4999988 0.8660261 0 0.5000001 0.8660253 0 0.5000002 0.8660254 1.11633e-6 0.5000018 0.8660245 6.35123e-6 0.4999969 0.8660272 0 0.5000008 0.866025 0 0.4999952 0.8660281 2.23705e-6 0.5000167 0.8660159 7.46449e-6 0.4999983 0.8660264 -5.94274e-6 0.5000038 0.8660232 1.80572e-4 0.5000018 0.8660244 -3.49232e-6 0.5000002 0.8660253 5.57449e-6 0.5000016 0.8660245 0 0.4999967 0.8660273 0 0.5000018 0.8660243 0 0.4999987 0.8660263 0 0.5 0.8660255 0 0.5000028 0.8660238 0 0.5 0.8660254 0 0.500004 0.8660232 -6.35119e-6 0.4999925 0.8660297 0 0.5000016 0.8660246 0 0.5 0.8660255 -1.73103e-6 0.4999976 0.8660269 3.6754e-6 0.5000084 0.8660206 -1.25986e-6 0.4999406 0.8660597 -1.66431e-4 0.5000002 0.8660253 0 0.5000018 0.8660243 -1.48844e-6 0.4999976 0.8660268 7.34803e-7 0.4999982 0.8660265 0 0.5000008 0.866025 0 0.4999991 0.8660259 1.20463e-6 0.5000001 0.8660255 -3.16308e-7 0.5000039 0.8660233 0 0.4999588 0.8660494 -1.46532e-5 0.5000096 0.86602 1.57228e-6 -0.4170182 0.240766 -0.8764289 -0.4170169 0.2407655 -0.8764297 0.5000004 0.8660252 1.94551e-7 0.4999911 0.8660305 -5.41507e-7 0.5 0.8660255 7.51049e-7 0.5000069 0.8660215 2.64552e-7 0.4999904 0.8660311 1.24394e-6 0.5000086 0.8660206 0 0.4999971 0.8660271 -6.36496e-7 0.4999989 0.8660261 -1.24932e-6 0.4999992 0.8660258 3.11512e-6 0.5000008 0.866025 1.98196e-6 0.5000022 0.8660242 0 0.5000218 0.8660128 -1.62619e-5 0.4999994 0.8660258 3.3235e-7 0.499998 0.8660266 0 0.5000013 0.8660247 0 0.5000002 0.8660254 0 0.499996 0.8660278 7.77972e-7 0.4999999 0.8660256 -3.49601e-6 0.5000008 0.866025 0 0.5000001 0.8660253 3.79972e-7 0.5000004 0.8660252 -1.6869e-6 0.4999989 0.8660261 -2.52451e-6 0.5000033 0.8660236 0 0.4999695 0.866043 -2.44372e-6 0.5000015 0.8660247 0 0.4999984 0.8660265 -6.00731e-7 0.4999997 0.8660257 -2.98586e-7 0.4999998 0.8660256 -1.0643e-6 0.5000013 0.8660247 1.05345e-6 0.5000015 0.8660247 1.06488e-6 0.4999998 0.8660256 0 0.5000035 0.8660235 0 0.5000013 0.8660247 -5.82751e-7 0.4999871 0.8660329 -1.24393e-6 0.5 0.8660256 0 0.5000032 0.8660237 1.7964e-6 0.5000017 0.8660245 -1.64037e-6 0.5000013 0.8660248 -2.95699e-7 0.5000013 0.8660247 -1.05345e-6 0.4999994 0.8660259 0 0.5000024 0.866024 2.98587e-7 0.4999973 0.8660269 3.00365e-7 0.4999982 0.8660265 0 0.5000046 0.8660229 2.85381e-6 0.4999997 0.8660256 2.73254e-6 0.4999983 0.8660264 -2.73744e-6 0.4999985 0.8660263 2.48474e-6 0.4999988 0.8660261 -5.4973e-7 0.5000058 0.8660221 1.13559e-6 0.5000016 0.8660245 2.72691e-6 0.5000008 0.8660249 -1.60682e-6 0.4999999 0.8660255 -2.90612e-7 0.4999994 0.8660258 2.4792e-7 0.5000049 0.8660227 0 0.4999962 0.8660276 0 0.4999984 0.8660264 0 0.5000074 0.8660212 -8.67348e-7 0.5000001 0.8660253 -6.43219e-7 0.5000004 0.8660253 4.8719e-7 0.5000022 0.8660243 -3.21472e-6 0.4999986 0.8660262 0 0.499998 0.8660266 -8.96129e-7 0.5000011 0.8660248 -1.79508e-6 0.4999992 0.8660258 2.73225e-7 0.4999997 0.8660256 0 0.4999995 0.8660258 0 0.4999999 0.8660256 9.57225e-7 0.4999965 0.8660275 -4.85886e-7 0.5000005 0.8660252 2.42601e-7 0.5000019 0.8660244 -3.3307e-6 -0.4999994 -0.8660259 2.66073e-7 -0.5000026 -0.866024 0 -0.5000128 -0.8660181 0 -0.5000008 -0.8660251 5.15677e-6 -0.5000054 -0.8660224 9.7876e-7 -0.4999982 -0.8660265 -2.92418e-7 -0.5000002 -0.8660253 -1.41899e-6 -0.4999992 -0.8660259 3.30092e-6 -0.4999947 -0.8660286 1.1958e-6 -0.5000156 -0.8660165 3.51164e-6 -0.4999948 -0.8660285 1.02294e-6 -0.4999994 -0.8660259 -2.66073e-7 -0.5000028 -0.8660238 1.27919e-6 -0.4999988 -0.8660262 7.98666e-7 -0.5000032 -0.8660236 -2.23858e-7 -0.4999974 -0.8660269 0 -0.5000013 -0.8660247 -5.82751e-7 -0.4999957 -0.866028 -3.10987e-7 -0.5000001 -0.8660254 -6.22557e-7 -0.4999978 -0.8660267 5.38922e-6 -0.5000013 -0.8660247 -3.28072e-6 -0.5000002 -0.8660253 7.46469e-7 -0.5 -0.8660255 3.94231e-7 -0.5000063 -0.8660218 0 -0.4999967 -0.8660273 -3.94229e-7 -0.5000014 -0.8660247 -7.65128e-7 -0.4999995 -0.8660258 0 -0.5000039 -0.8660232 0 -0.4999871 -0.8660328 -1.62629e-5 -0.4999998 -0.8660256 0 -0.5000026 -0.8660239 -8.4867e-7 -0.4999945 -0.8660287 3.79491e-6 -0.4999982 -0.8660266 3.24152e-7 -0.4999999 -0.8660256 -6.99203e-6 -0.5000015 -0.8660246 0 -0.4999973 -0.866027 -2.62269e-7 -0.4999985 -0.8660264 0 -0.4999965 -0.8660275 5.81223e-7 -0.5000018 -0.8660244 -9.91675e-7 -0.4999999 -0.8660256 -5.3859e-6 -0.4999995 -0.8660257 2.28333e-6 -0.4999943 -0.8660287 2.95118e-6 -0.5000028 -0.8660237 1.29097e-6 -0.5000004 -0.8660253 -1.46697e-6 -0.5000007 -0.866025 0 -0.4999959 -0.8660278 4.81467e-7 -0.5000012 -0.8660247 0 -0.4999982 -0.8660265 -2.26473e-7 -0.5000075 -0.8660211 -6.82734e-7 -0.5000032 -0.8660236 0 -0.5 -0.8660254 0 -0.4999986 -0.8660262 -1.46506e-6 -0.5000053 -0.8660224 -4.34772e-6 -0.4999968 -0.8660274 0 -0.5000062 -0.8660219 5.23327e-6 -0.4999986 -0.8660262 -1.30181e-6 -0.5000039 -0.8660233 0 -0.5000021 -0.8660242 1.71527e-6 -0.5000011 -0.8660248 2.7511e-7 -0.5000008 -0.8660249 -2.64204e-6 -0.5000006 -0.8660251 -2.27325e-6 -0.5000005 -0.8660252 0 -0.4999997 -0.8660256 0 -0.5000029 -0.8660238 0 -0.4999988 -0.8660261 3.17558e-6 -0.5000007 -0.866025 -1.837e-6 -0.4999986 -0.8660262 0 -0.5000019 -0.8660244 0 -0.5000022 -0.8660241 0 -0.5000042 -0.866023 -2.3817e-6 -0.5 -0.8660254 -2.97688e-6 -0.499997 -0.8660272 0 -0.4999981 -0.8660265 0 -0.5000013 -0.8660247 -2.97689e-6 -0.4999992 -0.8660259 1.85445e-6 -0.500002 -0.8660243 1.65083e-6 -0.4999995 -0.8660258 0 -0.5000004 -0.8660252 4.42779e-6 -0.5000038 -0.8660233 -3.69423e-7 -0.4999992 -0.866026 1.1752e-5 -0.4999912 -0.8660305 -1.48819e-5 -0.4999989 -0.8660261 2.97134e-6 -0.4999982 -0.8660264 -3.73228e-6 -0.500006 -0.866022 4.47409e-6 -0.4999977 -0.8660267 0 -0.4999925 -0.8660297 0 -0.4999958 -0.8660278 0 -0.5000027 -0.8660238 -6.41531e-6 -0.5000009 -0.8660249 -3.1756e-6 -0.5000018 -0.8660243 2.97689e-6 -0.499997 -0.8660272 3.2491e-6 -0.4999978 -0.8660267 0 -0.4999998 -0.8660255 0 -0.4999976 -0.8660268 1.83701e-6 -0.5000049 -0.8660226 -2.86702e-6 -0.4999989 -0.8660261 2.97688e-6 -0.5000016 -0.8660246 3.1756e-6 -0.4999991 -0.8660259 0 -0.5000054 -0.8660224 0 -0.4999987 -0.8660263 -1.73103e-6 -0.5000049 -0.8660227 0 -0.4999983 -0.8660264 -2.51971e-6 -0.4999969 -0.8660272 1.48819e-5 -0.5000018 -0.8660244 -2.42242e-6 -0.5000005 -0.8660251 9.14874e-7 -0.4999995 -0.8660258 0 -0.5000004 -0.8660252 0 -0.4999993 -0.8660259 -4.34878e-7 -0.499998 -0.8660266 3.10249e-7 -0.5000012 -0.8660248 0 -0.4999969 -0.8660273 0 -0.4999982 -0.8660265 1.22026e-6 -0.500002 -0.8660243 -1.70109e-6 -0.4999941 -0.8660288 -9.78671e-7 -0.4999996 -0.8660258 -3.03566e-6 -2.79451e-6 0 1 0 0 1 -0.4170162 0.2407659 0.87643 -0.417017 0.2407661 0.8764295 -0.4170222 0.2407663 0.8764269 -0.3216943 0.1857301 0.9284487 -0.3216925 0.1857302 0.9284495 -0.1182358 0.06826233 0.9906365 -0.1182338 0.06826239 0.9906368 0.09221005 -0.05323827 0.9943153 0.09220701 -0.05323827 0.9943157 0.1961653 -0.1132568 0.9740083 0.1961661 -0.1132567 0.9740082 0.3072839 -0.1774124 0.934934 0.30729 -0.177412 0.9349321 0.5110445 -0.2950515 0.8073279 0.5110459 -0.2950513 0.807327 0.6781895 -0.3915563 0.6218865 0.6781916 -0.3915539 0.6218855 0.7967515 -0.4600056 0.3918952 0.7967527 -0.4600052 0.3918935 0.8582344 -0.4955031 0.1338298 0.858236 -0.4955008 0.1338279 0.8582348 -0.4955026 -0.1338295 0.8582356 -0.4955012 -0.1338291 0.7967513 -0.4600059 -0.3918955 0.7967528 -0.4600052 -0.3918933 0.6781916 -0.3915554 -0.6218848 0.6781935 -0.3915529 -0.6218842 0.5110414 -0.2950522 -0.8073295 0.5110486 -0.2950506 -0.8073256 0.3072831 -0.1774125 -0.9349342 0.3072866 -0.1774122 -0.9349331 0.1961669 -0.1132567 -0.9740079 0.1961665 -0.1132568 -0.9740081 0.09221166 -0.05323827 -0.9943153 0.09221118 -0.05323827 -0.9943153 -0.1182327 0.06826108 -0.9906369 -0.1182297 0.06826114 -0.9906373 -0.3216946 0.185731 -0.9284486 -0.3216964 0.1857322 -0.9284476 0 0 -1 -0.8660255 0.4999999 0 -0.8660255 0.5 0 -0.8660253 0.5000001 0 -0.1927086 0.1112607 0.974928 -0.192707 0.1112607 0.9749283 -0.539959 0.3117452 0.7818308 -0.5399581 0.3117464 0.7818308 -0.7802616 0.4504868 0.4338819 -0.7802647 0.4504834 0.43388 -0.8660249 0.5000011 0 -0.8660265 0.4999981 0 -0.7802631 0.4504854 -0.4338806 -0.7802628 0.4504863 -0.4338803 -0.539965 0.3117446 -0.7818269 -0.5399562 0.3117463 -0.7818322 -0.1927021 0.1112586 -0.9749295 -0.1927103 0.1112585 -0.9749279 0.1927087 -0.1112585 -0.9749282 0.1927012 -0.1112586 -0.9749296 0.5399548 -0.311745 -0.7818337 0.5399625 -0.3117455 -0.7818281 0.7802631 -0.4504854 -0.4338806 0.7802619 -0.4504867 -0.4338814 0.8660258 -0.4999994 0 0.8660265 -0.4999981 0 0.780265 -0.450483 0.43388 0.7802619 -0.4504855 0.4338827 0.5399559 -0.3117456 0.7818327 0.5399633 -0.3117445 0.7818281 0.192702 -0.1112608 0.9749292 0.1927135 -0.1112605 0.974927 -0.1800543 0.1039564 0.9781481 -0.1800612 0.1039557 0.9781468 -0.5090378 0.293893 0.8090164 -0.5090343 0.2938931 0.8090186 -0.7500005 0.4330127 0.4999994 -0.7499994 0.433013 0.5000007 -0.8612812 0.497262 0.1045249 -0.8612826 0.4972589 0.1045275 -0.8236403 0.475526 -0.3090177 -0.8236394 0.4755278 -0.3090171 -0.6435851 0.371575 -0.6691266 -0.6435835 0.3715724 -0.6691294 -0.3522456 0.2033669 -0.9135453 -0.3522388 0.2033679 -0.9135478 -0.09051781 0.05226361 -0.9945225 -0.09053128 0.05226337 -0.9945213 0.09052914 -0.05226343 -0.9945215 0.09051573 -0.05226367 -0.9945228 0.3522409 -0.2033683 -0.9135468 0.3522478 -0.2033672 -0.9135444 0.6435819 -0.3715732 -0.6691306 0.6435829 -0.3715726 -0.6691299 0.8236392 -0.4755287 -0.3090166 0.8236386 -0.475529 -0.3090177 0.8612816 -0.4972603 0.1045286 0.8612815 -0.4972605 0.1045289 0.7500005 -0.4330127 0.4999994 0.7500007 -0.433012 0.4999998 0.5090385 -0.2938933 0.8090159 0.5090365 -0.2938935 0.809017 0.1800589 -0.1039556 0.9781473 0.1800519 -0.1039563 0.9781485 -0.1927085 0.1112601 0.9749281 -0.1927012 0.1112608 0.9749294 -0.5399646 0.3117445 0.7818272 -0.5399549 0.3117455 0.7818335 -0.7802609 0.4504881 0.4338819 -0.7802672 0.4504806 0.4338782 -0.7802636 0.4504857 -0.4338796 -0.780261 0.4504879 -0.4338819 -0.5399696 0.3117434 -0.7818241 -0.5399501 0.3117465 -0.7818363 -0.1927086 0.1112585 -0.9749283 -0.1927043 0.111258 -0.9749291 0.1927085 -0.1112588 -0.9749282 0.1927011 -0.1112586 -0.9749297 0.5399516 -0.3117449 -0.781836 0.5399599 -0.311743 -0.7818311 0.7802636 -0.4504857 -0.4338796 0.7802654 -0.4504842 -0.4338777 0.8660249 -0.5000011 0 0.7802599 -0.4504882 0.4338836 0.5399565 -0.3117437 0.7818331 0.5399588 -0.3117433 0.7818315 0.1927019 -0.1112607 0.9749293 0.1927134 -0.1112604 0.9749271 -0.8660256 0.4999998 0 -0.8660255 0.5 0 -0.322005 0.1859057 0.9283059 -0.1084896 0.06263428 0.9921225 -0.1084797 0.0626344 0.9921236 -0.2184605 0.126264 0.9676427 -0.3182824 0.1846267 0.9298438 -0.3219953 0.1859062 0.9283093 -0.1084796 0.06263434 -0.9921236 -0.1084872 0.06263434 -0.9921227 -0.318656 0.183971 -0.9298458 -0.2071314 0.145971 -0.9673619 -0.321999 0.1859059 -0.928308 -0.3220003 0.1859061 -0.9283074 -0.2241328 0.1294099 -0.9659284 -0.2241549 0.1294094 -0.9659233 -0.6123716 0.3535528 -0.7071079 -0.6123692 0.3535518 -0.7071104 -0.8365152 0.482966 -0.2588173 -0.8365175 0.4829633 -0.258815 -0.8365161 0.4829642 0.2588176 -0.836519 0.4829607 0.2588148 -0.6123696 0.3535516 0.7071102 -0.6123659 0.3535547 0.7071118 -0.2241415 0.1294097 0.9659264 -0.2241494 0.1294096 0.9659246 0.2241503 -0.1294094 0.9659245 0.2241426 -0.1294096 0.9659261 0.6123716 -0.3535528 0.7071079 0.6123668 -0.3535547 0.7071111 0.8365184 -0.4829602 0.2588177 0.8365155 -0.4829636 0.2588207 0.8365175 -0.4829619 -0.2588174 0.8365151 -0.4829645 -0.25882 0.6123774 -0.3535508 -0.7071039 0.6123672 -0.3535546 -0.7071108 0.2241503 -0.1294094 -0.9659245 0.2241371 -0.1294098 -0.9659274 -0.2241415 0.1294097 -0.9659264 -0.2241434 0.1294097 -0.9659259 -0.6123774 0.3535508 -0.7071039 -0.6123664 0.3535528 -0.7071124 -0.8365179 0.4829621 -0.2588152 -0.8365181 0.4829623 -0.2588145 -0.8365148 0.4829661 0.2588186 -0.8365169 0.4829635 0.2588163 -0.6123725 0.3535506 0.7071081 -0.6123687 0.3535538 0.7071098 -0.224151 0.1294095 0.9659242 0.224141 -0.1294097 0.9659265 0.6123687 -0.3535538 0.7071098 0.612374 -0.3535522 0.7071061 0.8365157 -0.4829639 0.2588198 0.8365147 -0.4829645 0.2588212 0.8365172 -0.4829618 -0.2588185 0.6123716 -0.3535528 -0.7071079 0.6123744 -0.3535521 -0.7071058 0.2241415 -0.1294097 -0.9659264 0.2241399 -0.1294097 -0.9659268 -0.1354731 0.07821762 -0.9876887 -0.135484 0.0782175 -0.9876873 -0.3931645 0.2269971 -0.8910073 -0.3931722 0.2269966 -0.891004 -0.6123695 0.3535524 -0.7071099 -0.6123731 0.3535507 -0.7071076 -0.7716354 0.4455054 -0.4539865 -0.7716365 0.445503 -0.453987 -0.855362 0.4938457 -0.1564362 -0.8553633 0.493843 -0.1564378 -0.8553651 0.4938409 0.1564341 -0.8553602 0.493848 0.1564387 -0.7716359 0.445505 0.453986 -0.7716365 0.445503 0.453987 -0.6123679 0.3535529 0.707111 -0.6123706 0.3535516 0.7071093 -0.3931713 0.2269967 0.8910045 -0.3931715 0.2269961 0.8910045 -0.1354741 0.07821756 0.9876886 -0.1354761 0.07821756 0.9876884</float_array>
          <technique_common>
            <accessor source="#tail_pipe_assem_-_tptp_bearing-4_cp-2_001-mesh-normals-array" count="438" stride="3">
              <param name="X" type="float"/>
              <param name="Y" type="float"/>
              <param name="Z" type="float"/>
            </accessor>
          </technique_common>
        </source>
        <vertices id="tail_pipe_assem_-_tptp_bearing-4_cp-2_001-mesh-vertices">
          <input semantic="POSITION" source="#tail_pipe_assem_-_tptp_bearing-4_cp-2_001-mesh-positions"/>
        </vertices>
        <triangles material="Material_001-material" count="450">
          <input semantic="VERTEX" source="#tail_pipe_assem_-_tptp_bearing-4_cp-2_001-mesh-vertices" offset="0"/>
          <input semantic="NORMAL" source="#tail_pipe_assem_-_tptp_bearing-4_cp-2_001-mesh-normals" offset="1"/>
          <p>0 0 1 0 2 0 3 1 4 1 5 1 6 2 7 2 8 2 8 3 7 3 9 3 8 4 9 4 10 4 10 5 9 5 11 5 2 6 1 6 12 6 12 7 1 7 13 7 12 8 13 8 14 8 5 9 4 9 15 9 15 10 4 10 16 10 15 11 16 11 17 11 17 12 16 12 18 12 18 13 16 13 19 13 18 14 19 14 20 14 20 15 19 15 21 15 20 16 21 16 8 16 21 17 22 17 8 17 8 18 22 18 23 18 8 19 23 19 6 19 6 20 23 20 24 20 6 21 24 21 25 21 25 22 24 22 26 22 25 23 26 23 27 23 2 24 28 24 0 24 0 25 28 25 29 25 0 26 29 26 30 26 30 27 29 27 31 27 30 28 31 28 32 28 32 29 31 29 33 29 32 30 33 30 11 30 11 31 33 31 34 31 11 32 34 32 10 32 5 33 35 33 3 33 3 34 35 34 36 34 3 28 36 28 37 28 37 35 36 35 38 35 37 36 38 36 39 36 39 37 38 37 14 37 39 38 14 38 40 38 40 39 14 39 13 39 40 40 13 40 26 40 26 41 13 41 41 41 26 42 41 42 27 42 42 43 43 43 44 43 44 44 43 44 45 44 46 45 47 45 48 45 49 46 50 46 51 46 51 47 50 47 47 47 47 48 50 48 52 48 47 49 52 49 53 49 48 50 54 50 46 50 46 51 54 51 55 51 46 52 55 52 56 52 56 53 55 53 57 53 58 54 59 54 60 54 60 55 59 55 61 55 60 56 61 56 62 56 62 57 61 57 63 57 62 58 63 58 64 58 65 59 66 59 67 59 60 60 68 60 58 60 58 61 68 61 69 61 58 62 69 62 53 62 53 63 69 63 70 63 53 64 70 64 47 64 47 65 70 65 71 65 47 66 71 66 48 66 72 67 73 67 74 67 74 68 73 68 75 68 76 69 42 69 77 69 65 70 78 70 66 70 66 71 78 71 79 71 66 72 79 72 80 72 80 73 79 73 81 73 80 74 81 74 82 74 82 75 81 75 83 75 82 76 83 76 84 76 84 77 83 77 85 77 84 78 85 78 86 78 86 79 85 79 63 79 86 80 63 80 87 80 87 81 63 81 61 81 51 82 88 82 49 82 49 83 88 83 89 83 49 84 89 84 67 84 67 85 89 85 90 85 67 86 90 86 65 86 91 87 92 87 93 87 75 88 94 88 74 88 74 89 94 89 95 89 74 90 95 90 57 90 57 91 95 91 96 91 57 92 96 92 56 92 56 93 96 93 97 93 93 94 92 94 98 94 64 95 63 95 77 95 77 96 63 96 99 96 77 97 99 97 76 97 97 98 100 98 56 98 56 99 100 99 101 99 56 100 101 100 102 100 102 101 101 101 91 101 102 102 91 102 103 102 103 103 91 103 93 103 72 104 77 104 73 104 73 105 77 105 42 105 73 24 42 24 104 24 104 106 42 106 105 106 92 107 106 107 98 107 98 108 106 108 107 108 98 109 107 109 108 109 108 110 107 110 109 110 108 111 109 111 110 111 105 112 42 112 110 112 110 113 42 113 44 113 110 114 44 114 108 114 111 115 112 115 113 115 114 116 115 116 116 116 117 117 118 117 119 117 119 118 118 118 113 118 119 119 113 119 120 119 120 120 113 120 112 120 118 121 121 121 113 121 113 122 121 122 122 122 113 123 122 123 115 123 115 124 122 124 123 124 115 125 123 125 116 125 124 126 125 126 126 126 126 127 125 127 127 127 126 128 127 128 128 128 128 129 127 129 129 129 128 130 129 130 130 130 130 131 129 131 131 131 130 132 131 132 132 132 132 133 131 133 133 133 132 134 133 134 134 134 134 135 133 135 135 135 113 136 136 136 111 136 111 137 136 137 137 137 111 138 137 138 124 138 124 139 137 139 138 139 124 140 138 140 125 140 139 141 140 141 141 141 141 142 140 142 135 142 141 143 135 143 142 143 142 144 135 144 133 144 142 145 133 145 143 145 141 146 144 146 139 146 139 147 144 147 145 147 139 148 145 148 117 148 117 149 145 149 146 149 117 150 146 150 118 150 143 151 133 151 147 151 147 152 133 152 148 152 147 153 148 153 149 153 150 154 151 154 152 154 152 155 151 155 153 155 154 156 155 156 116 156 116 157 155 157 156 157 116 158 156 158 114 158 157 141 158 141 159 141 160 159 161 159 162 159 162 160 161 160 163 160 162 161 163 161 159 161 159 162 163 162 164 162 159 163 164 163 157 163 149 164 159 164 147 164 147 165 159 165 158 165 147 166 158 166 165 166 165 167 158 167 166 167 165 168 166 168 154 168 154 169 166 169 167 169 154 170 167 170 155 170 168 171 169 171 115 171 115 165 169 165 170 165 170 172 171 172 115 172 115 173 171 173 172 173 115 174 172 174 113 174 173 175 174 175 162 175 162 176 174 176 152 176 162 177 152 177 160 177 160 178 152 178 153 178 175 179 176 179 177 179 177 180 176 180 178 180 177 181 178 181 179 181 179 182 178 182 180 182 179 183 180 183 181 183 182 184 183 184 184 184 184 185 183 185 185 185 184 186 185 186 175 186 175 187 185 187 186 187 175 188 186 188 176 188 174 189 187 189 152 189 152 190 187 190 188 190 152 191 188 191 180 191 180 192 188 192 189 192 180 193 189 193 181 193 162 194 190 194 173 194 173 195 190 195 191 195 173 196 191 196 192 196 192 197 191 197 193 197 192 198 193 198 182 198 182 199 193 199 194 199 182 200 194 200 183 200 195 201 196 201 43 201 43 202 196 202 45 202 197 203 198 203 199 203 199 204 198 204 200 204 199 205 200 205 201 205 202 206 180 206 197 206 197 207 180 207 203 207 197 208 203 208 198 208 200 209 204 209 201 209 201 210 204 210 205 210 201 211 205 211 206 211 206 212 205 212 207 212 206 213 207 213 208 213 208 214 207 214 209 214 208 215 209 215 196 215 196 216 209 216 210 216 196 217 210 217 45 217 211 218 195 218 152 218 152 219 195 219 43 219 152 220 43 220 150 220 150 221 43 221 212 221 150 222 212 222 168 222 168 223 212 223 213 223 168 224 213 224 169 224 202 225 214 225 180 225 180 226 214 226 215 226 180 227 215 227 152 227 152 228 215 228 216 228 152 229 216 229 211 229 194 230 193 230 31 230 31 231 193 231 33 231 159 232 103 232 162 232 162 233 103 233 93 233 162 234 93 234 190 234 103 235 159 235 149 235 103 236 149 236 102 236 102 237 149 237 148 237 102 238 148 238 56 238 56 239 148 239 133 239 56 240 133 240 46 240 47 241 46 241 131 241 131 242 46 242 133 242 47 243 131 243 129 243 47 244 129 244 51 244 51 245 129 245 127 245 51 246 127 246 88 246 88 247 127 247 125 247 88 248 125 248 89 248 89 249 125 249 138 249 89 250 138 250 90 250 90 251 138 251 137 251 90 252 137 252 65 252 65 253 137 253 136 253 65 254 136 254 78 254 78 255 136 255 113 255 78 256 113 256 79 256 79 257 113 257 172 257 79 258 172 258 81 258 81 259 172 259 171 259 81 260 171 260 83 260 83 261 171 261 170 261 83 262 170 262 85 262 63 263 85 263 169 263 169 264 85 264 170 264 63 265 169 265 213 265 63 266 213 266 99 266 99 267 213 267 212 267 99 268 212 268 76 268 76 269 212 269 43 269 76 270 43 270 42 270 17 271 18 271 207 271 207 271 18 271 209 271 178 272 14 272 180 272 180 273 14 273 38 273 180 274 38 274 203 274 62 275 122 275 60 275 60 276 122 276 121 276 60 277 121 277 68 277 68 278 121 278 118 278 68 279 118 279 69 279 69 280 118 280 146 280 69 281 146 281 70 281 70 282 146 282 145 282 70 283 145 283 71 283 71 284 145 284 144 284 71 285 144 285 48 285 48 286 144 286 141 286 48 287 141 287 54 287 54 288 141 288 142 288 54 289 142 289 55 289 55 290 142 290 143 290 55 291 143 291 57 291 57 292 143 292 147 292 57 293 147 293 74 293 74 294 147 294 165 294 74 295 165 295 72 295 72 296 165 296 154 296 72 297 154 297 77 297 77 298 154 298 116 298 77 299 116 299 64 299 64 300 116 300 123 300 64 301 123 301 62 301 62 302 123 302 122 302 104 303 168 303 73 303 73 304 168 304 115 304 73 305 115 305 75 305 75 306 115 306 114 306 75 307 114 307 94 307 94 308 114 308 156 308 94 309 156 309 95 309 95 310 156 310 155 310 95 311 155 311 96 311 96 312 155 312 167 312 96 313 167 313 97 313 97 314 167 314 166 314 97 315 166 315 100 315 100 316 166 316 158 316 100 317 158 317 101 317 101 318 158 318 157 318 101 319 157 319 91 319 91 320 157 320 164 320 91 321 164 321 92 321 92 322 164 322 163 322 92 323 163 323 106 323 106 324 163 324 161 324 106 325 161 325 107 325 107 326 161 326 160 326 107 327 160 327 109 327 109 328 160 328 153 328 109 329 153 329 110 329 110 330 153 330 151 330 110 331 151 331 105 331 105 332 151 332 150 332 105 333 150 333 104 333 104 334 150 334 168 334 84 335 119 335 82 335 82 336 119 336 120 336 82 337 120 337 80 337 80 338 120 338 112 338 80 339 112 339 66 339 66 340 112 340 111 340 66 281 111 281 67 281 67 282 111 282 124 282 67 341 124 341 49 341 49 342 124 342 126 342 49 343 126 343 50 343 50 344 126 344 128 344 50 345 128 345 52 345 52 346 128 346 130 346 52 347 130 347 53 347 53 348 130 348 132 348 53 349 132 349 58 349 58 350 132 350 134 350 58 351 134 351 59 351 59 352 134 352 135 352 59 353 135 353 61 353 61 296 135 296 140 296 61 297 140 297 87 297 87 354 140 354 139 354 87 355 139 355 86 355 86 356 139 356 117 356 86 357 117 357 84 357 84 358 117 358 119 358 8 359 10 359 108 359 108 360 10 360 98 360 93 361 98 361 10 361 33 362 193 362 34 362 34 363 193 363 191 363 34 364 191 364 10 364 10 365 191 365 190 365 10 366 190 366 93 366 209 367 18 367 210 367 210 368 18 368 20 368 210 369 20 369 45 369 45 370 20 370 8 370 45 371 8 371 44 371 44 372 8 372 108 372 182 373 30 373 192 373 192 374 30 374 32 374 192 375 32 375 173 375 173 376 32 376 11 376 173 377 11 377 174 377 174 378 11 378 9 378 174 379 9 379 187 379 187 380 9 380 7 380 187 381 7 381 188 381 188 382 7 382 6 382 188 383 6 383 189 383 189 384 6 384 25 384 189 385 25 385 181 385 181 386 25 386 27 386 181 387 27 387 179 387 179 388 27 388 41 388 179 389 41 389 177 389 177 390 41 390 13 390 177 391 13 391 175 391 175 392 13 392 1 392 175 393 1 393 184 393 184 394 1 394 0 394 184 395 0 395 182 395 182 396 0 396 30 396 215 397 26 397 216 397 216 398 26 398 24 398 216 399 24 399 211 399 211 400 24 400 23 400 211 401 23 401 195 401 195 402 23 402 22 402 195 403 22 403 196 403 196 404 22 404 21 404 196 405 21 405 208 405 208 406 21 406 19 406 208 383 19 383 206 383 206 407 19 407 16 407 206 385 16 385 201 385 201 408 16 408 4 408 201 409 4 409 199 409 199 410 4 410 3 410 199 411 3 411 197 411 197 412 3 412 37 412 197 391 37 391 202 391 202 413 37 413 39 413 202 414 39 414 214 414 214 415 39 415 40 415 214 416 40 416 215 416 215 417 40 417 26 417 17 418 207 418 205 418 17 419 205 419 15 419 15 420 205 420 204 420 15 421 204 421 5 421 5 422 204 422 200 422 5 423 200 423 35 423 35 424 200 424 198 424 35 425 198 425 36 425 36 426 198 426 203 426 36 427 203 427 38 427 14 428 178 428 176 428 14 429 176 429 12 429 12 430 176 430 186 430 12 431 186 431 2 431 2 432 186 432 185 432 2 433 185 433 28 433 28 434 185 434 183 434 28 435 183 435 29 435 29 436 183 436 194 436 29 437 194 437 31 437</p>
        </triangles>
      </mesh>
    </geometry>
    <geometry id="tail_pipe_assem_-_tptp_bearing-4_cp-1_001-mesh" name="tail_pipe_assem - tptp_bearing-4 cp-1.001">
      <mesh>
        <source id="tail_pipe_assem_-_tptp_bearing-4_cp-1_001-mesh-positions">
          <float_array id="tail_pipe_assem_-_tptp_bearing-4_cp-1_001-mesh-positions-array" count="651">60.732 36.89969 36.76436 60.22482 37.19251 37.35 59.32293 37.71321 36.38664 60.22482 37.19251 48.95 60.732 36.89969 49.53564 59.89771 37.38137 50.57705 62.11764 36.09968 39.53564 62.62482 35.80686 38.95 64.45591 34.74969 51.25046 62.81046 35.69969 38.15 64.45591 34.74969 35.04954 62.62482 35.80686 37.35 58.9539 37.92627 37.22295 60.03918 37.29969 38.15 58.82674 37.99969 38.15 60.62197 36.96321 51.00317 61.42482 36.49969 49.75 61.42482 36.49969 51.15 63.78919 35.13462 51.15 62.11764 36.09968 49.53564 64.43498 34.76177 51.24415 62.62482 35.80686 48.95 62.81046 35.69969 48.15 62.62482 35.80686 47.35 62.11764 36.09968 46.76436 61.42482 36.49969 39.75 61.42482 36.49969 46.55 60.732 36.89969 39.53564 59.89771 37.38137 35.72295 60.62197 36.96321 35.29683 61.42482 36.49969 36.55 61.42482 36.49969 35.15 62.11764 36.09968 36.76436 63.78919 35.13462 35.15 64.43498 34.76177 35.05584 59.32293 37.71321 49.91336 58.9539 37.92627 49.07705 60.03918 37.29969 48.15 58.82674 37.99969 48.15 60.22482 37.19251 47.35 60.732 36.89969 46.76436 60.22482 37.19251 38.95 67.51599 31.82825 53.40858 70.01599 36.15838 53.40858 64.54024 33.5463 51.52071 67.04024 37.87642 51.52071 71.19509 29.70412 32.30595 89.81463 18.95412 37.30595 77.6978 25.94978 41.34806 89.99181 18.85183 41.90302 89.38915 19.19978 41.34806 91.11492 18.2034 37.87577 88.63764 19.63366 41.15 87.88613 20.06755 41.34806 76.94629 26.38366 41.15 76.19478 26.81755 41.34806 69.93944 30.42907 32.15069 75.59212 27.16549 41.90302 87.28346 20.4155 41.90302 86.94901 20.60859 42.70495 77.6978 25.94978 44.95194 86.94901 20.60859 43.59504 76.94629 26.38366 45.15 71.19509 29.70412 53.99405 76.19478 26.81755 44.95194 93.83379 16.63366 43.15 90.32626 18.65874 43.59504 90.32626 18.65874 42.70495 78.30046 25.60183 44.39698 78.63491 25.40874 43.59504 78.63491 25.40874 42.70495 78.30046 25.60183 41.90302 75.25767 27.35859 43.59504 70.8987 29.87524 45.43386 75.25767 27.35859 42.70495 71.62705 29.45473 44.82283 68.68845 31.15133 53.95023 75.59212 27.16549 44.39698 93.64766 16.74112 44.74148 93.10263 17.0558 46.21895 89.99181 18.85183 44.39698 92.23773 17.55515 47.47656 89.38915 19.19978 44.95194 91.11492 18.2034 48.42422 88.63764 19.63366 45.15 89.81463 18.95412 48.99405 87.88613 20.06755 44.95194 87.28346 20.4155 44.39698 92.23773 17.55515 38.82344 93.10263 17.0558 40.08105 93.64766 16.74112 41.55852 69.56794 30.64355 40.70463 68.74549 31.11839 41.12746 64.54024 33.5463 34.77929 72.07719 29.19484 43.92254 72.17129 29.14051 42.88868 71.89309 29.30113 41.9 71.29068 29.64893 41.12746 63.9559 33.88366 35.04954 69.93944 30.42907 54.14931 70.46823 30.12377 40.70463 70.01809 30.38366 40.65 68.68845 31.15133 32.34976 67.51599 31.82825 32.89142 70.01809 30.38366 45.65 69.13748 30.89208 45.43386 68.14308 31.46619 41.9 67.86489 31.62681 42.88868 63.9559 33.88366 51.25046 67.95899 31.57248 43.92254 68.40913 31.31259 44.82283 92.82626 22.98886 43.59504 92.49181 23.18196 44.39698 95.60263 21.38592 46.21895 74.12705 33.78486 44.82283 73.3987 34.20537 45.43386 78.09212 31.49562 44.39698 90.38613 24.39767 44.95194 80.80046 29.93196 44.39698 91.13764 23.96379 45.15 91.88915 23.5299 44.95194 80.1978 30.27991 44.95194 79.44629 30.71379 45.15 78.69478 31.14767 44.95194 92.82626 22.98886 42.70495 95.60263 21.38592 40.08105 92.49181 23.18196 41.90302 94.73773 21.88528 38.82344 91.88915 23.5299 41.34806 93.61492 22.53353 37.87577 91.13764 23.96379 41.15 92.31463 23.28425 37.30595 90.38613 24.39767 41.34806 73.69509 34.03425 32.30595 89.78346 24.74562 41.90302 89.44901 24.93872 42.70495 96.14766 21.07125 44.74148 96.33379 20.96379 43.15 96.14766 21.07125 41.55852 89.78346 24.74562 44.39698 89.44901 24.93872 43.59504 80.1978 30.27991 41.34806 79.44629 30.71379 41.15 78.69478 31.14767 41.34806 80.80046 29.93196 41.90302 81.13491 29.73886 42.70495 81.13491 29.73886 43.59504 78.09212 31.49562 41.90302 72.43944 34.75919 32.15069 71.18845 35.48146 32.34976 71.63748 35.22221 45.43386 70.90913 35.64272 44.82283 67.58174 37.56379 45.4 70.45899 35.90261 43.92254 77.75767 31.68872 43.59504 74.67129 33.47063 42.88868 74.57719 33.52497 43.92254 72.51809 34.71379 40.65 72.96823 34.4539 40.70463 70.01599 36.15838 32.89142 70.36489 35.95694 42.88868 70.64308 35.79632 41.9 67.58174 37.56379 34.43575 71.24549 35.44852 41.12746 72.06794 34.97368 40.70463 77.75767 31.68872 42.70495 73.79068 33.97906 41.12746 74.39309 33.63125 41.9 72.51809 34.71379 45.65 73.69509 34.03425 53.99405 92.31463 23.28425 48.99405 93.61492 22.53353 48.42422 94.73773 21.88528 47.47656 64.62482 39.27097 37.35 64.81047 39.16379 38.15 62.22482 40.65661 37.35 60.9539 41.39037 37.22295 62.03918 40.76379 38.15 60.82674 41.46379 38.15 62.22482 40.65661 38.95 60.82674 41.46379 45.4 62.732 40.36379 39.53564 63.42482 39.96379 36.55 62.62197 40.42731 35.29683 62.732 40.36379 36.76436 61.89771 40.84547 35.72295 61.32293 41.17731 36.38664 64.62482 39.27097 38.95 64.11764 39.56379 39.53564 63.42482 39.96379 39.75 67.04024 37.87642 34.77929 66.43498 38.22587 35.05584 64.11764 39.56379 36.76436 65.78919 38.59872 35.15 63.42482 39.96379 35.15 64.81047 39.16379 48.15 64.62482 39.27097 48.95 62.03918 40.76379 48.15 60.9539 41.39037 49.07705 62.22482 40.65661 48.95 61.32293 41.17731 49.91336 62.732 40.36379 49.53564 62.22482 40.65661 47.35 60.82674 41.46379 48.15 61.89771 40.84547 50.57705 62.62197 40.42731 51.00317 63.42482 39.96379 49.75 63.42482 39.96379 51.15 64.11764 39.56379 49.53564 65.78919 38.59872 51.15 66.43498 38.22587 51.24415 64.62482 39.27097 47.35 71.18845 35.48146 53.95023 72.43944 34.75919 54.14931 62.732 40.36379 46.76436 63.42482 39.96379 46.55 64.11764 39.56379 46.76436</float_array>
          <technique_common>
            <accessor source="#tail_pipe_assem_-_tptp_bearing-4_cp-1_001-mesh-positions-array" count="217" stride="3">
              <param name="X" type="float"/>
              <param name="Y" type="float"/>
              <param name="Z" type="float"/>
            </accessor>
          </technique_common>
        </source>
        <source id="tail_pipe_assem_-_tptp_bearing-4_cp-1_001-mesh-normals">
          <float_array id="tail_pipe_assem_-_tptp_bearing-4_cp-1_001-mesh-normals-array" count="1287">-0.499997 -0.8660272 0 -0.4999973 -0.866027 -3.24912e-6 -0.4999991 -0.866026 1.8075e-6 -0.4999853 -0.866034 -2.20335e-6 -0.500002 -0.8660243 0 -0.5000007 -0.866025 4.36541e-6 -0.5000048 -0.8660227 5.95375e-6 -0.4999937 -0.8660292 -3.96946e-6 -0.5000027 -0.8660238 5.87844e-6 -0.5000018 -0.8660243 -1.48844e-6 -0.5000012 -0.8660247 -3.17558e-6 -0.4999954 -0.8660282 0 -0.5000008 -0.866025 0 -0.5000007 -0.866025 1.56594e-5 -0.499999 -0.866026 0 -0.4999983 -0.8660265 -2.97134e-6 -0.5000038 -0.8660232 0 -0.4999966 -0.8660274 -3.49233e-6 -0.5000079 -0.8660209 1.11491e-5 -0.5000012 -0.8660247 -1.07169e-6 -0.5000025 -0.866024 0 -0.5000033 -0.8660236 0 -0.5000002 -0.8660253 0 -0.500001 -0.8660249 0 -0.5000002 -0.8660253 0 -0.5000025 -0.8660241 2.97689e-6 -0.5000016 -0.8660246 0 -0.5000001 -0.8660254 0 -0.500002 -0.8660242 0 -0.5000002 -0.8660254 -6.92413e-6 -0.5000081 -0.8660209 3.67544e-6 -0.49999 -0.8660313 -2.51968e-6 -0.5000475 -0.865998 -1.69293e-4 -0.4999957 -0.866028 0 -0.4999991 -0.8660261 -7.44223e-6 -0.4999985 -0.8660264 6.35112e-6 -0.4999989 -0.8660261 -5.14358e-6 -0.4999986 -0.8660262 -6.81197e-6 -0.5000008 -0.866025 0 -0.4999982 -0.8660265 0 -0.500001 -0.8660249 0 -0.5000017 -0.8660244 -1.0802e-6 -0.4999163 -0.8660737 -5.49483e-6 -0.5000082 -0.8660207 1.04819e-6 -0.4170169 0.2407644 0.87643 -0.4170168 0.2407652 0.8764299 -0.5000001 -0.8660255 7.78203e-7 -0.5000002 -0.8660253 -2.16606e-6 -0.4999951 -0.8660283 1.50209e-6 -0.5000086 -0.8660205 5.29104e-7 -0.4999921 -0.86603 1.24393e-6 -0.4999984 -0.8660264 -4.79889e-6 -0.5000038 -0.8660233 1.273e-6 -0.4999983 -0.8660264 -2.4986e-6 -0.5000012 -0.8660249 3.66485e-7 -0.4999995 -0.8660258 -3.96394e-6 -0.5000008 -0.866025 0 -0.500036 -0.8660048 -3.25248e-5 -0.5000004 -0.8660253 6.647e-7 -0.5000026 -0.8660239 0 -0.5000063 -0.8660218 0 -0.5000002 -0.8660254 0 -0.4999983 -0.8660265 1.81526e-6 -0.4999999 -0.8660256 0 -0.5000015 -0.8660246 0 -0.499999 -0.866026 0 -0.4999985 -0.8660264 -1.07348e-6 -0.5000017 -0.8660244 -2.5245e-6 -0.4999743 -0.8660402 -2.93252e-5 -0.4999988 -0.8660262 0 -0.4999973 -0.8660269 0 -0.5000018 -0.8660244 -1.19435e-6 -0.4999994 -0.8660259 -4.25716e-6 -0.5000003 -0.8660253 2.70886e-6 -0.4999988 -0.8660262 2.12978e-6 -0.5000032 -0.8660236 -5.96955e-7 -0.499994 -0.8660289 -2.23877e-6 -0.5000022 -0.8660243 -1.1655e-6 -0.4999871 -0.8660329 0 -0.5000001 -0.8660254 -6.22557e-7 -0.5000036 -0.8660234 3.59283e-6 -0.4999936 -0.8660292 -3.28071e-6 -0.5000062 -0.8660219 0 -0.5000012 -0.8660249 -2.70886e-6 -0.4999962 -0.8660277 4.25717e-6 -0.4999989 -0.8660261 1.19435e-6 -0.5 -0.8660255 -2.25275e-7 -0.5000011 -0.8660248 0 -0.5000021 -0.8660242 5.70759e-6 -0.5000006 -0.8660251 -3.90362e-7 -0.4999966 -0.8660274 5.47491e-6 -0.5000038 -0.8660233 -3.61415e-6 -0.4999995 -0.8660257 7.32976e-7 -0.499998 -0.8660266 -7.57056e-7 -0.4999955 -0.866028 0 -0.4999973 -0.8660271 1.60682e-6 -0.5000001 -0.8660253 1.16245e-6 -0.5000025 -0.866024 -2.97503e-6 -0.4999982 -0.8660265 0 -0.4999998 -0.8660256 0 -0.5000066 -0.8660218 6.20509e-7 -0.4999798 -0.8660372 -4.3365e-7 -0.5000028 -0.8660238 -1.28644e-6 -0.4999999 -0.8660255 -9.7438e-7 -0.4999994 -0.8660258 0 -0.5000006 -0.8660251 0 -0.4999983 -0.8660265 -2.10037e-6 -0.4999963 -0.8660276 0 -0.4999963 -0.8660277 -3.59011e-6 -0.5000002 -0.8660254 3.82518e-6 -0.5000005 -0.8660252 0 -0.5000033 -0.8660235 -1.71059e-7 -0.4999969 -0.8660272 1.43583e-6 -0.4999972 -0.8660271 9.71771e-7 -0.5000008 -0.8660249 0 -0.4999995 -0.8660258 -1.33228e-6 0.4999994 0.8660259 0 0.5000026 0.866024 0 0.5000072 0.8660214 3.56791e-5 0.4999977 0.8660268 6.87566e-6 0.5000028 0.8660237 0 0.4999982 0.8660265 4.67869e-6 0.499996 0.8660278 -5.67597e-6 0.5000008 0.8660249 1.65048e-6 0.5000047 0.8660227 -2.39158e-6 0.5000082 0.8660208 7.02344e-6 0.500001 0.8660249 -2.04587e-6 0.5000001 0.8660253 1.8059e-6 0.500002 0.8660244 0 0.5000007 0.866025 5.96952e-7 0.4999957 0.8660279 2.23877e-6 0.5000049 0.8660226 -5.82756e-7 0.4999871 0.8660329 0 0.4999996 0.8660256 0 0.5000032 0.8660237 3.5928e-6 0.5000017 0.8660245 0 0.5000027 0.8660238 0 0.4999969 0.8660273 1.57692e-6 0.5000045 0.8660229 0 0.4999992 0.866026 -1.57692e-6 0.4999986 0.8660262 -2.98587e-7 0.5000008 0.866025 -3.96392e-6 0.5000022 0.8660242 0 0.4999974 0.8660269 0 0.4999993 0.8660258 -6.64699e-7 0.499998 0.8660266 3.39464e-6 0.5000059 0.8660221 7.58976e-6 0.4999941 0.8660289 2.33391e-6 0.4999999 0.8660256 -6.99203e-6 0.5000015 0.8660246 0 0.5000011 0.8660247 -1.88833e-6 0.5000064 0.8660218 -3.21368e-6 0.5000027 0.866024 2.90614e-6 0.4999982 0.8660265 -4.46255e-6 0.4999999 0.8660256 1.07718e-5 0.5000012 0.8660249 0 0.4999987 0.8660262 0 0.500001 0.8660249 -3.36775e-7 0.4999982 0.8660265 -1.46697e-6 0.5000019 0.8660244 0 0.4999988 0.8660262 0 0.5000021 0.8660243 2.40735e-6 0.4999999 0.8660255 -3.01051e-7 0.4999982 0.8660265 4.52947e-7 0.5000002 0.8660253 -3.64117e-6 0.5000015 0.8660247 0 0.4999997 0.8660256 0 0.5000011 0.8660249 5.86027e-6 0.4999839 0.8660348 -1.73917e-5 0.4999996 0.8660258 0 0.5000131 0.8660179 -1.04668e-5 0.4999935 0.8660293 1.0993e-5 0.4999959 0.8660277 4.34557e-7 0.5000004 0.8660252 -6.57157e-7 0.4999962 0.8660276 6.86111e-6 0.4999986 0.8660263 1.46725e-7 0.5000008 0.866025 -1.03949e-6 0.4999944 0.8660287 4.54642e-6 0.5000006 0.8660251 0 0.500001 0.8660248 0 0.4999997 0.8660256 0 0.4999964 0.8660275 0 0.4999971 0.8660272 -4.40882e-6 0.4999957 0.866028 6.81193e-6 0.5000019 0.8660244 0 0.4999986 0.8660263 0 0.4999997 0.8660257 -2.38167e-6 0.4999976 0.8660268 -2.97688e-6 0.5000044 0.8660229 3.24913e-6 0.4999967 0.8660274 0 0.5000063 0.8660218 2.97688e-6 0.4999864 0.8660333 -3.70879e-6 0.5000012 0.8660249 3.30165e-6 0.5 0.8660254 -6.67168e-7 0.5000019 0.8660244 2.95188e-6 0.500001 0.8660249 1.47768e-6 0.4999761 0.8660392 -2.35017e-5 0.5000081 0.8660207 1.11616e-5 0.4999944 0.8660287 -5.94269e-6 0.5000211 0.8660133 0 0.4999959 0.8660278 0 0.4999993 0.8660259 0 0.5000001 0.8660254 0 0.500002 0.8660243 -5.1412e-6 0.4999938 0.8660292 8.55363e-6 0.4999991 0.8660261 -2.97689e-6 0.4999984 0.8660264 0 0.4999978 0.8660267 -4.46295e-6 0.4999991 0.866026 0 0.4999967 0.8660273 4.40879e-6 0.5000028 0.8660238 -5.73404e-6 0.4999987 0.8660262 2.97687e-6 0.4999985 0.8660264 0 0.4999979 0.8660267 0 0.4999932 0.8660295 0 0.5000039 0.8660233 3.67545e-6 0.4999994 0.8660259 5.03933e-6 0.499997 0.8660272 -1.11617e-5 0.4999976 0.8660268 4.8448e-6 0.5000005 0.8660251 -9.14874e-7 0.4999991 0.866026 -4.07876e-7 0.4999997 0.8660256 0 0.500001 0.866025 0 0.5000054 0.8660222 6.20507e-7 0.5000016 0.8660245 0 0.5000028 0.8660238 0 0.4999994 0.8660258 -4.88097e-6 0.4999987 0.8660262 3.40218e-6 0.500002 0.8660243 1.95735e-6 0.5000005 0.8660252 -6.07127e-6 1.39725e-6 0 -1 -1.39726e-6 0 -1 -0.4170159 0.2407647 -0.8764304 -0.4170188 0.2407646 -0.8764291 -0.4170135 0.2407673 -0.8764308 -0.3216979 0.1857311 -0.9284473 -0.3216977 0.1857329 -0.9284471 -0.1182308 0.0682612 -0.9906371 -0.1182343 0.06826138 -0.9906368 0.09221035 -0.05323809 -0.9943153 0.09221076 -0.05323803 -0.9943153 0.1961663 -0.1132568 -0.9740082 0.1961665 -0.1132566 -0.9740081 0.3072865 -0.1774125 -0.9349331 0.3072896 -0.1774117 -0.9349322 0.5110448 -0.2950515 -0.8073277 0.5110429 -0.2950517 -0.8073288 0.6781919 -0.3915533 -0.6218857 0.6781929 -0.3915544 -0.6218839 0.7967526 -0.4600051 -0.3918938 0.7967523 -0.4600052 -0.3918942 0.8582341 -0.4955035 -0.1338304 0.8582355 -0.4955012 -0.13383 0.8582352 -0.4955018 0.1338299 0.8582365 -0.4954996 0.1338296 0.7967531 -0.4600045 0.3918933 0.7967523 -0.4600052 0.3918942 0.6781911 -0.3915539 0.6218863 0.6781908 -0.3915554 0.6218855 0.5110445 -0.2950515 0.8073279 0.5110457 -0.2950511 0.8073272 0.3072875 -0.1774122 0.9349328 0.3072864 -0.1774122 0.9349332 0.1961664 -0.1132567 0.9740081 0.1961664 -0.1132567 0.9740082 0.09220868 -0.05323809 0.9943155 0.09221094 -0.05323815 0.9943153 -0.118228 0.06826269 0.9906374 -0.1182382 0.06826251 0.9906362 -0.3216975 0.1857307 0.9284476 -0.3216928 0.1857304 0.9284492 0 0 1 -0.8660255 0.4999999 0 -0.8660253 0.5000002 0 -0.8660253 0.5000001 0 -0.1927021 0.1112586 -0.9749295 -0.1927067 0.1112583 -0.9749286 -0.5399549 0.3117467 -0.7818329 -0.5399586 0.3117462 -0.7818307 -0.7802631 0.4504854 -0.4338806 -0.7802646 0.4504843 -0.4338791 -0.8660249 0.5000011 0 -0.8660265 0.4999981 0 -0.7802638 0.4504841 0.433881 -0.7802628 0.4504842 0.4338824 -0.5399541 0.3117463 0.7818336 -0.539963 0.3117457 0.7818278 -0.1927083 0.1112604 0.9749281 -0.1927169 0.1112604 0.9749264 0.1927156 -0.1112607 0.9749267 0.1927002 -0.1112607 0.9749296 0.5399653 -0.3117449 0.7818266 0.5399516 -0.3117449 0.781836 0.7802611 -0.4504865 0.4338833 0.7802635 -0.4504837 0.4338818 0.8660265 -0.4999981 0 0.7802631 -0.4504854 -0.4338806 0.7802646 -0.4504843 -0.4338791 0.5399597 -0.3117456 -0.78183 0.5399559 -0.3117444 -0.7818331 0.1927024 -0.1112588 -0.9749294 0.1927036 -0.1112585 -0.9749292 -0.1800546 0.1039547 -0.9781482 -0.1800565 0.103955 -0.9781478 -0.5090354 0.2938916 -0.8090184 -0.5090388 0.2938919 -0.8090162 -0.750001 0.4330115 -0.4999997 -0.7499988 0.4330153 -0.4999996 -0.8612825 0.4972589 -0.104528 -0.8612806 0.4972633 -0.1045234 -0.8236387 0.4755313 0.3090135 -0.8236421 0.4755269 0.3090114 -0.6435823 0.371572 0.669131 -0.6435806 0.3715724 0.6691323 -0.3522393 0.2033674 0.9135477 -0.352243 0.2033666 0.9135463 -0.09052991 0.05226749 0.9945212 -0.09053057 0.0522679 0.9945212 0.0905283 -0.05226659 0.9945214 0.09052509 -0.052266 0.9945218 0.3522473 -0.2033678 0.9135444 0.3522447 -0.2033692 0.9135451 0.6435763 -0.3715718 0.6691367 0.6435837 -0.3715717 0.6691296 0.8236407 -0.4755291 0.309012 0.8236413 -0.475528 0.3090118 0.861281 -0.4972619 -0.1045263 0.8612826 -0.4972605 -0.1045197 0.7499994 -0.4330121 -0.5000016 0.7499995 -0.4330134 -0.5000001 0.509041 -0.2938914 -0.809015 0.5090335 -0.2938922 -0.8090193 0.1800535 -0.1039541 -0.9781484 0.1800482 -0.103954 -0.9781495 -0.1927024 0.1112588 -0.9749294 -0.1927027 0.1112586 -0.9749294 -0.5399544 0.3117448 -0.781834 -0.5399615 0.3117457 -0.7818288 -0.7802638 0.4504858 -0.4338793 -0.7802656 0.4504848 -0.4338769 -0.7802656 0.4504834 0.4338786 -0.7802632 0.4504845 0.4338815 -0.5399544 0.3117448 0.781834 -0.5399671 0.3117449 0.7818253 -0.1927017 0.111261 0.9749293 -0.1927182 0.1112603 0.9749261 0.1927149 -0.1112607 0.9749267 0.1927006 -0.1112605 0.9749296 0.5399547 -0.3117427 0.7818348 0.5399546 -0.3117443 0.7818341 0.7802616 -0.4504885 0.4338802 0.7802651 -0.4504834 0.433879 0.8660249 -0.5000011 0 0.7802643 -0.4504861 -0.4338779 0.7802642 -0.450486 -0.4338783 0.539961 -0.3117424 -0.7818306 0.5399526 -0.3117442 -0.7818356 0.1927021 -0.1112586 -0.9749295 -0.8660283 0.4999951 0 -0.8660219 0.5000062 0 -0.3219969 0.1859123 -0.9283074 -0.1084793 0.06263417 -0.9921236 -0.1084881 0.06263411 -0.9921227 -0.2187191 0.126237 -0.9675878 -0.3190273 0.1833164 -0.9298477 -0.3220059 0.1859075 -0.9283053 -0.1084893 0.06263411 0.9921225 -0.1084832 0.06263422 0.9921233 -0.3186469 0.1839716 0.9298488 -0.2300184 0.1064769 0.9673439 -0.3220057 0.1859073 0.9283054 -0.3219969 0.1859123 0.9283074 -0.2241513 0.12941 0.9659241 -0.2241401 0.1294099 0.9659267 -0.6123706 0.3535522 0.707109 -0.6123718 0.3535555 0.7071064 -0.8365194 0.4829584 0.258818 -0.836513 0.4829673 0.258822 -0.8365175 0.4829619 -0.2588174 -0.8365148 0.4829648 -0.2588207 -0.6123736 0.353554 -0.7071056 -0.6123749 0.3535516 -0.7071056 -0.2241415 0.1294097 -0.9659264 -0.2241405 0.1294105 -0.9659265 0.22414 -0.1294088 -0.9659268 0.2241439 -0.1294097 -0.9659258 0.6123774 -0.3535508 -0.7071039 0.6123684 -0.3535539 -0.7071101 0.8365175 -0.4829619 -0.2588174 0.8365166 -0.4829624 -0.2588192 0.836517 -0.482962 0.2588187 0.8365166 -0.4829618 0.2588201 0.6123726 -0.3535534 0.7071067 0.6123716 -0.3535528 0.7071079 0.2241415 -0.1294097 0.9659264 0.2241458 -0.1294084 0.9659255 -0.2241363 0.12941 0.9659276 -0.6123746 0.3535545 0.7071045 -0.8365142 0.4829654 0.258821 -0.6123793 0.3535519 -0.7071015 -0.6123719 0.3535526 -0.7071076 -0.2241503 0.1294094 -0.9659245 0.2241527 -0.1294094 -0.9659238 0.6123716 -0.3535528 -0.7071079 0.6123712 -0.3535529 -0.7071081 0.8365147 -0.4829657 -0.2588194 0.8365157 -0.4829639 0.2588198 0.8365153 -0.4829637 0.258821 0.2241452 -0.1294085 0.9659257 -0.1354818 0.07821732 0.9876877 -0.1354764 0.07821774 0.9876884 -0.393173 0.2269965 0.8910037 -0.3931632 0.2269961 0.8910081 -0.6123742 0.3535507 0.7071066 -0.6123664 0.3535539 0.7071118 -0.7716393 0.4455023 0.4539832 -0.7716304 0.4455041 0.4539963 -0.8553619 0.4938471 0.1564322 -0.8553637 0.4938454 0.1564277 -0.8553628 0.4938454 -0.1564329 -0.8553646 0.4938438 -0.1564279 -0.7716381 0.4455032 -0.4539842 -0.7716304 0.4455041 -0.4539963 -0.6123718 0.3535508 -0.7071087 -0.6123707 0.353554 -0.707108 -0.3931726 0.2269965 -0.8910039 -0.3931666 0.2269957 -0.8910067 -0.1354804 0.07821768 -0.9876878 -0.1354718 0.07821744 -0.987689</float_array>
          <technique_common>
            <accessor source="#tail_pipe_assem_-_tptp_bearing-4_cp-1_001-mesh-normals-array" count="429" stride="3">
              <param name="X" type="float"/>
              <param name="Y" type="float"/>
              <param name="Z" type="float"/>
            </accessor>
          </technique_common>
        </source>
        <vertices id="tail_pipe_assem_-_tptp_bearing-4_cp-1_001-mesh-vertices">
          <input semantic="POSITION" source="#tail_pipe_assem_-_tptp_bearing-4_cp-1_001-mesh-positions"/>
        </vertices>
        <triangles material="Material_001-material" count="450">
          <input semantic="VERTEX" source="#tail_pipe_assem_-_tptp_bearing-4_cp-1_001-mesh-vertices" offset="0"/>
          <input semantic="NORMAL" source="#tail_pipe_assem_-_tptp_bearing-4_cp-1_001-mesh-normals" offset="1"/>
          <p>0 0 1 0 2 0 3 1 4 1 5 1 6 2 7 2 8 2 8 3 7 3 9 3 8 4 9 4 10 4 10 5 9 5 11 5 2 6 1 6 12 6 12 7 1 7 13 7 12 8 13 8 14 8 5 9 4 9 15 9 15 10 4 10 16 10 15 11 16 11 17 11 17 12 16 12 18 12 18 13 16 13 19 13 18 14 19 14 20 14 20 15 19 15 21 15 20 16 21 16 8 16 21 17 22 17 8 17 8 18 22 18 23 18 8 19 23 19 6 19 6 20 23 20 24 20 6 21 24 21 25 21 25 22 24 22 26 22 25 23 26 23 27 23 2 24 28 24 0 24 0 25 28 25 29 25 0 26 29 26 30 26 30 27 29 27 31 27 30 28 31 28 32 28 32 29 31 29 33 29 32 30 33 30 11 30 11 31 33 31 34 31 11 32 34 32 10 32 5 33 35 33 3 33 3 34 35 34 36 34 3 35 36 35 37 35 37 36 36 36 38 36 37 37 38 37 39 37 39 38 38 38 14 38 39 39 14 39 40 39 40 40 14 40 13 40 40 41 13 41 26 41 26 42 13 42 41 42 26 43 41 43 27 43 42 44 43 44 44 44 44 45 43 45 45 45 46 46 47 46 48 46 49 47 50 47 51 47 51 48 50 48 47 48 47 49 50 49 52 49 47 50 52 50 53 50 48 51 54 51 46 51 46 52 54 52 55 52 46 53 55 53 56 53 56 54 55 54 57 54 58 55 59 55 60 55 60 56 59 56 61 56 60 57 61 57 62 57 62 58 61 58 63 58 62 59 63 59 64 59 65 60 66 60 67 60 60 61 68 61 58 61 58 62 68 62 69 62 58 63 69 63 53 63 53 64 69 64 70 64 53 65 70 65 47 65 47 66 70 66 71 66 47 67 71 67 48 67 72 56 73 56 74 56 74 68 73 68 75 68 76 69 42 69 77 69 65 70 78 70 66 70 66 71 78 71 79 71 66 72 79 72 80 72 80 73 79 73 81 73 80 74 81 74 82 74 82 75 81 75 83 75 82 76 83 76 84 76 84 77 83 77 85 77 84 78 85 78 86 78 86 79 85 79 63 79 86 80 63 80 87 80 87 81 63 81 61 81 51 82 88 82 49 82 49 83 88 83 89 83 49 84 89 84 67 84 67 85 89 85 90 85 67 86 90 86 65 86 91 87 92 87 93 87 75 88 94 88 74 88 74 89 94 89 95 89 74 90 95 90 57 90 57 91 95 91 96 91 57 92 96 92 56 92 56 93 96 93 97 93 93 94 92 94 98 94 64 95 63 95 77 95 77 96 63 96 99 96 77 97 99 97 76 97 97 98 100 98 56 98 56 99 100 99 101 99 56 100 101 100 102 100 102 101 101 101 91 101 102 102 91 102 103 102 103 103 91 103 93 103 72 104 77 104 73 104 73 105 77 105 42 105 73 106 42 106 104 106 104 107 42 107 105 107 92 108 106 108 98 108 98 109 106 109 107 109 98 110 107 110 108 110 108 111 107 111 109 111 108 112 109 112 110 112 105 113 42 113 110 113 110 114 42 114 44 114 110 115 44 115 108 115 111 116 112 116 113 116 114 117 115 117 116 117 117 118 118 118 119 118 119 119 118 119 113 119 119 120 113 120 120 120 120 121 113 121 112 121 118 122 121 122 113 122 113 123 121 123 122 123 113 124 122 124 115 124 115 125 122 125 123 125 115 126 123 126 116 126 124 116 125 116 126 116 126 127 125 127 127 127 126 128 127 128 128 128 128 129 127 129 129 129 128 130 129 130 130 130 130 131 129 131 131 131 130 132 131 132 132 132 132 133 131 133 133 133 132 134 133 134 134 134 134 135 133 135 135 135 113 136 136 136 111 136 111 137 136 137 137 137 111 138 137 138 124 138 124 139 137 139 138 139 124 140 138 140 125 140 139 141 140 141 141 141 141 142 140 142 135 142 141 143 135 143 142 143 142 144 135 144 133 144 142 145 133 145 143 145 141 146 144 146 139 146 139 147 144 147 145 147 139 148 145 148 117 148 117 149 145 149 146 149 117 150 146 150 118 150 143 151 133 151 147 151 147 152 133 152 148 152 147 153 148 153 149 153 150 154 151 154 152 154 152 155 151 155 153 155 154 156 155 156 116 156 116 157 155 157 156 157 116 158 156 158 114 158 157 159 158 159 159 159 160 160 161 160 162 160 162 161 161 161 163 161 162 162 163 162 159 162 159 163 163 163 164 163 159 164 164 164 157 164 149 165 159 165 147 165 147 166 159 166 158 166 147 167 158 167 165 167 165 168 158 168 166 168 165 169 166 169 154 169 154 170 166 170 167 170 154 171 167 171 155 171 168 172 169 172 115 172 115 173 169 173 170 173 170 174 171 174 115 174 115 175 171 175 172 175 115 176 172 176 113 176 173 177 174 177 162 177 162 178 174 178 152 178 162 179 152 179 160 179 160 180 152 180 153 180 175 181 176 181 177 181 177 182 176 182 178 182 177 183 178 183 179 183 179 184 178 184 180 184 179 185 180 185 181 185 182 186 183 186 184 186 184 187 183 187 185 187 184 188 185 188 175 188 175 189 185 189 186 189 175 190 186 190 176 190 174 191 187 191 152 191 152 192 187 192 188 192 152 193 188 193 180 193 180 194 188 194 189 194 180 195 189 195 181 195 162 196 190 196 173 196 173 197 190 197 191 197 173 198 191 198 192 198 192 199 191 199 193 199 192 200 193 200 182 200 182 201 193 201 194 201 182 202 194 202 183 202 195 203 196 203 43 203 43 204 196 204 45 204 197 159 198 159 199 159 199 205 198 205 200 205 199 206 200 206 201 206 202 207 180 207 197 207 197 208 180 208 203 208 197 209 203 209 198 209 200 210 204 210 201 210 201 211 204 211 205 211 201 212 205 212 206 212 206 213 205 213 207 213 206 214 207 214 208 214 208 165 207 165 209 165 208 215 209 215 196 215 196 216 209 216 210 216 196 217 210 217 45 217 211 218 195 218 152 218 152 219 195 219 43 219 152 220 43 220 150 220 150 221 43 221 212 221 150 222 212 222 168 222 168 223 212 223 213 223 168 224 213 224 169 224 202 225 214 225 180 225 180 226 214 226 215 226 180 227 215 227 152 227 152 228 215 228 216 228 152 229 216 229 211 229 194 230 193 230 31 230 31 231 193 231 33 231 159 232 103 232 162 232 162 233 103 233 93 233 162 234 93 234 190 234 103 235 159 235 149 235 103 236 149 236 102 236 102 237 149 237 148 237 102 238 148 238 56 238 56 239 148 239 133 239 56 240 133 240 46 240 47 241 46 241 131 241 131 242 46 242 133 242 47 243 131 243 129 243 47 244 129 244 51 244 51 245 129 245 127 245 51 246 127 246 88 246 88 247 127 247 125 247 88 248 125 248 89 248 89 249 125 249 138 249 89 250 138 250 90 250 90 251 138 251 137 251 90 252 137 252 65 252 65 253 137 253 136 253 65 254 136 254 78 254 78 255 136 255 113 255 78 256 113 256 79 256 79 257 113 257 172 257 79 258 172 258 81 258 81 259 172 259 171 259 81 260 171 260 83 260 83 261 171 261 170 261 83 262 170 262 85 262 63 263 85 263 169 263 169 264 85 264 170 264 63 265 169 265 213 265 63 266 213 266 99 266 99 267 213 267 212 267 99 268 212 268 76 268 76 269 212 269 43 269 76 270 43 270 42 270 17 271 18 271 207 271 207 271 18 271 209 271 178 272 14 272 180 272 180 273 14 273 38 273 180 274 38 274 203 274 62 275 122 275 60 275 60 276 122 276 121 276 60 277 121 277 68 277 68 278 121 278 118 278 68 279 118 279 69 279 69 280 118 280 146 280 69 281 146 281 70 281 70 282 146 282 145 282 70 283 145 283 71 283 71 284 145 284 144 284 71 285 144 285 48 285 48 286 144 286 141 286 48 287 141 287 54 287 54 288 141 288 142 288 54 289 142 289 55 289 55 290 142 290 143 290 55 291 143 291 57 291 57 292 143 292 147 292 57 293 147 293 74 293 74 294 147 294 165 294 74 295 165 295 72 295 72 295 165 295 154 295 72 296 154 296 77 296 77 297 154 297 116 297 77 298 116 298 64 298 64 299 116 299 123 299 64 300 123 300 62 300 62 301 123 301 122 301 104 302 168 302 73 302 73 303 168 303 115 303 73 304 115 304 75 304 75 305 115 305 114 305 75 306 114 306 94 306 94 307 114 307 156 307 94 308 156 308 95 308 95 309 156 309 155 309 95 310 155 310 96 310 96 311 155 311 167 311 96 312 167 312 97 312 97 313 167 313 166 313 97 314 166 314 100 314 100 315 166 315 158 315 100 316 158 316 101 316 101 317 158 317 157 317 101 318 157 318 91 318 91 319 157 319 164 319 91 320 164 320 92 320 92 321 164 321 163 321 92 322 163 322 106 322 106 323 163 323 161 323 106 324 161 324 107 324 107 325 161 325 160 325 107 326 160 326 109 326 109 327 160 327 153 327 109 328 153 328 110 328 110 329 153 329 151 329 110 330 151 330 105 330 105 331 151 331 150 331 105 332 150 332 104 332 104 333 150 333 168 333 84 334 119 334 82 334 82 335 119 335 120 335 82 336 120 336 80 336 80 337 120 337 112 337 80 338 112 338 66 338 66 339 112 339 111 339 66 281 111 281 67 281 67 282 111 282 124 282 67 340 124 340 49 340 49 341 124 341 126 341 49 342 126 342 50 342 50 343 126 343 128 343 50 344 128 344 52 344 52 345 128 345 130 345 52 346 130 346 53 346 53 347 130 347 132 347 53 348 132 348 58 348 58 349 132 349 134 349 58 350 134 350 59 350 59 351 134 351 135 351 59 295 135 295 61 295 61 352 135 352 140 352 61 353 140 353 87 353 87 354 140 354 139 354 87 355 139 355 86 355 86 356 139 356 117 356 86 357 117 357 84 357 84 301 117 301 119 301 8 358 10 358 108 358 108 359 10 359 98 359 93 360 98 360 10 360 33 361 193 361 34 361 34 362 193 362 191 362 34 363 191 363 10 363 10 364 191 364 190 364 10 365 190 365 93 365 209 366 18 366 210 366 210 367 18 367 20 367 210 368 20 368 45 368 45 369 20 369 8 369 45 370 8 370 44 370 44 371 8 371 108 371 182 372 30 372 192 372 192 373 30 373 32 373 192 374 32 374 173 374 173 375 32 375 11 375 173 376 11 376 174 376 174 377 11 377 9 377 174 378 9 378 187 378 187 379 9 379 7 379 187 380 7 380 188 380 188 381 7 381 6 381 188 382 6 382 189 382 189 383 6 383 25 383 189 384 25 384 181 384 181 385 25 385 27 385 181 386 27 386 179 386 179 387 27 387 41 387 179 388 41 388 177 388 177 389 41 389 13 389 177 390 13 390 175 390 175 391 13 391 1 391 175 392 1 392 184 392 184 393 1 393 0 393 184 394 0 394 182 394 182 395 0 395 30 395 215 372 26 372 216 372 216 396 26 396 24 396 216 374 24 374 211 374 211 397 24 397 23 397 211 376 23 376 195 376 195 398 23 398 22 398 195 378 22 378 196 378 196 379 22 379 21 379 196 399 21 399 208 399 208 400 21 400 19 400 208 401 19 401 206 401 206 383 19 383 16 383 206 384 16 384 201 384 201 402 16 402 4 402 201 403 4 403 199 403 199 404 4 404 3 404 199 405 3 405 197 405 197 389 3 389 37 389 197 406 37 406 202 406 202 407 37 407 39 407 202 392 39 392 214 392 214 393 39 393 40 393 214 394 40 394 215 394 215 408 40 408 26 408 17 409 207 409 205 409 17 410 205 410 15 410 15 411 205 411 204 411 15 412 204 412 5 412 5 413 204 413 200 413 5 414 200 414 35 414 35 415 200 415 198 415 35 416 198 416 36 416 36 417 198 417 203 417 36 418 203 418 38 418 14 419 178 419 176 419 14 420 176 420 12 420 12 421 176 421 186 421 12 422 186 422 2 422 2 423 186 423 185 423 2 424 185 424 28 424 28 425 185 425 183 425 28 426 183 426 29 426 29 427 183 427 194 427 29 428 194 428 31 428</p>
        </triangles>
      </mesh>
    </geometry>
    <geometry id="tail_pipe_assem_-_tptp_bearing-3_via_unit_needle_pulley-2_001-mesh" name="tail_pipe_assem - tptp_bearing-3 via_unit_needle_pulley-2.001">
      <mesh>
        <source id="tail_pipe_assem_-_tptp_bearing-3_via_unit_needle_pulley-2_001-mesh-positions">
          <float_array id="tail_pipe_assem_-_tptp_bearing-3_via_unit_needle_pulley-2_001-mesh-positions-array" count="1260">17.88202 21.93447 42.96535 18.74908 22.43506 43.34181 18.79426 22.46115 42.47843 22.18774 24.42037 47.14992 22.60021 24.65851 48.12957 22.9329 24.85059 47.06173 23.32339 25.07604 47.98164 23.64423 25.26128 46.79063 24.01452 25.47507 47.69471 24.28846 25.63322 46.34931 19.84256 23.06638 40.22903 18.94296 22.547 39.86738 19.35409 22.78437 40.88478 18.5095 22.29674 40.55199 18.99913 22.57943 41.64646 18.18247 22.10793 41.31134 17.97129 21.986 42.12358 22.60506 24.66131 39.1762 22.18531 24.41897 38.15007 21.856 24.22884 39.17084 21.45387 23.99667 38.22666 21.12346 23.80591 39.35155 20.74416 23.58692 38.44487 20.44169 23.41229 39.70986 20.07659 23.2015 38.79845 19.47038 22.8515 39.27721 19.55515 22.90044 45.72061 19.2303 22.7129 46.77881 20.09577 23.21257 46.31931 19.80426 23.04427 47.30793 20.73521 23.58176 46.76983 20.4474 23.41559 47.71743 21.44357 23.99073 47.05108 21.14123 23.81617 47.99554 21.86578 24.23449 48.13425 24.60699 25.81713 40.26311 24.91084 25.99256 39.24255 24.01348 25.47447 39.73541 24.30009 25.63994 38.77154 23.3356 25.08309 39.36737 23.62919 25.25259 38.42649 22.91744 24.84166 38.21733 25.66699 26.42912 43.39129 26.53434 26.92988 42.91024 25.63107 26.40838 42.52733 26.43704 26.87371 42.06966 25.43515 26.29526 41.69249 26.2181 26.74731 41.26015 25.08838 26.09506 40.9258 25.88384 26.55432 40.50502 25.44387 26.3003 39.82597 17.88405 21.93564 43.38976 17.91724 21.9548 43.81244 18.86568 22.50238 44.19622 18.07593 22.04642 44.64046 19.13863 22.65997 45.0017 18.35353 22.20669 45.42561 18.74204 22.431 46.1453 24.65371 25.8441 47.27704 25.22258 26.17254 46.74064 24.83546 25.94903 45.75838 25.70476 26.45092 46.10094 25.25966 26.19395 45.04549 26.08637 26.67125 45.37635 25.54122 26.35651 44.24397 26.35645 26.82718 44.58771 26.50722 26.91423 43.75772 19.48135 19.39374 44.23034 20.48135 17.66169 44.23034 19.50151 19.40538 44.3306 20.50151 17.67332 44.3306 19.70029 19.52014 45.03985 20.70029 17.78809 45.03985 19.77104 19.56099 45.22876 20.77104 17.82894 45.22876 20.03455 19.71313 45.79498 21.03455 17.98107 45.79498 20.18291 19.79878 46.05179 21.18291 18.06673 46.05179 20.47452 19.96714 46.47403 21.47452 18.23509 46.47403 20.72223 20.11016 46.76995 21.72223 18.37811 46.76995 21.00755 20.27489 47.05744 22.00755 18.54284 47.05744 21.3695 20.48386 47.35727 22.3695 18.75181 47.35727 21.6183 20.62751 47.52845 22.6183 18.89546 47.52845 22.10134 20.90639 47.79253 23.10134 19.17434 47.79253 22.2892 21.01485 47.8735 23.2892 19.2828 47.8735 22.89129 21.36247 48.05999 23.89129 19.63042 48.05999 23.00095 21.42578 48.08266 24.00095 19.69373 48.08266 23.7108 21.83561 48.15 24.7108 20.10356 48.15 23.73308 21.84848 48.14992 24.73308 20.11643 48.14992 24.46452 22.27077 48.07334 25.46452 20.53872 48.07334 24.53025 22.30872 48.05929 25.53025 20.57667 48.05929 25.17423 22.68053 47.85512 26.17423 20.94848 47.85512 25.32003 22.7647 47.79115 26.32003 21.03265 47.79115 25.8418 23.06594 47.50155 26.8418 21.33389 47.50155 26.05159 23.18707 47.35527 27.05159 21.45502 47.35527 26.44801 23.41594 47.02279 27.44801 21.68389 47.02279 26.69849 23.56055 46.76739 27.69849 21.8285 46.76739 26.97543 23.72045 46.43262 27.97543 21.9884 46.43262 27.23734 23.87166 46.04877 28.23734 22.13961 46.04877 27.40889 23.97071 45.74801 28.40889 22.23866 45.74801 27.64868 24.10915 45.22539 28.64868 22.3771 45.22539 27.73592 24.15951 44.98866 28.73592 22.42746 44.98866 27.91764 24.26443 44.32699 28.91764 22.53238 44.32699 27.9471 24.28144 44.17641 28.9471 22.54939 44.17641 28.03449 24.3319 43.38606 29.03449 22.59985 43.38606 28.03637 24.33298 43.33464 29.03637 22.60093 43.33464 28.00115 24.31265 42.48756 29.00115 22.5806 42.48756 27.99502 24.30911 42.43659 28.99502 22.57706 42.43659 27.84246 24.22103 41.65953 28.84246 22.48898 41.65953 27.80064 24.19688 41.51291 28.80064 22.46483 41.51291 27.56486 24.06076 40.87438 28.56486 22.32871 40.87438 27.45839 23.99929 40.64839 28.45839 22.26723 40.64839 27.17635 23.83645 40.1547 28.17635 22.1044 40.1547 26.98064 23.72345 39.87429 27.98064 21.9914 39.87429 26.68809 23.55455 39.52119 27.68809 21.8225 39.52119 26.38464 23.37935 39.21859 27.38464 21.6473 39.21859 26.11413 23.22317 38.99207 27.11413 21.49112 38.99207 25.69195 22.97943 38.70497 26.69195 21.24738 38.70497 25.47099 22.85186 38.58256 26.47099 21.11981 38.58256 24.92759 22.53813 38.35201 25.92759 20.80608 38.35201 24.77716 22.45127 38.30446 25.77716 20.71922 38.30446 24.1192 22.0714 38.17246 25.1192 20.33935 38.17246 24.05261 22.03295 38.16575 25.05261 20.3009 38.16575 23.31818 21.60893 38.17042 24.31818 19.87688 38.17042 23.29599 21.59612 38.17282 24.29599 19.86407 38.17282 22.595 21.1914 38.31836 23.595 19.45935 38.31836 22.48772 21.12946 38.35306 23.48772 19.39741 38.35306 21.90387 20.79238 38.60529 22.90387 19.06033 38.60529 21.72359 20.68829 38.70667 22.72359 18.95624 38.70667 21.26468 20.42334 39.02296 22.26468 18.69129 39.02296 21.03123 20.28856 39.22088 22.03123 18.55651 39.22088 20.69581 20.09491 39.55936 21.69581 18.36286 39.55936 20.43565 19.9447 39.8771 21.43565 18.21265 39.8771 20.21363 19.81652 40.19905 21.21363 18.08447 40.19905 19.95839 19.66916 40.6516 20.95839 17.93711 40.6516 19.83202 19.5962 40.92364 20.83202 17.86414 40.92364 19.6167 19.47188 41.51641 20.6167 17.73983 41.51641 19.56194 19.44027 41.71228 20.56194 17.70821 41.71228 19.42291 19.36 42.44026 20.42291 17.62795 42.44026 19.41117 19.35322 42.54228 20.41117 17.62117 42.54228 19.38405 19.33756 43.38976 20.38405 17.60551 43.38976 17.33387 19.88594 42.90996 17.37176 19.90782 42.35996 17.44992 19.95294 41.81566 17.56776 20.02098 41.28097 17.72446 20.11145 40.75974 17.91886 20.22369 40.25574 18.14959 20.35689 39.77259 18.41497 20.51011 39.31377 18.71308 20.68223 38.88259 19.0418 20.87201 38.48217 19.39873 21.07809 38.11537 19.78132 21.29898 37.78485 20.18681 21.53309 37.49298 20.61227 21.77873 37.24187 21.05464 22.03413 37.03334 21.51074 22.29746 36.86886 21.97727 22.56681 36.74965 22.45087 22.84024 36.67655 22.92814 23.11579 36.6501 23.40563 23.39147 36.67047 23.87991 23.6653 36.73753 24.34755 23.93529 36.85079 24.80518 24.19951 37.00944 25.24952 24.45604 37.21233 25.67736 24.70306 37.45801 26.08561 24.93876 37.74469 26.47133 25.16146 38.07032 26.83175 25.36955 38.43254 27.16427 25.56153 38.82876 27.46649 25.73601 39.25611 27.73624 25.89175 39.71152 27.97156 26.02762 40.1917 28.17078 26.14263 40.69319 28.33244 26.23597 41.21239 28.45539 26.30695 41.74555 28.53874 26.35507 42.28883 28.58189 26.37998 42.83831 28.58452 26.38151 43.39004 28.54663 26.35963 43.94004 28.46847 26.31451 44.48434 28.35063 26.24647 45.01903 28.19393 26.156 45.54026 27.99953 26.04376 46.04426 27.7688 25.91055 46.52741 27.50342 25.75733 46.98622 27.20531 25.58522 47.4174 26.87659 25.39543 47.81783 26.51966 25.18936 48.18463 26.13707 24.96847 48.51515 25.73158 24.73436 48.80702 25.30612 24.48872 49.05812 24.86375 24.23332 49.26666 24.40765 23.96999 49.43113 23.94112 23.70064 49.55035 23.46752 23.4272 49.62344 22.99025 23.15165 49.6499 22.51276 22.87597 49.62952 22.03848 22.60215 49.56246 21.57084 22.33216 49.4492 21.1132 22.06794 49.29055 20.66887 21.8114 49.08766 20.24103 21.56439 48.84199 19.83278 21.32869 48.55531 19.44705 21.10599 48.22968 19.08664 20.8979 47.86745 18.75412 20.70592 47.47124 18.4519 20.53143 47.04388 18.18215 20.37569 46.58848 17.94682 20.23983 46.1083 17.74761 20.12481 45.6068 17.58595 20.03148 45.0876 17.463 19.96049 44.55445 17.37965 19.91237 44.01117 17.3365 19.88746 43.46169 29.63107 19.48018 42.52733 30.53434 20.00168 42.91024 29.66699 19.50091 43.39129 30.50722 19.98602 43.75772 29.54122 19.42831 44.24397 30.35645 19.89898 44.58771 29.25966 19.26574 45.04549 30.08637 19.74305 45.37635 28.83546 19.02083 45.75838 21.91724 15.02659 43.81244 22.74908 15.50686 43.34181 22.86568 15.57418 44.19622 29.70476 19.52272 46.10094 29.22258 19.24434 46.74064 28.28846 18.70502 46.34931 28.65371 18.9159 47.27704 27.64423 18.33308 46.79063 28.01452 18.54686 47.69471 26.9329 17.92239 47.06173 28.01348 18.54626 39.73541 28.91084 19.06435 39.24255 28.60699 18.88892 40.26311 29.44387 19.3721 39.82597 29.08838 19.16686 40.9258 29.88384 19.62612 40.50502 29.43515 19.36706 41.69249 30.2181 19.8191 41.26015 30.43704 19.9455 42.06966 21.88405 15.00743 43.38976 21.88202 15.00626 42.96535 22.79426 15.53295 42.47843 21.97129 15.0578 42.12358 22.99913 15.65122 41.64646 22.18247 15.17973 41.31134 23.35409 15.85616 40.88478 25.856 17.30064 39.17084 26.18531 17.49077 38.15007 26.60506 17.73311 39.1762 26.91744 17.91346 38.21733 27.3356 18.15489 39.36737 27.62919 18.32439 38.42649 28.30009 18.71174 38.77154 22.5095 15.36853 40.55199 22.94296 15.61879 39.86738 23.84256 16.13818 40.22903 23.47038 15.9233 39.27721 24.44169 16.48409 39.70986 24.07659 16.2733 38.79845 25.12346 16.87771 39.35155 24.74416 16.65872 38.44487 25.45387 17.06847 38.22666 27.32339 18.14784 47.98164 26.60021 17.73031 48.12957 26.18774 17.49217 47.14992 25.86578 17.30629 48.13425 25.44357 17.06253 47.05108 25.14123 16.88797 47.99554 24.73521 16.65355 46.76983 24.4474 16.48739 47.71743 24.09577 16.28437 46.31931 23.80426 16.11607 47.30793 23.2303 15.78469 46.77881 23.55515 15.97224 45.72061 22.74204 15.50279 46.1453 23.13863 15.73176 45.0017 22.35353 15.27849 45.42561 22.07593 15.11821 44.64046 19.87965 15.58224 44.01117 19.963 15.63037 44.55445 20.08595 15.70135 45.0876 20.24761 15.79469 45.6068 20.44682 15.9097 46.1083 20.68215 16.04557 46.58848 20.9519 16.20131 47.04388 21.25412 16.37579 47.47124 21.58664 16.56777 47.86745 21.94706 16.77586 48.22968 22.33278 16.99856 48.55531 22.74103 17.23426 48.84199 23.16887 17.48127 49.08766 23.6132 17.73781 49.29055 24.07084 18.00203 49.4492 24.53848 18.27202 49.56246 25.01276 18.54585 49.62952 25.49025 18.82152 49.6499 25.96752 19.09708 49.62344 26.44112 19.37051 49.55035 26.90765 19.63986 49.43113 27.36375 19.90319 49.26666 27.80612 20.15859 49.05812 28.23158 20.40423 48.80702 28.63707 20.63834 48.51515 29.01966 20.85923 48.18463 29.37659 21.06531 47.81783 29.70531 21.25509 47.4174 30.00342 21.42721 46.98622 30.2688 21.58042 46.52741 30.49953 21.71363 46.04426 30.69393 21.82588 45.54026 30.85063 21.91634 45.01903 30.96847 21.98438 44.48434 31.04663 22.0295 43.94004 31.08452 22.05138 43.39004 31.08189 22.04986 42.83831 31.03874 22.02495 42.28883 30.95539 21.97682 41.74555 30.83244 21.90584 41.21239 30.67078 21.8125 40.69319 30.47156 21.69749 40.1917 30.23624 21.56162 39.71152 29.96649 21.40589 39.25611 29.66427 21.2314 38.82876 29.33175 21.03942 38.43254 28.97133 20.83133 38.07032 28.58561 20.60863 37.74469 28.17736 20.37293 37.45801 27.74952 20.12592 37.21233 27.30518 19.86938 37.00944 26.84755 19.60516 36.85079 26.37991 19.33517 36.73753 25.90563 19.06135 36.67047 25.42814 18.78567 36.6501 24.95087 18.51012 36.67655 24.47727 18.23668 36.74965 24.01074 17.96733 36.86886 23.55464 17.704 37.03334 23.11227 17.4486 37.24187 22.68681 17.20296 37.49298 22.28132 16.96885 37.78485 21.89873 16.74796 38.11537 21.5418 16.54188 38.48217 21.21308 16.3521 38.88259 20.91497 16.17998 39.31377 20.64959 16.02677 39.77259 20.41886 15.89356 40.25574 20.22446 15.78132 40.75974 20.06776 15.69085 41.28097 19.94992 15.62281 41.81566 19.87176 15.57769 42.35996 19.83387 15.55581 42.90996 19.8365 15.55733 43.46169</float_array>
          <technique_common>
            <accessor source="#tail_pipe_assem_-_tptp_bearing-3_via_unit_needle_pulley-2_001-mesh-positions-array" count="420" stride="3">
              <param name="X" type="float"/>
              <param name="Y" type="float"/>
              <param name="Z" type="float"/>
            </accessor>
          </technique_common>
        </source>
        <source id="tail_pipe_assem_-_tptp_bearing-3_via_unit_needle_pulley-2_001-mesh-normals">
          <float_array id="tail_pipe_assem_-_tptp_bearing-3_via_unit_needle_pulley-2_001-mesh-normals-array" count="2520">-0.4999982 0.8660265 -2.69689e-7 -0.5000008 0.866025 2.15535e-6 -0.4999953 0.8660282 0 -0.4999973 0.866027 -2.17282e-6 -0.4999995 0.8660258 0 -0.5000025 0.8660241 1.10733e-6 -0.4999997 0.8660257 0 -0.4999992 0.8660259 -2.28634e-6 -0.5 0.8660254 4.3387e-6 -0.4999985 0.8660263 0 -0.5000035 0.8660234 2.20804e-6 -0.5000013 0.8660247 -1.11098e-6 -0.4999972 0.8660271 0 -0.4999984 0.8660264 -2.15536e-6 -0.5000035 0.8660235 0 -0.499998 0.8660266 3.24172e-6 -0.4999992 0.8660259 0 -0.4999976 0.8660268 0 -0.5000026 0.8660239 0 -0.5000014 0.8660247 -1.12277e-6 -0.5000004 0.8660252 2.18725e-6 -0.5000004 0.8660253 -2.28889e-6 -0.5000024 0.8660241 -4.30958e-6 -0.4999989 0.8660261 2.2889e-6 -0.5000008 0.866025 0 -0.4999985 0.8660264 0 -0.4999969 0.8660272 0 -0.5000008 0.866025 -4.46812e-6 -0.4999957 0.866028 0 -0.5000037 0.8660233 0 -0.4999984 0.8660263 0 -0.4999948 0.8660284 -4.31249e-6 -0.5000008 0.8660249 2.28251e-6 -0.4999981 0.8660266 0 -0.5000017 0.8660244 0 -0.5000001 0.8660254 0 -0.5000017 0.8660245 8.8354e-6 -0.5000016 0.8660246 0 -0.5000012 0.8660248 0 -0.5000011 0.8660248 0 -0.5000019 0.8660243 0 -0.5000001 0.8660253 1.13377e-6 -0.4999971 0.8660271 -4.40363e-6 -0.5000044 0.8660228 0 -0.5000028 0.8660238 0 -0.4999986 0.8660264 4.34336e-6 -0.500003 0.8660237 -2.29018e-6 -0.500005 0.8660226 0 -0.500001 0.8660249 2.5302e-6 -0.4999957 0.866028 0 -0.4999997 0.8660257 -2.85016e-6 -0.4999981 0.8660266 0 -0.5000019 0.8660244 2.25013e-6 -0.500002 0.8660243 0 -0.4999966 0.8660274 -2.2019e-6 -0.5000002 0.8660254 0 -0.5000017 0.8660244 -2.21555e-6 -0.4999977 0.8660268 0 -0.5000005 0.8660251 0 -0.5000002 0.8660253 -4.58035e-6 -0.4999983 0.8660265 4.31828e-6 -0.5000014 0.8660247 2.27745e-6 -0.4999964 0.8660275 -4.37109e-6 -0.4999974 0.8660269 -1.12252e-6 -0.5 0.8660256 4.47431e-6 -0.4999997 0.8660256 -2.19473e-6 -0.5000025 0.866024 1.71583e-6 -0.8435991 -0.4870536 0.2260964 -0.843593 -0.487061 0.226103 -0.8239544 -0.4757062 0.3079006 -0.8239526 -0.4757086 0.3079018 -0.794883 -0.4589185 0.3969318 -0.7948715 -0.4589199 0.3969533 -0.7628577 -0.4404357 0.4733545 -0.7628555 -0.4404379 0.473356 -0.7204385 -0.4159432 0.5549411 -0.7204433 -0.4159411 0.5549366 -0.6770795 -0.3909174 0.6234958 -0.6770914 -0.3909118 0.6234865 -0.6226892 -0.3595108 0.6949895 -0.622684 -0.3595098 0.6949945 -0.569412 -0.3287445 0.7534568 -0.5694019 -0.3287481 0.7534629 -0.5048109 -0.2914484 0.8125417 -0.5047994 -0.2914503 0.8125481 -0.4433112 -0.2559385 0.8590523 -0.4433037 -0.2559407 0.8590555 -0.370578 -0.2139555 0.9038226 -0.370586 -0.2139548 0.9038194 -0.3028762 -0.1748655 0.9368502 -0.3028725 -0.1748622 0.9368519 -0.2243747 -0.1295409 0.9658546 -0.2243643 -0.129541 0.965857 -0.1525976 -0.08811575 0.9843524 -0.1526485 -0.08811306 0.9843447 -0.0709024 -0.04093605 0.996643 -0.0709024 -0.04093611 0.9966429 0.002668797 0.001482665 0.9999954 0.002411305 0.001482427 0.9999961 0.07820487 0.04515016 0.9959144 0.07820492 0.04515022 0.9959145 0.157651 0.09100759 0.9832924 0.1575711 0.09100961 0.983305 0.2293092 0.1323819 0.9643093 0.229286 0.1323828 0.9643147 0.3076742 0.1776127 0.9347676 0.3076138 0.1776176 0.9347865 0.375175 0.2166113 0.9012898 0.3751826 0.2166116 0.9012866 0.4476932 0.2584629 0.8560186 0.4476609 0.2584685 0.8560338 0.5089505 0.2938356 0.8090922 0.5089336 0.2938385 0.8091018 0.5732401 0.3309561 0.7495759 0.573226 0.3309587 0.7495855 0.6262173 0.361554 0.6907465 0.6262257 0.3615487 0.6907416 0.680254 0.3927413 0.6188772 0.6802546 0.3927422 0.6188758 0.7232521 0.4175754 0.5500339 0.7232501 0.4175734 0.5500379 0.7652601 0.4418202 0.4681581 0.7652624 0.4418187 0.4681557 0.7968779 0.4600857 0.391544 0.796883 0.4600892 0.3915298 0.8255079 0.4766067 0.3022962 0.8255075 0.476608 0.302295 0.844747 0.4876952 0.2203542 0.8447304 0.487717 0.2203699 0.8590527 0.4959721 0.1266508 0.8590498 0.495977 0.1266511 0.865252 0.4995659 0.04210615 0.8652413 0.499588 0.04206418 0.8650294 0.4994246 -0.0479502 0.8650296 0.4994243 -0.04795062 0.8578091 0.495212 -0.1375815 0.8577853 0.4952495 -0.1375948 0.8445936 0.487627 -0.2210924 0.8445948 0.4876254 -0.221091 0.8225772 0.4749069 -0.3127785 0.8225505 0.4749315 -0.3128113 0.7966355 0.4599366 -0.3922122 0.7966316 0.4599364 -0.3922202 0.7607306 0.4392172 -0.4778884 0.760743 0.4392121 -0.4778735 0.7228961 0.4173685 -0.5506585 0.7229058 0.4173667 -0.5506472 0.6743035 0.3893027 -0.6275016 0.6742878 0.3893097 -0.6275142 0.6257869 0.3612921 -0.6912734 0.6257764 0.3612956 -0.6912811 0.5660352 0.3268034 -0.7568381 0.5660372 0.3268039 -0.7568362 0.5084123 0.2935346 -0.8095397 0.5084266 0.2935321 -0.8095316 0.4394839 0.253732 -0.8616694 0.4394685 0.2537319 -0.8616773 0.3745987 0.2162748 -0.9016103 0.3746094 0.2162742 -0.901606 0.2986813 0.1724465 -0.9386435 0.2986825 0.172448 -0.938643 0.2286906 0.1320208 -0.9645057 0.2286574 0.132023 -0.9645132 0.1482453 0.0855872 -0.9852402 0.1482458 0.08558678 -0.9852401 0.07531809 0.04349076 -0.9962107 0.07533299 0.04348772 -0.9962098 -0.004781544 -0.00275737 -0.9999849 -0.004774749 -0.00275731 -0.9999849 -0.08064889 -0.0464769 -0.9956584 -0.08031052 -0.04647946 -0.9956856 -0.1532663 -0.08848422 -0.9842155 -0.153252 -0.08848404 -0.9842177 -0.2335742 -0.1348603 -0.9629412 -0.2336155 -0.1348628 -0.9629309 -0.3034608 -0.1752076 -0.936597 -0.3034716 -0.175207 -0.9365935 -0.3792164 -0.218925 -0.8990367 -0.3791902 -0.2189278 -0.899047 -0.4438486 -0.2562624 -0.8586782 -0.4438578 -0.2562615 -0.8586736 -0.5125342 -0.2959117 -0.8060676 -0.5125334 -0.2959096 -0.8060689 -0.5698997 -0.3290245 -0.7529656 -0.569892 -0.3290281 -0.75297 -0.6292943 -0.3633225 -0.687012 -0.6292889 -0.3633263 -0.6870149 -0.6774944 -0.3911391 -0.6229057 -0.6774764 -0.3911474 -0.6229202 -0.7256999 -0.4189756 -0.5457282 -0.7256883 -0.4189842 -0.5457368 -0.7631667 -0.4406126 -0.4726913 -0.7631595 -0.4406147 -0.4727013 -0.7986199 -0.4610823 -0.386794 -0.7986181 -0.4610843 -0.3867949 -0.824143 -0.4758293 -0.3072049 -0.8241522 -0.4758237 -0.3071892 -0.8457056 -0.4882708 -0.2153461 -0.845707 -0.4882681 -0.2153462 -0.8584788 -0.4956455 -0.1317186 -0.8584719 -0.4956465 -0.1317602 -0.8654349 -0.4996589 -0.03692752 -0.8654354 -0.4996579 -0.03693044 -0.8583908 -0.4955926 0.1324884 -0.8583918 -0.4955915 0.1324859 -0.2526334 -0.9672139 -0.02595484 -0.2573266 -0.9646943 -0.05610799 -0.2534983 -0.962845 -0.09310251 -0.2520624 -0.9607531 -0.1158372 -0.2401631 -0.9588243 -0.1515839 -0.2403292 -0.954882 -0.1744773 -0.2293006 -0.948799 -0.2172598 -0.2267785 -0.9458284 -0.2323362 -0.2084183 -0.939256 -0.2726902 -0.2062526 -0.9352097 -0.2878242 -0.1862961 -0.9238579 -0.3343355 -0.1841591 -0.9214794 -0.3419961 -0.1583771 -0.9090746 -0.3853573 -0.1560732 -0.9062395 -0.3929013 -0.125853 -0.888809 -0.4406583 -0.1255344 -0.8884613 -0.4414495 -0.09161603 -0.8691926 -0.4859123 -0.09124279 -0.8688098 -0.4866665 -0.04991859 -0.8447818 -0.5327775 -0.05272656 -0.847826 -0.5276467 -0.01024734 -0.8208285 -0.5710828 -0.01362502 -0.8239886 -0.5664425 0.03905797 -0.7931685 -0.6077486 0.03198635 -0.8008897 -0.5979571 0.08313381 -0.7654783 -0.6380688 0.07456654 -0.7730755 -0.629916 0.121832 -0.7457886 -0.6549477 0.1413141 -0.7382718 -0.659534 0.1700831 -0.716891 -0.6761206 0.1883544 -0.7077201 -0.6809222 0.2210154 -0.688525 -0.6907138 0.2477744 -0.6780108 -0.6920326 0.2720785 -0.6587659 -0.7014278 0.2966115 -0.6452209 -0.704068 0.3240157 -0.6290608 -0.7066091 0.3522922 -0.6179553 -0.7028667 0.3760318 -0.5990273 -0.7069416 0.4067633 -0.5816296 -0.7044507 0.4276043 -0.5685174 -0.7028105 0.4595829 -0.555127 -0.6932659 0.4791634 -0.5394837 -0.6923582 0.5152125 -0.5189673 -0.682077 0.5293005 -0.5093316 -0.6785444 0.5652316 -0.4929027 -0.6614834 0.5786858 -0.4820237 -0.6578571 0.6184155 -0.4592894 -0.6376643 0.6260848 -0.453565 -0.6342687 0.6643763 -0.4343826 -0.6082073 0.6717279 -0.4283071 -0.6044293 0.7130653 -0.404498 -0.5726425 0.714974 -0.402935 -0.5713629 0.7537983 -0.3814274 -0.5350715 0.7556149 -0.3798756 -0.5336111 0.7960945 -0.3563874 -0.489103 0.7932595 -0.3589963 -0.4917938 0.8305397 -0.3357465 -0.4443851 0.827927 -0.338125 -0.4474465 0.8648645 -0.3164471 -0.3897057 0.8585759 -0.3231125 -0.3980524 0.8920682 -0.2988147 -0.3390048 0.8865882 -0.3042552 -0.3484108 0.9102533 -0.2905963 -0.2949454 0.9160648 -0.2906635 -0.276297 0.9302235 -0.2779191 -0.2396774 0.9352123 -0.2765039 -0.2211868 0.945414 -0.2702941 -0.1820267 0.9494805 -0.2725842 -0.1555145 0.9568074 -0.2631951 -0.1234831 0.9601081 -0.262155 -0.09730023 0.9635393 -0.2598289 -0.06388258 0.9636642 -0.2649821 -0.03370261 0.9660328 -0.2583901 -0.003902137 0.9653813 -0.2591421 0.02974003 0.9642767 -0.2588796 0.05614006 0.9596512 -0.2667092 0.08908468 0.9577899 -0.2631523 0.1157123 0.9508911 -0.2674454 0.1558181 0.9474486 -0.2679823 0.1747192 0.9364075 -0.2789137 0.2129515 0.932164 -0.277944 0.2319863 0.9170706 -0.2868922 0.2769018 0.9133358 -0.2876377 0.2882401 0.8942562 -0.301989 0.330316 0.8898862 -0.3023521 0.3415932 0.8650214 -0.3168132 0.3890598 0.8629882 -0.3172449 0.3932011 0.834479 -0.3351917 0.4373685 0.8321759 -0.3356693 0.4413724 0.7964073 -0.3562551 0.4886898 0.7979785 -0.3559005 0.4863798 0.7589456 -0.3774339 0.5306082 0.7606854 -0.3769474 0.5284587 0.7134374 -0.4039416 0.5725717 0.7203715 -0.4023966 0.5649264 0.6699997 -0.4273685 0.6070064 0.6774806 -0.4249873 0.6003381 0.6322198 -0.4511186 0.6299128 0.6191416 -0.4617743 0.63516 0.5847837 -0.4773014 0.6559051 0.5710448 -0.4867222 0.6610669 0.5360164 -0.5066615 0.6752634 0.5166229 -0.5221924 0.6785395 0.4855656 -0.5350572 0.6913319 0.4650074 -0.5480378 0.6952862 0.4345619 -0.5652304 0.7011923 0.4106244 -0.5842823 0.7000013 0.3827744 -0.5951398 0.7066062 0.3553479 -0.6113047 0.7071312 0.3306517 -0.6249532 0.7071796 0.305674 -0.6445792 0.7007718 0.2789221 -0.6550896 0.7021825 0.24564 -0.6746574 0.6960593 0.2270179 -0.6840268 0.6932318 0.1970141 -0.7061091 0.6801438 0.1772283 -0.7138055 0.6775484 0.1393145 -0.735953 0.6625441 0.1272337 -0.7414467 0.6588386 0.09311586 -0.7648536 0.637439 0.08059233 -0.7695952 0.6334259 0.03991049 -0.7932296 0.6076134 0.03438645 -0.7954553 0.6050361 -0.002696275 -0.8188621 0.573984 -0.008181154 -0.8208501 0.5710852 -0.04943162 -0.8446539 0.5330256 -0.04868358 -0.8443878 0.5335158 -0.08728069 -0.8663493 0.4917531 -0.08656489 -0.8661076 0.492305 -0.1258289 -0.8885432 0.441201 -0.1194171 -0.886775 0.4465085 -0.1579099 -0.905734 0.3933326 -0.1522917 -0.9040526 0.3993698 -0.1867893 -0.9234954 0.3350614 -0.1756616 -0.9213495 0.3467828 -0.2122954 -0.9356771 0.2818498 -0.2034667 -0.9336014 0.2949402 -0.2231238 -0.9449497 0.2393449 -0.2248556 -0.9499822 0.2167341 -0.2396685 -0.9535997 0.1822272 -0.2429807 -0.956765 0.1598787 -0.2498586 -0.960387 0.1234002 -0.2476861 -0.9643545 0.09312468 -0.2567474 -0.9643653 0.06387811 -0.2592451 -0.9658037 0.003904461 0.24768 0.9643561 -0.09312474 0.2498639 0.9603857 -0.1233994 0.238624 0.9538996 -0.1820278 0.2253751 0.9514768 -0.2095185 0.2231227 0.9449483 -0.2393515 0.2034659 0.9336 -0.2949454 0.1863532 0.9289458 -0.3198944 0.1797987 0.9199377 -0.3484066 0.1522918 0.9040536 -0.3993675 0.1317389 0.8974139 -0.4210622 0.1211342 0.8860678 -0.447449 0.086564 0.8661085 -0.4923037 0.06310164 0.8577849 -0.5101208 0.04882681 0.8443225 -0.5336064 0.008177936 0.8208528 -0.5710815 -0.01758503 0.8112003 -0.584504 -0.03505975 0.7958877 -0.6044285 -0.08058768 0.7695981 -0.6334228 -0.1079952 0.7590017 -0.6420696 -0.1281085 0.7421672 -0.6578572 -0.1772291 0.7138043 -0.6775495 -0.2055283 0.7026916 -0.6811628 -0.2276259 0.6847105 -0.6923569 -0.2789334 0.6550877 -0.7021797 -0.3073782 0.6438898 -0.7006601 -0.3307601 0.6251562 -0.7069495 -0.382773 0.5951404 -0.7066066 -0.4106251 0.5842792 -0.7000036 -0.4345635 0.5652293 -0.7011922 -0.4857637 0.5356753 -0.6907139 -0.512289 0.5255847 -0.679206 -0.5360196 0.5066599 -0.675262 -0.5849623 0.4784002 -0.6549445 -0.6094336 0.4694963 -0.6388771 -0.6322252 0.4511171 -0.6299085 -0.6774842 0.424984 -0.6003365 -0.6992951 0.4176143 -0.5801593 -0.7204065 0.400203 -0.566438 -0.7606795 0.3769493 -0.5284657 -0.7792664 0.3714455 -0.5047495 -0.7980296 0.3553856 -0.4866726 -0.8321765 0.3356705 -0.4413703 -0.847046 0.3323122 -0.4148275 -0.8628605 0.3179576 -0.3929055 -0.8898839 0.3023555 -0.3415963 -0.9006909 0.3013424 -0.3129677 -0.9130404 0.2889837 -0.2878294 -0.9321644 0.2779418 -0.231987 -0.9386562 0.2794221 -0.2021088 -0.9471147 0.2693136 -0.1744821 -0.9577938 0.2631417 -0.1157049 -0.9598506 0.2671865 -0.08542978 -0.9641131 0.2594968 -0.05610352 -0.9660328 0.2583903 0.003902018 -0.9660331 0.2583889 0.003903329 -0.9635393 0.2598299 0.06387943 -0.96354 0.2598267 0.06388145 -0.9566478 0.2638112 0.1234043 -0.9499875 0.2728744 0.1518661 -0.945414 0.2702932 0.1820275 -0.9299114 0.2792428 0.2393493 -0.9192073 0.2906513 0.2656687 -0.91026 0.290588 0.2949329 -0.886587 0.3042578 0.3484119 -0.8722236 0.317775 0.3718132 -0.8590753 0.3201413 0.3993737 -0.8279263 0.3381217 0.4474505 -0.8103703 0.3534884 0.4672752 -0.7933583 0.358082 0.4923008 -0.7556173 0.3798702 0.5336114 -0.7354362 0.3967506 0.5492929 -0.7149682 0.4033402 0.5710842 -0.6717286 0.428307 0.6044285 -0.6495897 0.4463147 0.6154969 -0.6261923 0.4545992 0.6334214 -0.5786812 0.4820262 0.6578593 -0.5552749 0.5007663 0.6640053 -0.5295596 0.5103863 0.6775489 -0.4791588 0.5394849 0.6923604 -0.4552158 0.5585358 0.6934094 -0.4278623 0.5691049 0.7021777 -0.3760108 0.5990327 0.7069481 -0.3523061 0.6179542 0.7028607 -0.3240133 0.6290621 0.706609 -0.2722266 0.658956 0.7011917 -0.2494813 0.6773203 0.6920956 -0.2210209 0.6885229 0.6907141 -0.1707672 0.7175351 0.6752644 -0.1497092 0.7349219 0.6614204 -0.121836 0.7457873 0.6549484 -0.07455664 0.7730789 0.6299131 -0.05587232 0.7891013 0.6117168 -0.02930116 0.7992091 0.6003386 0.01361525 0.8239911 0.5664392 0.0293526 0.8383012 0.5444167 0.05389356 0.8472487 0.5284556 0.09125089 0.8688083 0.4866677 0.1034907 0.8811045 0.4614591 0.1253825 0.8885195 0.4413756 0.1560747 0.9062403 0.3928984 0.1644262 0.9162869 0.3652155 0.1830974 0.9218392 0.3415958 0.2062526 0.9352093 0.2878253 0.2103958 0.9428294 0.2584695 0.2253738 0.9462475 0.2319964 0.2403337 0.9548821 0.1744705 0.2400809 0.9599697 0.1442893 0.2510066 0.9610454 0.1157047 0.2573225 0.9646952 0.05610936 0.2526334 0.9672139 0.02595484 0.2592433 0.9658042 -0.003899216 0.2567546 0.964363 -0.06388413 0.5000012 -0.8660248 0 0.5000025 -0.866024 -2.0018e-6 0.500001 -0.8660248 0 0.4999966 -0.8660275 -1.70066e-6 0.4999977 -0.8660269 0 0.4999972 -0.8660271 2.22815e-6 0.4999974 -0.8660269 -4.52732e-6 0.4999958 -0.866028 -2.42721e-6 0.4999995 -0.8660258 -4.34336e-6 0.5000002 -0.8660253 6.87053e-6 0.5000008 -0.866025 4.31251e-6 0.4999977 -0.8660268 -4.56506e-6 0.5000009 -0.8660249 0 0.5000005 -0.8660252 0 0.4999953 -0.8660281 4.44349e-6 0.4999939 -0.866029 2.15624e-6 0.500002 -0.8660243 -2.29017e-6 0.5000019 -0.8660244 3.23872e-6 0.4999994 -0.8660258 -2.27745e-6 0.5000056 -0.8660222 0 0.499998 -0.8660266 -2.24506e-6 0.5000052 -0.8660224 2.23716e-6 0.4999998 -0.8660255 -1.09736e-6 0.5000011 -0.8660248 -8.57912e-7 0.500004 -0.8660231 0 0.5000066 -0.8660216 2.50386e-6 0.4999961 -0.8660277 0 0.4999972 -0.8660271 -5.7004e-7 0.5000075 -0.8660211 -2.18092e-6 0.5000038 -0.8660232 1.6876e-6 0.4999992 -0.866026 0 0.4999976 -0.8660268 0 0.5000016 -0.8660246 0 0.5000022 -0.8660242 -3.25923e-6 0.4999994 -0.8660258 -2.25941e-6 0.4999983 -0.8660265 -2.21467e-6 0.5000015 -0.8660246 0 0.5000008 -0.8660249 0 0.4999992 -0.8660259 2.2019e-6 0.4999975 -0.8660269 -1.14317e-6 0.5000029 -0.8660238 0 0.5000011 -0.8660249 0 0.4999976 -0.8660269 0 0.5 -0.8660255 2.27114e-6 0.5000035 -0.8660235 4.39197e-6 0.4999991 -0.8660259 0 0.4999976 -0.8660268 -4.50875e-6 0.4999995 -0.8660258 2.1796e-6 0.5000035 -0.8660235 0 0.5000022 -0.8660242 -2.20885e-6 0.4999953 -0.8660282 0 0.5000008 -0.866025 -1.07768e-6 0.5000004 -0.8660253 0 0.499998 -0.8660266 1.08057e-6 0.4999997 -0.8660257 0 0.4999989 -0.8660261 -1.09529e-6 0.4999976 -0.8660269 -2.23969e-6 0.5000014 -0.8660247 1.12277e-6 0.5000008 -0.8660251 0 0.4999989 -0.8660261 0 0.5000024 -0.8660241 -1.0774e-6 0.5000019 -0.8660243 0 0.5000016 -0.8660245 0 0.4999967 -0.8660274 1.13181e-6 0.5000017 -0.8660246 -1.10401e-6 0.4999949 -0.8660284 1.11099e-6 0.5000023 -0.8660242 5.70032e-7 -0.9589986 0.2676762 0.09311908 -0.9566488 0.2638078 0.1234039 -0.9500694 0.2679606 0.1598913 -0.9456762 0.2692377 0.1822292 -0.9351362 0.2802608 0.2167356 -0.9299113 0.2792444 0.2393481 -0.9156332 0.2877738 0.2807176 -0.9105615 0.2891852 0.2953809 -0.8924184 0.3036878 0.3337113 -0.8865873 0.3042563 0.3484125 -0.8630205 0.3180363 0.3924902 -0.8592572 0.3190596 0.3998476 -0.8321485 0.3371933 0.4402609 -0.8279244 0.3381298 0.4474478 -0.7938985 0.3577889 0.4916426 -0.7933738 0.357929 0.4923868 -0.7561892 0.3797153 0.5329109 -0.7556147 0.3798722 0.5336137 -0.7105077 0.405746 0.574934 -0.7149638 0.4046026 0.5701962 -0.66693 0.4298614 0.6086245 -0.6717305 0.4283028 0.6044293 -0.6155037 0.4603561 0.6397091 -0.6265022 0.4576461 0.6309161 -0.5671973 0.4859965 0.6649021 -0.5786905 0.4820225 0.657854 -0.5295553 0.5103893 0.6775501 -0.5130184 0.5236667 0.6801362 -0.47886 0.5386196 0.6932402 -0.461481 0.5500252 0.6960658 -0.4278559 0.5691075 0.7021795 -0.4053787 0.5870168 0.7007706 -0.3759055 0.5988189 0.7071853 -0.3516963 0.6133718 0.7071668 -0.3240155 0.6290636 0.7066068 -0.3006924 0.6477514 0.7000016 -0.2722263 0.6589552 0.7011924 -0.2420525 0.6767686 0.6952661 -0.2205882 0.6880416 0.6913318 -0.1939294 0.7084989 0.6785432 -0.1707717 0.7175369 0.6752613 -0.1359851 0.7379229 0.661043 -0.1209664 0.7450813 0.6559125 -0.09034043 0.7670787 0.6351606 -0.07456374 0.7730782 0.629913 -0.03686386 0.7950525 0.6054195 -0.02840656 0.7986397 0.6011388 0.005044758 0.8208698 0.5710933 0.01362174 0.8239932 0.566436 0.05205881 0.846257 0.5302254 0.05427777 0.8470603 0.5287182 0.08912634 0.8680866 0.4883463 0.09123474 0.8688096 0.4866684 0.127961 0.8898798 0.4378813 0.1245045 0.8888734 0.4409114 0.1591758 0.9071575 0.3895233 0.1560781 0.9062396 0.3928989 0.1883465 0.9245263 0.3313257 0.1801658 0.9228326 0.3404707 0.2129134 0.9367575 0.277765 0.2062528 0.9352087 0.2878273 0.2253786 0.946249 0.2319858 0.2266548 0.9504093 0.2129553 0.241648 0.9545055 0.1747163 0.2438147 0.9572253 0.1558019 0.2510022 0.9610459 0.1157105 0.2488464 0.9644374 0.08908456 0.2579448 0.9645276 0.05613559 0.2582466 0.9656202 0.02977347 0.2592437 0.9658042 -0.003899991 0.2523524 0.9670482 -0.03370708 0.2567499 0.9643647 -0.06387805 0.2530146 0.9625651 -0.09722191 0.2504704 0.9602169 -0.123483 0.2386752 0.9585661 -0.1555157 0.2386267 0.953899 -0.1820274 0.2281578 0.9481686 -0.2211797 0.22442 0.9445564 -0.2396855 0.2063093 0.9386664 -0.2763007 0.2034678 0.9336014 -0.2949393 0.1845207 0.9228902 -0.3379734 0.1810719 0.9194972 -0.3489097 0.1557136 0.9081895 -0.3885166 0.152294 0.9040554 -0.3993625 0.1235189 0.8875439 -0.4438568 0.121773 0.8858062 -0.4477931 0.08847939 0.8680532 -0.4885236 0.08656173 0.86611 -0.4923014 0.04710215 0.8432531 -0.535449 0.04837268 0.8445419 -0.5333004 0.006727755 0.8194959 -0.5730457 0.00818777 0.8208516 -0.5710828 -0.0422734 0.7914411 -0.609782 -0.03684908 0.7970248 -0.6028215 -0.08693355 0.764005 -0.6393271 -0.08059233 0.7695991 -0.633421 -0.1281075 0.742163 -0.6578622 -0.1442502 0.7359592 -0.6614801 -0.1764416 0.7130552 -0.6785431 -0.1918441 0.705685 -0.682059 -0.2276224 0.6847026 -0.6923658 -0.250961 0.675574 -0.6932664 -0.278553 0.6545765 -0.7028071 -0.3002567 0.6431477 -0.7044197 -0.3307616 0.6251561 -0.7069489 -0.3590179 0.6140773 -0.7028622 -0.3827717 0.5951331 -0.7066133 -0.4102894 0.5795775 -0.7040971 -0.4344726 0.5650076 -0.7014271 -0.4632911 0.5535795 -0.6920341 -0.4857721 0.5356692 -0.6907127 -0.5187022 0.5169968 -0.6809276 -0.5358108 0.5057413 -0.6761158 -0.5687015 0.4915208 -0.6595346 -0.5849626 0.4783971 -0.6549465 -0.6216612 0.4574726 -0.6358116 -0.6321137 0.4499552 -0.6308507 -0.6675059 0.4332272 -0.605599 -0.6774781 0.4249851 -0.6003426 -0.7159743 0.4028996 -0.5701339 -0.7204222 0.3993681 -0.5670071 -0.7564788 0.380555 -0.5319002 -0.7606843 0.3769469 -0.5284608 -0.7985817 0.3550441 -0.4860154 -0.7980092 0.355553 -0.4865834 -0.8326901 0.3352044 -0.4407554 -0.8321768 0.3356674 -0.441372 -0.8668114 0.3154492 -0.3861733 -0.8625387 0.3198388 -0.3920845 -0.8936285 0.2986196 -0.3350443 -0.8898837 0.302357 -0.3415954 -0.9184814 0.2853633 -0.273788 -0.9120704 0.2933506 -0.2864839 -0.9372578 0.2719777 -0.2181191 -0.932163 0.2779448 -0.2319891 -0.9471174 0.269308 -0.174476 -0.950447 0.2714256 -0.1515871 -0.9580685 0.2620822 -0.1158353 -0.960589 0.2618932 -0.09317016 -0.964113 0.2594972 -0.05610305 -0.963949 0.2648185 -0.02595585 -0.9660323 0.2583922 0.003902494 -0.9635391 0.2598301 0.06388217 0.963949 -0.2648185 0.02595686 0.9641118 -0.2595011 0.05610513 0.9577927 -0.2631443 0.1157081 0.9513985 -0.2720675 0.1442921 0.9471185 -0.2693068 0.1744723 0.9321638 -0.277942 0.2319889 0.9217131 -0.2892041 0.2584688 0.9130409 -0.2889822 0.2878295 0.8898828 -0.3023586 0.3415961 0.8757438 -0.3157416 0.3652126 0.8628634 -0.3179538 0.3929025 0.8321685 -0.3356752 0.4413815 0.8148078 -0.3509266 0.4614531 0.7980328 -0.3553845 0.4866679 0.7606859 -0.3769444 0.52846 0.7406641 -0.3937344 0.5444171 0.7204076 -0.4002003 0.5664386 0.6774831 -0.424988 0.6003349 0.6554462 -0.4429333 0.6117191 0.6322288 -0.451115 0.6299064 0.5849581 -0.4784021 0.6549471 0.5616058 -0.4971129 0.661421 0.5360284 -0.506649 0.6752633 0.4857601 -0.535674 0.6907175 0.4618414 -0.554713 0.6920955 0.4345582 -0.5652309 0.7011942 0.3827755 -0.5951349 0.7066098 0.3590108 -0.6140794 0.7028641 0.3307783 -0.6251536 0.7069433 0.2789307 -0.6550863 0.7021821 0.2561011 -0.6734963 0.6934083 0.2276213 -0.6847096 0.6923593 0.1772274 -0.7138048 0.6775495 0.1560457 -0.7312613 0.664008 0.1281094 -0.7421659 0.6578585 0.08059895 -0.7695959 0.6334241 0.06172776 -0.7857169 0.6154987 0.03505313 -0.7958862 0.6044307 -0.008177995 -0.8208518 0.5710827 -0.02412116 -0.8352835 0.5492902 -0.04881978 -0.8443163 0.5336167 -0.08657449 -0.8661073 0.4923039 -0.09905606 -0.8785444 0.4672769 -0.1211374 -0.8860706 0.4474422 -0.1522873 -0.9040541 0.3993682 -0.1609095 -0.914254 0.371817 -0.1797952 -0.9199348 0.3484159 -0.2034695 -0.9336012 0.2949391 -0.2078922 -0.9413833 0.2656659 -0.2231248 -0.9449489 0.2393472 -0.2386276 -0.9538991 0.1820258 -0.238674 -0.9591508 0.1518702 -0.2498574 -0.9603874 0.1233996 -0.2567543 -0.9643633 0.06388121 -0.256747 -0.964365 0.06388407 -0.2592447 -0.9658039 0.003904104 -0.2592461 -0.9658035 0.00390309 -0.2573261 -0.9646946 -0.05610507 -0.248536 -0.9648479 -0.08543151 -0.2510039 -0.9610461 -0.115705 -0.2403257 -0.9548825 -0.1744797 -0.2273419 -0.9526112 -0.2021079 -0.225377 -0.9462491 -0.2319866 -0.2062523 -0.9352083 -0.2878287 -0.1893791 -0.9306918 -0.312967 -0.1830948 -0.9218393 -0.3415971 -0.1560743 -0.9062383 -0.3929033 -0.1357331 -0.8997194 -0.4148272 -0.1253823 -0.8885214 -0.4413717 -0.09124249 -0.8688076 -0.4866705 -0.06795167 -0.8605853 -0.5047531 -0.0538941 -0.8472474 -0.5284576 -0.01361846 -0.8239906 -0.56644 0.01202261 -0.8144149 -0.5801585 0.02930116 -0.7992091 -0.6003386 0.07456183 -0.7730799 -0.6299111 0.1018764 -0.7625371 -0.6388727 0.1218357 -0.7457857 -0.6549502 0.1707565 -0.7175395 -0.6752625 0.1990303 -0.7064453 -0.6792069 0.2210261 -0.6885253 -0.69071 0.2722271 -0.6589562 -0.7011913 0.3006923 -0.6477509 -0.7000021 0.3240133 -0.6290621 -0.706609 0.3760215 -0.5990317 -0.7069434 0.4039373 -0.5881418 -0.7006597 0.4278522 -0.5691087 -0.7021808 0.4791615 -0.5394848 -0.6923587 0.5057836 -0.52934 -0.6811624 0.5295599 -0.5103866 -0.6775484 0.5786765 -0.4820269 -0.657863 0.6033176 -0.4730283 -0.6420688 0.6261984 -0.4545923 -0.6334205 0.6717301 -0.4283011 -0.6044312 0.6937308 -0.4208266 -0.584502 0.7149685 -0.4033436 -0.5710815 0.7556149 -0.3798727 -0.5336132 0.7744148 -0.3742447 -0.5101204 0.793352 -0.3580883 -0.4923063 0.827921 -0.3381319 -0.4474524 0.8430536 -0.3346163 -0.4210612 0.8590821 -0.3201374 -0.3993622 0.8865876 -0.3042578 -0.3484102 0.8976671 -0.3030865 -0.3198943 0.9102542 -0.2905945 -0.2949444 0.929913 -0.2792411 -0.2393454 0.9366892 -0.2805599 -0.209522 0.945415 -0.2702914 -0.1820251 0.9566488 -0.2638083 -0.1234023 0.9589979 -0.2676773 -0.09312403 0.9635393 -0.2598297 -0.06388086 0.9660328 -0.2583901 -0.003902971 0.8554674 0.493906 -0.1556684 0.8554688 0.4939039 -0.1556662 0.8064866 0.4656271 -0.3643774 0.8064868 0.4656267 -0.3643775 0.719797 0.4155739 -0.5560491 0.7197971 0.4155746 -0.5560485 0.5994473 0.3460913 -0.7217228 0.5994513 0.346091 -0.7217197 0.4510675 0.260428 -0.8536483 0.4510741 0.2604274 -0.853645 0.2816063 0.1625812 -0.945656 0.2816007 0.1625818 -0.9456576 0.09896713 0.0571376 -0.993449 0.09895455 0.05713772 -0.9934502 -0.08829432 -0.05097872 -0.9947891 -0.08829724 -0.05097848 -0.9947889 -0.2714356 -0.156713 -0.9496124 -0.2714399 -0.1567135 -0.9496111 -0.4418761 -0.2551156 -0.8600358 -0.4418762 -0.255116 -0.8600356 -0.5916589 -0.3415954 -0.7302414 -0.5916601 -0.3415946 -0.7302408 -0.713774 -0.4120997 -0.5663042 -0.7137767 -0.4120976 -0.5663024 -0.8025163 -0.4633331 -0.3758857 -0.8025168 -0.4633328 -0.375885 -0.8537334 -0.4929018 -0.1678906 -0.8537312 -0.4929051 -0.1678919 -0.8650311 -0.4994216 0.04795068 -0.8650292 -0.4994248 0.04795199 -0.8358769 -0.4825958 0.2615555 -0.8358778 -0.4825946 0.2615545 -0.7676417 -0.4431991 0.4629265 -0.7676417 -0.4431988 0.4629266 -0.6635117 -0.3830785 0.6426532 -0.6635125 -0.3830785 0.6426524 -0.5283552 -0.3050479 0.7923299 -0.5283624 -0.3050456 0.792326 -0.3684967 -0.2127523 0.9049568 -0.3684996 -0.2127527 0.9049555 -0.1913982 -0.1105067 0.9752718 -0.1914073 -0.1105065 0.97527 -0.005362927 -0.003098189 0.9999809 -0.005367875 -0.003098189 0.9999808 0.1809281 0.1044579 0.9779334 0.1809248 0.104458 0.977934 0.3587597 0.2071294 0.9101587 0.3587634 0.2071293 0.9101573 0.5198159 0.3001167 0.799826 0.5198131 0.3001165 0.7998278 0.6565684 0.3790664 0.6520941 0.6565664 0.379068 0.6520951 0.7626172 0.4402961 0.4738717 0.7626154 0.4402967 0.4738741 0.8330083 0.4809364 0.2734914 0.8330072 0.4809378 0.273492 0.8644475 0.4990907 0.06032639 0.8644494 0.4990878 0.06032282</float_array>
          <technique_common>
            <accessor source="#tail_pipe_assem_-_tptp_bearing-3_via_unit_needle_pulley-2_001-mesh-normals-array" count="840" stride="3">
              <param name="X" type="float"/>
              <param name="Y" type="float"/>
              <param name="Z" type="float"/>
            </accessor>
          </technique_common>
        </source>
        <vertices id="tail_pipe_assem_-_tptp_bearing-3_via_unit_needle_pulley-2_001-mesh-vertices">
          <input semantic="POSITION" source="#tail_pipe_assem_-_tptp_bearing-3_via_unit_needle_pulley-2_001-mesh-positions"/>
        </vertices>
        <triangles material="Material_001-material" count="840">
          <input semantic="VERTEX" source="#tail_pipe_assem_-_tptp_bearing-3_via_unit_needle_pulley-2_001-mesh-vertices" offset="0"/>
          <input semantic="NORMAL" source="#tail_pipe_assem_-_tptp_bearing-3_via_unit_needle_pulley-2_001-mesh-normals" offset="1"/>
          <p>0 0 1 0 2 0 3 1 4 1 5 1 5 2 4 2 6 2 5 3 6 3 7 3 7 4 6 4 8 4 7 5 8 5 9 5 10 6 11 6 12 6 12 7 11 7 13 7 12 8 13 8 14 8 14 9 13 9 15 9 14 10 15 10 2 10 2 11 15 11 16 11 2 12 16 12 0 12 17 13 18 13 19 13 19 14 18 14 20 14 19 15 20 15 21 15 21 16 20 16 22 16 21 17 22 17 23 17 23 18 22 18 24 18 23 19 24 19 10 19 10 20 24 20 25 20 10 21 25 21 11 21 26 22 27 22 28 22 28 23 27 23 29 23 28 24 29 24 30 24 30 25 29 25 31 25 30 26 31 26 32 26 32 27 31 27 33 27 32 28 33 28 3 28 3 29 33 29 34 29 3 30 34 30 4 30 35 31 36 31 37 31 37 32 36 32 38 32 37 33 38 33 39 33 39 34 38 34 40 34 39 35 40 35 17 35 17 36 40 36 41 36 17 37 41 37 18 37 42 38 43 38 44 38 44 39 43 39 45 39 44 40 45 40 46 40 46 41 45 41 47 41 46 42 47 42 48 42 48 43 47 43 49 43 48 44 49 44 35 44 35 45 49 45 50 45 35 46 50 46 36 46 0 47 51 47 1 47 1 48 51 48 52 48 1 49 52 49 53 49 53 50 52 50 54 50 53 51 54 51 55 51 55 52 54 52 56 52 55 53 56 53 26 53 26 54 56 54 57 54 26 55 57 55 27 55 8 56 58 56 9 56 9 57 58 57 59 57 9 58 59 58 60 58 60 59 59 59 61 59 60 60 61 60 62 60 62 61 61 61 63 61 62 62 63 62 64 62 64 63 63 63 65 63 64 64 65 64 42 64 42 65 65 65 66 65 42 66 66 66 43 66 67 67 68 67 69 67 69 68 68 68 70 68 69 69 70 69 71 69 71 70 70 70 72 70 71 71 72 71 73 71 73 72 72 72 74 72 73 73 74 73 75 73 75 74 74 74 76 74 75 75 76 75 77 75 77 76 76 76 78 76 77 77 78 77 79 77 79 78 78 78 80 78 79 79 80 79 81 79 81 80 80 80 82 80 81 81 82 81 83 81 83 82 82 82 84 82 83 83 84 83 85 83 85 84 84 84 86 84 85 85 86 85 87 85 87 86 86 86 88 86 87 87 88 87 89 87 89 88 88 88 90 88 89 89 90 89 91 89 91 90 90 90 92 90 91 91 92 91 93 91 93 92 92 92 94 92 93 93 94 93 95 93 95 94 94 94 96 94 95 95 96 95 97 95 97 96 96 96 98 96 97 97 98 97 99 97 99 98 98 98 100 98 99 99 100 99 101 99 101 100 100 100 102 100 101 101 102 101 103 101 103 102 102 102 104 102 103 103 104 103 105 103 105 104 104 104 106 104 105 105 106 105 107 105 107 106 106 106 108 106 107 107 108 107 109 107 109 108 108 108 110 108 109 109 110 109 111 109 111 110 110 110 112 110 111 111 112 111 113 111 113 112 112 112 114 112 113 113 114 113 115 113 115 114 114 114 116 114 115 115 116 115 117 115 117 116 116 116 118 116 117 117 118 117 119 117 119 118 118 118 120 118 119 119 120 119 121 119 121 120 120 120 122 120 121 121 122 121 123 121 123 122 122 122 124 122 123 123 124 123 125 123 125 124 124 124 126 124 125 125 126 125 127 125 127 126 126 126 128 126 127 127 128 127 129 127 129 128 128 128 130 128 129 129 130 129 131 129 131 130 130 130 132 130 131 131 132 131 133 131 133 132 132 132 134 132 133 133 134 133 135 133 135 134 134 134 136 134 135 135 136 135 137 135 137 136 136 136 138 136 137 137 138 137 139 137 139 138 138 138 140 138 139 139 140 139 141 139 141 140 140 140 142 140 141 141 142 141 143 141 143 142 142 142 144 142 143 143 144 143 145 143 145 144 144 144 146 144 145 145 146 145 147 145 147 146 146 146 148 146 147 147 148 147 149 147 149 148 148 148 150 148 149 149 150 149 151 149 151 150 150 150 152 150 151 151 152 151 153 151 153 152 152 152 154 152 153 153 154 153 155 153 155 154 154 154 156 154 155 155 156 155 157 155 157 156 156 156 158 156 157 157 158 157 159 157 159 158 158 158 160 158 159 159 160 159 161 159 161 160 160 160 162 160 161 161 162 161 163 161 163 162 162 162 164 162 163 163 164 163 165 163 165 164 164 164 166 164 165 165 166 165 167 165 167 166 166 166 168 166 167 167 168 167 169 167 169 168 168 168 170 168 169 169 170 169 171 169 171 170 170 170 172 170 171 171 172 171 173 171 173 172 172 172 174 172 173 173 174 173 175 173 175 174 174 174 176 174 175 175 176 175 177 175 177 176 176 176 178 176 177 177 178 177 179 177 179 178 178 178 180 178 179 179 180 179 181 179 181 180 180 180 182 180 181 181 182 181 183 181 183 182 182 182 184 182 183 183 184 183 185 183 185 184 184 184 186 184 185 185 186 185 187 185 187 186 186 186 188 186 187 187 188 187 189 187 189 188 188 188 190 188 189 189 190 189 191 189 191 190 190 190 192 190 191 191 192 191 193 191 193 192 192 192 194 192 193 193 194 193 195 193 195 194 194 194 196 194 195 195 196 195 197 195 197 196 196 196 198 196 197 197 198 197 199 197 199 198 198 198 200 198 199 199 200 199 201 199 201 200 200 200 202 200 201 201 202 201 203 201 203 202 202 202 204 202 203 203 204 203 67 203 67 204 204 204 68 204 203 205 205 205 201 205 201 206 205 206 206 206 201 207 206 207 199 207 199 208 206 208 207 208 199 209 207 209 197 209 197 210 207 210 208 210 197 211 208 211 195 211 195 212 208 212 209 212 195 213 209 213 193 213 193 214 209 214 210 214 193 215 210 215 191 215 191 216 210 216 211 216 191 217 211 217 189 217 189 218 211 218 212 218 189 219 212 219 187 219 187 220 212 220 213 220 187 221 213 221 185 221 185 222 213 222 214 222 185 223 214 223 183 223 183 224 214 224 215 224 183 225 215 225 181 225 181 226 215 226 216 226 181 227 216 227 179 227 179 228 216 228 217 228 179 229 217 229 177 229 217 230 218 230 177 230 177 231 218 231 219 231 177 232 219 232 175 232 175 233 219 233 220 233 175 234 220 234 173 234 173 235 220 235 221 235 173 236 221 236 171 236 171 237 221 237 222 237 171 238 222 238 169 238 169 239 222 239 223 239 169 240 223 240 167 240 167 241 223 241 224 241 167 242 224 242 165 242 165 243 224 243 225 243 165 244 225 244 163 244 163 245 225 245 226 245 163 246 226 246 161 246 161 247 226 247 227 247 161 248 227 248 159 248 159 249 227 249 228 249 159 250 228 250 157 250 157 251 228 251 229 251 157 252 229 252 155 252 155 253 229 253 230 253 155 254 230 254 153 254 153 255 230 255 231 255 153 256 231 256 151 256 151 257 231 257 232 257 151 258 232 258 149 258 149 259 232 259 233 259 149 260 233 260 147 260 147 261 233 261 234 261 147 262 234 262 145 262 145 263 234 263 235 263 145 264 235 264 143 264 235 265 236 265 143 265 143 266 236 266 237 266 143 267 237 267 141 267 141 268 237 268 238 268 141 269 238 269 139 269 139 270 238 270 239 270 139 271 239 271 137 271 137 272 239 272 240 272 137 273 240 273 135 273 135 274 240 274 241 274 135 275 241 275 133 275 133 276 241 276 242 276 133 277 242 277 131 277 131 278 242 278 243 278 131 279 243 279 129 279 129 280 243 280 244 280 129 281 244 281 127 281 127 282 244 282 245 282 127 283 245 283 125 283 125 284 245 284 246 284 125 285 246 285 123 285 123 286 246 286 247 286 123 287 247 287 121 287 121 288 247 288 248 288 121 289 248 289 119 289 119 290 248 290 249 290 119 291 249 291 117 291 117 292 249 292 250 292 117 293 250 293 115 293 115 294 250 294 251 294 115 295 251 295 113 295 113 296 251 296 252 296 113 297 252 297 111 297 111 298 252 298 253 298 111 299 253 299 109 299 253 300 254 300 109 300 109 301 254 301 255 301 109 302 255 302 107 302 107 303 255 303 256 303 107 304 256 304 105 304 105 305 256 305 257 305 105 306 257 306 103 306 103 307 257 307 258 307 103 308 258 308 101 308 101 309 258 309 259 309 101 310 259 310 99 310 99 311 259 311 260 311 99 312 260 312 97 312 97 313 260 313 261 313 97 314 261 314 95 314 95 315 261 315 262 315 95 316 262 316 93 316 93 317 262 317 263 317 93 318 263 318 91 318 91 319 263 319 264 319 91 320 264 320 89 320 89 321 264 321 265 321 89 322 265 322 87 322 87 323 265 323 266 323 87 324 266 324 85 324 85 325 266 325 267 325 85 326 267 326 83 326 83 327 267 327 268 327 83 328 268 328 81 328 81 329 268 329 269 329 81 330 269 330 79 330 79 331 269 331 270 331 79 332 270 332 77 332 77 333 270 333 271 333 77 334 271 334 75 334 75 335 271 335 272 335 75 336 272 336 73 336 73 337 272 337 273 337 73 338 273 338 71 338 273 339 274 339 71 339 71 340 274 340 275 340 71 341 275 341 69 341 69 342 275 342 276 342 69 343 276 343 67 343 67 344 276 344 277 344 67 345 277 345 203 345 203 346 277 346 278 346 203 347 278 347 205 347 45 348 43 348 240 348 240 349 239 349 45 349 45 350 239 350 238 350 45 351 238 351 47 351 238 352 237 352 47 352 47 353 237 353 236 353 47 354 236 354 49 354 236 355 235 355 49 355 49 356 235 356 234 356 49 357 234 357 50 357 234 358 233 358 50 358 50 359 233 359 232 359 50 360 232 360 36 360 232 361 231 361 36 361 36 362 231 362 230 362 36 363 230 363 38 363 230 364 229 364 38 364 38 365 229 365 228 365 38 366 228 366 40 366 228 367 227 367 40 367 40 368 227 368 226 368 40 369 226 369 41 369 226 370 225 370 41 370 41 371 225 371 224 371 41 372 224 372 18 372 224 373 223 373 18 373 18 374 223 374 222 374 18 375 222 375 20 375 222 376 221 376 20 376 20 377 221 377 220 377 20 378 220 378 22 378 220 379 219 379 22 379 22 380 219 380 218 380 22 381 218 381 24 381 218 382 217 382 24 382 24 383 217 383 216 383 24 384 216 384 25 384 216 385 215 385 25 385 25 386 215 386 214 386 25 387 214 387 11 387 214 388 213 388 11 388 11 389 213 389 212 389 11 390 212 390 13 390 212 391 211 391 13 391 13 392 211 392 210 392 13 393 210 393 15 393 210 394 209 394 15 394 15 395 209 395 208 395 15 396 208 396 16 396 208 397 207 397 16 397 16 398 207 398 206 398 16 399 206 399 0 399 0 400 206 400 205 400 0 401 205 401 51 401 51 402 205 402 278 402 51 403 278 403 52 403 278 404 277 404 52 404 52 405 277 405 276 405 52 406 276 406 54 406 276 407 275 407 54 407 54 408 275 408 274 408 54 409 274 409 56 409 274 410 273 410 56 410 56 411 273 411 272 411 56 412 272 412 57 412 272 413 271 413 57 413 57 414 271 414 270 414 57 415 270 415 27 415 270 416 269 416 27 416 27 417 269 417 268 417 27 418 268 418 29 418 268 419 267 419 29 419 29 420 267 420 266 420 29 421 266 421 31 421 266 422 265 422 31 422 31 423 265 423 264 423 31 424 264 424 33 424 264 425 263 425 33 425 33 426 263 426 262 426 33 427 262 427 34 427 262 428 261 428 34 428 34 429 261 429 260 429 34 430 260 430 4 430 260 431 259 431 4 431 4 432 259 432 258 432 4 433 258 433 6 433 258 434 257 434 6 434 6 435 257 435 256 435 6 436 256 436 8 436 256 437 255 437 8 437 8 438 255 438 254 438 8 439 254 439 58 439 254 440 253 440 58 440 58 441 253 441 252 441 58 442 252 442 59 442 252 443 251 443 59 443 59 444 251 444 250 444 59 445 250 445 61 445 250 446 249 446 61 446 61 447 249 447 248 447 61 448 248 448 63 448 248 449 247 449 63 449 63 450 247 450 246 450 63 451 246 451 65 451 246 452 245 452 65 452 65 453 245 453 244 453 65 454 244 454 66 454 244 455 243 455 66 455 66 456 243 456 242 456 66 457 242 457 43 457 43 458 242 458 241 458 43 459 241 459 240 459 279 460 280 460 281 460 281 461 280 461 282 461 281 462 282 462 283 462 283 463 282 463 284 463 283 464 284 464 285 464 285 465 284 465 286 465 285 466 286 466 287 466 288 467 289 467 290 467 286 468 291 468 287 468 287 469 291 469 292 469 287 470 292 470 293 470 293 471 292 471 294 471 293 472 294 472 295 472 295 473 294 473 296 473 295 474 296 474 297 474 298 475 299 475 300 475 300 476 299 476 301 476 300 477 301 477 302 477 302 478 301 478 303 478 302 479 303 479 304 479 304 480 303 480 305 480 304 481 305 481 279 481 279 482 305 482 306 482 279 483 306 483 280 483 288 484 307 484 289 484 289 485 307 485 308 485 289 486 308 486 309 486 309 487 308 487 310 487 309 488 310 488 311 488 311 489 310 489 312 489 311 490 312 490 313 490 314 491 315 491 316 491 316 492 315 492 317 492 316 493 317 493 318 493 318 494 317 494 319 494 318 495 319 495 298 495 298 496 319 496 320 496 298 497 320 497 299 497 312 498 321 498 313 498 313 499 321 499 322 499 313 500 322 500 323 500 323 501 322 501 324 501 323 502 324 502 325 502 325 503 324 503 326 503 325 504 326 504 327 504 327 505 326 505 328 505 327 506 328 506 314 506 314 507 328 507 329 507 314 508 329 508 315 508 296 509 330 509 297 509 297 510 330 510 331 510 297 511 331 511 332 511 332 512 331 512 333 512 332 513 333 513 334 513 334 514 333 514 335 514 334 515 335 515 336 515 336 516 335 516 337 516 336 517 337 517 338 517 337 518 339 518 338 518 338 519 339 519 340 519 338 520 340 520 341 520 341 521 340 521 342 521 341 522 342 522 343 522 343 523 342 523 344 523 343 524 344 524 290 524 290 525 344 525 345 525 290 526 345 526 288 526 204 527 346 527 68 527 68 528 346 528 347 528 68 529 347 529 70 529 70 530 347 530 348 530 70 531 348 531 72 531 72 532 348 532 349 532 72 533 349 533 74 533 74 534 349 534 350 534 74 535 350 535 76 535 76 536 350 536 351 536 76 537 351 537 78 537 78 538 351 538 352 538 78 539 352 539 80 539 80 540 352 540 353 540 80 541 353 541 82 541 82 542 353 542 354 542 82 543 354 543 84 543 84 544 354 544 355 544 84 545 355 545 86 545 86 546 355 546 356 546 86 547 356 547 88 547 88 548 356 548 357 548 88 549 357 549 90 549 90 550 357 550 358 550 90 551 358 551 92 551 358 552 359 552 92 552 92 553 359 553 360 553 92 554 360 554 94 554 94 555 360 555 361 555 94 556 361 556 96 556 96 557 361 557 362 557 96 558 362 558 98 558 98 559 362 559 363 559 98 560 363 560 100 560 100 561 363 561 364 561 100 562 364 562 102 562 102 563 364 563 365 563 102 564 365 564 104 564 104 565 365 565 366 565 104 566 366 566 106 566 106 567 366 567 367 567 106 568 367 568 108 568 108 569 367 569 368 569 108 570 368 570 110 570 110 571 368 571 369 571 110 572 369 572 112 572 112 573 369 573 370 573 112 574 370 574 114 574 114 575 370 575 371 575 114 576 371 576 116 576 116 577 371 577 372 577 116 578 372 578 118 578 118 579 372 579 373 579 118 580 373 580 120 580 120 581 373 581 374 581 120 582 374 582 122 582 122 583 374 583 375 583 122 584 375 584 124 584 124 585 375 585 376 585 124 586 376 586 126 586 376 587 377 587 126 587 126 588 377 588 378 588 126 589 378 589 128 589 128 590 378 590 379 590 128 591 379 591 130 591 130 592 379 592 380 592 130 593 380 593 132 593 132 594 380 594 381 594 132 595 381 595 134 595 134 596 381 596 382 596 134 597 382 597 136 597 136 598 382 598 383 598 136 599 383 599 138 599 138 600 383 600 384 600 138 601 384 601 140 601 140 602 384 602 385 602 140 603 385 603 142 603 142 604 385 604 386 604 142 605 386 605 144 605 144 606 386 606 387 606 144 607 387 607 146 607 146 608 387 608 388 608 146 609 388 609 148 609 148 610 388 610 389 610 148 611 389 611 150 611 150 612 389 612 390 612 150 613 390 613 152 613 152 614 390 614 391 614 152 615 391 615 154 615 154 616 391 616 392 616 154 617 392 617 156 617 156 618 392 618 393 618 156 619 393 619 158 619 158 620 393 620 394 620 158 621 394 621 160 621 394 622 395 622 160 622 160 623 395 623 396 623 160 624 396 624 162 624 162 625 396 625 397 625 162 626 397 626 164 626 164 627 397 627 398 627 164 628 398 628 166 628 166 629 398 629 399 629 166 630 399 630 168 630 168 631 399 631 400 631 168 632 400 632 170 632 170 633 400 633 401 633 170 634 401 634 172 634 172 635 401 635 402 635 172 636 402 636 174 636 174 637 402 637 403 637 174 638 403 638 176 638 176 639 403 639 404 639 176 640 404 640 178 640 178 641 404 641 405 641 178 642 405 642 180 642 180 643 405 643 406 643 180 644 406 644 182 644 182 645 406 645 407 645 182 646 407 646 184 646 184 647 407 647 408 647 184 648 408 648 186 648 186 649 408 649 409 649 186 650 409 650 188 650 188 651 409 651 410 651 188 652 410 652 190 652 190 653 410 653 411 653 190 654 411 654 192 654 192 655 411 655 412 655 192 656 412 656 194 656 194 657 412 657 413 657 194 658 413 658 196 658 196 659 413 659 414 659 196 660 414 660 198 660 414 661 415 661 198 661 198 662 415 662 416 662 198 663 416 663 200 663 200 664 416 664 417 664 200 665 417 665 202 665 202 666 417 666 418 666 202 667 418 667 204 667 204 668 418 668 419 668 204 669 419 669 346 669 282 670 280 670 381 670 381 671 380 671 282 671 282 672 380 672 379 672 282 673 379 673 284 673 379 674 378 674 284 674 284 675 378 675 377 675 284 676 377 676 286 676 377 677 376 677 286 677 286 678 376 678 375 678 286 679 375 679 291 679 375 680 374 680 291 680 291 681 374 681 373 681 291 682 373 682 292 682 373 683 372 683 292 683 292 684 372 684 371 684 292 685 371 685 294 685 371 686 370 686 294 686 294 687 370 687 369 687 294 688 369 688 296 688 369 689 368 689 296 689 296 690 368 690 367 690 296 691 367 691 330 691 367 692 366 692 330 692 330 693 366 693 365 693 330 694 365 694 331 694 365 695 364 695 331 695 331 696 364 696 363 696 331 697 363 697 333 697 363 698 362 698 333 698 333 699 362 699 361 699 333 700 361 700 335 700 361 701 360 701 335 701 335 702 360 702 359 702 335 703 359 703 337 703 359 704 358 704 337 704 337 705 358 705 357 705 337 706 357 706 339 706 357 707 356 707 339 707 339 708 356 708 355 708 339 709 355 709 340 709 355 710 354 710 340 710 340 711 354 711 353 711 340 712 353 712 342 712 353 713 352 713 342 713 342 714 352 714 351 714 342 715 351 715 344 715 351 716 350 716 344 716 344 717 350 717 349 717 344 718 349 718 345 718 349 719 348 719 345 719 345 720 348 720 347 720 345 721 347 721 288 721 288 722 347 722 346 722 288 723 346 723 307 723 307 724 346 724 419 724 307 725 419 725 308 725 419 726 418 726 308 726 308 727 418 727 417 727 308 728 417 728 310 728 417 729 416 729 310 729 310 730 416 730 415 730 310 731 415 731 312 731 415 732 414 732 312 732 312 733 414 733 413 733 312 734 413 734 321 734 413 735 412 735 321 735 321 736 412 736 411 736 321 737 411 737 322 737 411 738 410 738 322 738 322 739 410 739 409 739 322 740 409 740 324 740 409 741 408 741 324 741 324 742 408 742 407 742 324 743 407 743 326 743 407 744 406 744 326 744 326 745 406 745 405 745 326 746 405 746 328 746 405 747 404 747 328 747 328 748 404 748 403 748 328 749 403 749 329 749 403 750 402 750 329 750 329 751 402 751 401 751 329 752 401 752 315 752 401 753 400 753 315 753 315 754 400 754 399 754 315 755 399 755 317 755 399 756 398 756 317 756 317 757 398 757 397 757 317 758 397 758 319 758 397 759 396 759 319 759 319 760 396 760 395 760 319 761 395 761 320 761 395 762 394 762 320 762 320 763 394 763 393 763 320 764 393 764 299 764 393 765 392 765 299 765 299 766 392 766 391 766 299 767 391 767 301 767 391 768 390 768 301 768 301 769 390 769 389 769 301 770 389 770 303 770 389 771 388 771 303 771 303 772 388 772 387 772 303 773 387 773 305 773 387 774 386 774 305 774 305 775 386 775 385 775 305 776 385 776 306 776 385 777 384 777 306 777 306 778 384 778 383 778 306 779 383 779 280 779 280 780 383 780 382 780 280 781 382 781 381 781 289 782 1 782 290 782 290 783 1 783 53 783 290 784 53 784 343 784 343 785 53 785 55 785 343 786 55 786 341 786 341 787 55 787 26 787 341 788 26 788 338 788 338 789 26 789 28 789 338 790 28 790 336 790 336 791 28 791 30 791 336 792 30 792 334 792 334 793 30 793 32 793 334 794 32 794 332 794 332 795 32 795 3 795 332 796 3 796 297 796 297 797 3 797 5 797 297 798 5 798 295 798 295 799 5 799 7 799 295 800 7 800 293 800 293 801 7 801 9 801 293 802 9 802 287 802 287 803 9 803 60 803 287 804 60 804 285 804 285 805 60 805 62 805 285 806 62 806 283 806 283 807 62 807 64 807 283 808 64 808 281 808 281 809 64 809 42 809 281 810 42 810 279 810 279 811 42 811 44 811 279 812 44 812 304 812 304 813 44 813 46 813 304 814 46 814 302 814 302 815 46 815 48 815 302 816 48 816 300 816 300 817 48 817 35 817 300 818 35 818 298 818 298 819 35 819 37 819 298 820 37 820 318 820 318 821 37 821 39 821 318 822 39 822 316 822 316 823 39 823 17 823 316 824 17 824 314 824 314 825 17 825 19 825 314 826 19 826 327 826 327 827 19 827 21 827 327 828 21 828 325 828 325 829 21 829 23 829 325 830 23 830 323 830 323 831 23 831 10 831 323 832 10 832 313 832 313 833 10 833 12 833 313 834 12 834 311 834 311 835 12 835 14 835 311 836 14 836 309 836 309 837 14 837 2 837 309 838 2 838 289 838 289 839 2 839 1 839</p>
        </triangles>
      </mesh>
    </geometry>
    <geometry id="tail_pipe_assem_-_tptp_bearing-3_via_unit_needle_pulley-1_001-mesh" name="tail_pipe_assem - tptp_bearing-3 via_unit_needle_pulley-1.001">
      <mesh>
        <source id="tail_pipe_assem_-_tptp_bearing-3_via_unit_needle_pulley-1_001-mesh-positions">
          <float_array id="tail_pipe_assem_-_tptp_bearing-3_via_unit_needle_pulley-1_001-mesh-positions-array" count="1260">6.194477 15.18666 42.87086 7.055211 15.6836 43.26619 7.114535 15.71785 42.40395 10.43086 17.63254 47.14874 10.82721 17.86137 48.13722 11.17734 18.06352 47.07684 11.55269 18.28022 48.00511 11.89298 18.47669 46.82133 12.24839 18.68189 47.73333 12.54432 18.85275 46.39415 8.199496 16.34426 40.17786 7.305978 15.82838 39.79662 7.700373 16.05609 40.82282 6.86138 15.5717 40.47164 7.332994 15.84398 41.5766 6.521973 15.37574 41.2237 6.29752 15.24615 42.03119 10.97875 17.94886 39.18556 10.57588 17.71627 38.15045 10.22991 17.51652 39.16384 9.843321 17.29332 38.21104 9.494543 17.09195 39.32851 9.130162 16.88158 38.41371 8.807021 16.69501 39.67187 8.456924 16.49288 38.75264 7.842975 16.13842 39.21807 7.822161 16.1264 45.66217 7.480039 15.92888 46.71309 8.352876 16.43281 46.27258 8.045226 16.25519 47.25465 8.984823 16.79767 46.73698 8.681545 16.62257 47.67813 9.688452 17.20391 47.03366 9.370692 17.02045 47.97134 10.09284 17.43738 48.12586 12.96251 19.09419 40.31601 13.28303 19.27924 39.30227 12.37776 18.75658 39.77544 12.68011 18.93114 38.818 11.70603 18.36876 39.39265 12.01498 18.54713 38.45836 11.30678 18.13825 38.23369 13.97107 19.67648 43.46678 14.84615 20.18171 43.00476 13.94931 19.66392 42.6022 14.76263 20.13349 42.1622 13.7671 19.55872 41.76322 14.55701 20.01477 41.34806 13.43296 19.3658 40.9891 14.23518 19.82896 40.58576 13.80641 19.58141 39.89722 6.189551 15.18381 43.29523 6.21581 15.19898 43.71856 7.157796 15.74283 44.12299 6.360906 15.28275 44.54991 7.417494 15.89277 44.93429 6.625589 15.43556 45.34098 7.002245 15.65302 46.06902 12.89431 19.05481 47.3297 13.47187 19.38826 46.80582 13.10091 19.17409 45.81528 13.96444 19.67265 46.17678 13.53672 19.4257 45.11178 14.35786 19.89979 45.46065 13.83136 19.59582 44.31656 14.64081 20.06315 44.67805 14.80515 20.15803 43.8515 7.773066 12.63396 44.13779 8.773067 10.90191 44.13779 7.791573 12.64464 44.23847 8.791573 10.91259 44.23847 7.978696 12.75268 44.95193 8.978697 11.02063 44.95193 8.046343 12.79173 45.14236 9.046343 11.05968 45.14236 8.300526 12.93848 45.71424 9.300526 11.20643 45.71424 8.444655 13.0217 45.97424 9.444655 11.28965 45.97424 8.729295 13.18603 46.40277 9.729295 11.45398 46.40277 8.97211 13.32622 46.70405 9.97211 11.59417 46.70405 9.252671 13.48821 46.99773 10.25267 11.75616 46.99773 9.609647 13.69431 47.3054 10.60965 11.96226 47.3054 9.855596 13.83631 47.48199 10.8556 12.10425 47.48199 10.33422 14.11264 47.75657 11.33422 12.38059 47.75657 10.52072 14.22032 47.84164 11.52072 12.48827 47.84164 11.11965 14.56611 48.04125 12.11965 12.83406 48.04125 11.22892 14.6292 48.06631 12.22892 12.89715 48.06631 11.93754 15.03831 48.14914 12.93754 13.30626 48.14914 11.95982 15.05118 48.14955 12.95982 13.31913 48.14955 12.69238 15.47412 48.08896 13.69238 13.74207 48.08896 12.75833 15.5122 48.07635 13.75833 13.78015 48.07635 13.40554 15.88587 47.88629 14.40554 14.15382 47.88629 13.55236 15.97063 47.82551 14.55236 14.23858 47.82551 14.07878 16.27456 47.54736 15.07878 14.54251 47.54736 14.29093 16.39705 47.40568 15.29093 14.66499 47.40568 14.69273 16.62903 47.08193 15.69273 14.89697 47.08193 14.94734 16.77603 46.83204 15.94734 15.04398 46.83204 15.22972 16.93906 46.50338 16.22973 15.20701 46.50338 15.49787 17.09388 46.12533 16.49788 15.36183 46.12533 15.67432 17.19575 45.82836 16.67432 15.4637 45.82836 15.92263 17.33911 45.31107 16.92263 15.60706 45.31107 16.01373 17.39171 45.07629 17.01373 15.65965 45.07629 16.20626 17.50286 44.41872 17.20626 15.77081 44.41872 16.23818 17.52129 44.26881 17.23818 15.78924 44.26881 16.33851 17.57922 43.4805 17.33851 15.84717 43.4805 16.34123 17.58079 43.42914 17.34123 15.84873 43.42914 16.31989 17.56847 42.58143 17.31989 15.83642 42.58143 16.3146 17.56541 42.53034 17.3146 15.83336 42.53034 16.1748 17.4847 41.75009 17.1748 15.75265 41.75009 16.13539 17.46195 41.60258 17.13539 15.72989 41.60258 15.91011 17.33188 40.95902 16.91011 15.59983 40.95902 15.80736 17.27256 40.73074 16.80736 15.54051 40.73074 15.53346 17.11442 40.23097 16.53346 15.38237 40.23097 15.34237 17.0041 39.94635 16.34238 15.27205 39.94635 15.05566 16.83857 39.58691 16.05566 15.10651 39.58691 14.75723 16.66626 39.27774 15.75723 14.93421 39.27774 14.49048 16.51226 39.04535 15.49048 14.7802 39.04535 14.07307 16.27127 38.74908 15.07307 14.53922 38.74908 13.85416 16.14488 38.62187 14.85416 14.41283 38.62187 13.31464 15.83339 38.37948 14.31464 14.10133 38.37948 13.16501 15.747 38.32865 14.16501 14.01495 38.32865 12.50933 15.36844 38.18231 13.50933 13.63639 38.18231 12.44286 15.33006 38.17414 13.44286 13.59801 38.17414 11.70849 14.90607 38.16278 12.70849 13.17402 38.16278 11.68627 14.89324 38.16468 12.68627 13.16119 38.16468 10.98301 14.48722 38.29488 11.98301 12.75517 38.29488 10.87518 14.42496 38.32723 11.87518 12.69291 38.32723 10.28731 14.08555 38.56666 11.28731 12.3535 38.56666 10.1054 13.98053 38.66409 11.1054 12.24848 38.66409 9.641389 13.71263 38.9703 10.64139 11.98058 38.9703 9.404736 13.576 39.16308 10.40474 11.84395 39.16308 9.063836 13.37918 39.49417 10.06383 11.64713 39.49417 8.798517 13.226 39.80617 9.798517 11.49395 39.80617 8.571263 13.09479 40.12322 9.571263 11.36274 40.12322 8.308653 12.94318 40.57012 9.308653 11.21113 40.57012 8.177844 12.86765 40.83935 9.177844 11.1356 40.83935 7.952849 12.73775 41.4273 8.95285 11.0057 41.4273 7.894893 12.70429 41.62194 8.894894 10.97224 41.62194 7.743966 12.61715 42.34675 8.743966 10.8851 42.34675 7.730553 12.60941 42.4485 8.730554 10.87736 42.4485 7.689551 12.58574 43.29523 8.689552 10.85369 43.29523 5.647465 13.13879 42.78712 5.694364 13.16587 42.23805 5.78142 13.21613 41.69555 5.908006 13.28921 41.16352 6.073209 13.38459 40.64582 6.27584 13.50158 40.14615 6.514439 13.63934 39.66813 6.787286 13.79687 39.21519 7.092416 13.97303 38.7906 7.42763 14.16657 38.39743 7.790513 14.37608 38.03849 8.17845 14.60006 37.71639 8.588646 14.83688 37.43343 9.018146 15.08485 37.19166 9.463855 15.34218 36.99282 9.922562 15.60702 36.83835 10.39096 15.87745 36.72935 10.86568 16.15153 36.66661 11.34329 16.42728 36.65058 11.82037 16.70272 36.68138 12.29346 16.97586 36.75879 12.75916 17.24473 36.88225 13.21412 17.5074 37.05087 13.65505 17.76197 37.26343 14.07878 18.00662 37.5184 14.48226 18.23957 37.81395 14.86258 18.45914 38.14795 15.21701 18.66377 38.51799 15.54297 18.85197 38.92139 15.83814 19.02238 39.35527 16.10037 19.17378 39.81649 16.32779 19.30508 40.30172 16.51875 19.41533 40.80748 16.67188 19.50374 41.33012 16.78607 19.56967 41.86587 16.8605 19.61264 42.41086 16.89464 19.63235 42.96119 16.88824 19.62866 43.51288 16.84134 19.60158 44.06195 16.75428 19.55132 44.60445 16.6277 19.47823 45.13647 16.46249 19.38285 45.65418 16.25986 19.26586 46.15385 16.02126 19.12811 46.63187 15.74842 18.97058 47.08481 15.44329 18.79441 47.50939 15.10807 18.60088 47.90257 14.74519 18.39137 48.2615 14.35725 18.16739 48.58361 13.94706 17.93056 48.86656 13.51756 17.68259 49.10833 13.07185 17.42526 49.30717 12.61314 17.16043 49.46165 12.14474 16.88999 49.57065 11.67002 16.61592 49.63339 11.19241 16.34016 49.64941 10.71533 16.06473 49.61861 10.24224 15.79159 49.54121 9.776543 15.52271 49.41775 9.321587 15.26005 49.24913 8.880653 15.00547 49.03657 8.456919 14.76083 48.7816 8.053439 14.52788 48.48604 7.673117 14.3083 48.15205 7.318696 14.10368 47.78201 6.992728 13.91548 47.3786 6.697564 13.74507 46.94473 6.435328 13.59366 46.48351 6.20791 13.46236 45.99827 6.01695 13.35211 45.49251 5.863822 13.26371 44.96988 5.749631 13.19778 44.43413 5.675199 13.1548 43.88913 5.641061 13.13509 43.3388 17.94931 12.73571 42.6022 18.84615 13.2535 43.00476 17.97107 12.74827 43.46678 18.80515 13.22983 43.8515 17.83136 12.66761 44.31656 18.64081 13.13495 44.67805 17.53672 12.4975 45.11178 18.35786 12.97159 45.46065 17.10091 12.24589 45.81528 10.21581 8.270773 43.71856 11.05521 8.755401 43.26619 11.1578 8.814629 44.12299 17.96444 12.74445 46.17678 17.47187 12.46006 46.80582 16.54432 11.92454 46.39415 16.89431 12.12661 47.3297 15.89298 11.54849 46.82133 16.24839 11.75369 47.73333 15.17734 11.13531 47.07684 16.37776 11.82837 39.77544 17.28303 12.35103 39.30227 16.96252 12.16598 40.31601 17.80641 12.65321 39.89722 17.43296 12.4376 40.9891 18.23518 12.90076 40.58576 17.76711 12.63051 41.76322 18.55701 13.08656 41.34806 18.76264 13.20528 42.1622 10.18955 8.255612 43.29523 10.19448 8.258456 42.87086 11.11454 8.789651 42.40395 10.29752 8.317948 42.03119 11.33299 8.91578 41.5766 10.52197 8.447536 41.2237 11.70037 9.127885 40.82282 14.22991 10.58832 39.16384 14.57588 10.78806 38.15045 14.97875 11.02066 39.18556 15.30678 11.21004 38.23369 15.70603 11.44055 39.39265 16.01498 11.61892 38.45836 16.68011 12.00294 38.818 10.86138 8.643493 40.47164 11.30598 8.900181 39.79662 12.1995 9.416053 40.17786 11.84298 9.210217 39.21807 12.80702 9.766809 39.67187 12.45692 9.564681 38.75264 13.49454 10.16375 39.32851 13.13016 9.953374 38.41371 13.84332 10.36512 38.21104 15.55269 11.35202 48.00511 14.82721 10.93317 48.13722 14.43086 10.70433 47.14874 14.09284 10.50918 48.12586 13.68845 10.2757 47.03366 13.37069 10.09224 47.97134 12.98482 9.869462 46.73698 12.68154 9.694365 47.67813 12.35288 9.504609 46.27258 12.04523 9.326986 47.25465 11.48004 9.000676 46.71309 11.82216 9.1982 45.66217 11.00224 8.724822 46.06902 11.41749 8.964566 44.93429 10.62559 8.507359 45.34098 10.36091 8.354544 44.54991 8.175199 8.824676 43.88913 8.249631 8.86765 44.43413 8.363823 8.933578 44.96988 8.51695 9.021986 45.49251 8.707911 9.132237 45.99827 8.935328 9.263537 46.48351 9.197564 9.414938 46.94473 9.492729 9.585352 47.3786 9.818696 9.77355 47.78201 10.17312 9.978175 48.15205 10.55344 10.19775 48.48604 10.95692 10.4307 48.7816 11.38065 10.67535 49.03657 11.82159 10.92992 49.24913 12.27654 11.19259 49.41775 12.74224 11.46146 49.54121 13.21534 11.7346 49.61861 13.69241 12.01004 49.64941 14.17002 12.28579 49.63339 14.64474 12.55987 49.57065 15.11314 12.8303 49.46165 15.57185 13.09513 49.30717 16.01756 13.35246 49.10833 16.44706 13.60044 48.86656 16.85725 13.83726 48.58361 17.24519 14.06124 48.2615 17.60807 14.27075 47.90257 17.94329 14.46428 47.50939 18.24842 14.64045 47.08481 18.52126 14.79798 46.63187 18.75986 14.93573 46.15385 18.96249 15.05272 45.65418 19.1277 15.1481 45.13647 19.25428 15.22119 44.60445 19.34134 15.27145 44.06195 19.38824 15.29853 43.51288 19.39464 15.30222 42.96119 19.3605 15.28251 42.41086 19.28607 15.23954 41.86587 19.17188 15.17361 41.33012 19.01875 15.0852 40.80748 18.82779 14.97495 40.30172 18.60037 14.84365 39.81649 18.33814 14.69225 39.35527 18.04298 14.52184 38.92139 17.71701 14.33364 38.51799 17.36259 14.12902 38.14795 16.98226 13.90944 37.81395 16.57878 13.67649 37.5184 16.15505 13.43184 37.26343 15.71412 13.17727 37.05087 15.25916 12.9146 36.88225 14.79346 12.64573 36.75879 14.32037 12.37259 36.68138 13.84329 12.09715 36.65058 13.36568 11.8214 36.66661 12.89096 11.54732 36.72935 12.42256 11.27689 36.83835 11.96385 11.01206 36.99282 11.51815 10.75473 37.19166 11.08865 10.50675 37.43343 10.67845 10.26993 37.71639 10.29051 10.04595 38.03849 9.927631 9.836442 38.39743 9.592416 9.642907 38.7906 9.287287 9.46674 39.21519 9.01444 9.309212 39.66813 8.775841 9.171457 40.14615 8.57321 9.054468 40.64582 8.408006 8.959088 41.16352 8.28142 8.886003 41.69555 8.194365 8.835741 42.23805 8.147465 8.808664 42.78712 8.141061 8.804966 43.3388</float_array>
          <technique_common>
            <accessor source="#tail_pipe_assem_-_tptp_bearing-3_via_unit_needle_pulley-1_001-mesh-positions-array" count="420" stride="3">
              <param name="X" type="float"/>
              <param name="Y" type="float"/>
              <param name="Z" type="float"/>
            </accessor>
          </technique_common>
        </source>
        <source id="tail_pipe_assem_-_tptp_bearing-3_via_unit_needle_pulley-1_001-mesh-normals">
          <float_array id="tail_pipe_assem_-_tptp_bearing-3_via_unit_needle_pulley-1_001-mesh-normals-array" count="2517">-0.5000043 0.866023 2.69689e-6 -0.4999992 0.8660259 -2.15535e-6 -0.5000004 0.8660252 2.28459e-6 -0.4999947 0.8660284 -1.08641e-6 -0.5000002 0.8660254 2.25942e-6 -0.5000016 0.8660245 -2.21467e-6 -0.5000022 0.8660243 0 -0.5000009 0.8660249 1.14317e-6 -0.5000007 0.866025 -1.08467e-6 -0.4999994 0.8660258 1.13181e-6 -0.500001 0.866025 0 -0.4999987 0.8660262 1.11099e-6 -0.4999981 0.8660266 -1.99512e-6 -0.4999998 0.8660256 -1.07767e-6 -0.5000038 0.8660233 -2.28969e-6 -0.5000004 0.8660252 -3.24171e-6 -0.4999982 0.8660265 -2.27445e-6 -0.5000027 0.866024 3.28585e-6 -0.5000017 0.8660246 2.23969e-6 -0.4999986 0.8660264 1.12277e-6 -0.5000016 0.8660246 -2.18727e-6 -0.4999964 0.8660276 0 -0.500001 0.8660249 0 -0.4999991 0.8660259 -2.28889e-6 -0.5000027 0.866024 0 -0.500001 0.866025 2.27114e-6 -0.500003 0.8660238 0 -0.5000004 0.8660253 4.46812e-6 -0.5000034 0.8660236 0 -0.4999959 0.8660278 2.1796e-6 -0.4999962 0.8660277 -2.2897e-6 -0.5000013 0.8660247 0 -0.4999997 0.8660257 -2.28252e-6 -0.5000004 0.8660252 0 -0.500001 0.8660249 -2.25492e-6 -0.4999986 0.8660263 4.44348e-6 -0.5000002 0.8660253 -4.4177e-6 -0.4999966 0.8660274 2.28459e-6 -0.4999993 0.8660258 -4.30926e-6 -0.4999999 0.8660255 -2.28777e-6 -0.500001 0.8660248 8.66493e-6 -0.4999994 0.8660258 -4.53508e-6 -0.4999995 0.8660257 0 -0.4999976 0.8660268 -2.22816e-6 -0.499998 0.8660267 0 -0.5000012 0.8660249 4.34336e-6 -0.4999988 0.8660261 -2.29017e-6 -0.499991 0.8660306 -4.49818e-6 -0.5000056 0.8660222 2.24906e-6 -0.499998 0.8660266 -2.15753e-6 -0.5000012 0.8660247 5.70035e-7 -0.5000021 0.8660243 0 -0.4999976 0.8660268 0 -0.5000016 0.8660246 0 -0.499999 0.866026 1.10096e-6 -0.4999999 0.8660255 0 -0.4999981 0.8660265 -1.10777e-6 -0.5000014 0.8660247 -4.56503e-6 -0.4999992 0.8660259 2.15626e-6 -0.4999992 0.8660258 2.29017e-6 -0.5000051 0.8660225 -2.15914e-6 -0.5000011 0.8660249 -1.13872e-6 -0.4999983 0.8660264 -2.18556e-6 -0.499996 0.8660278 -3.36757e-6 -0.5 0.8660256 0 -0.5000023 0.8660241 1.09736e-6 -0.5000001 0.8660254 2.0018e-6 -0.8471578 -0.4890913 0.2076382 -0.8471488 -0.4891083 0.2076346 -0.8288472 -0.4785398 0.2898486 -0.8288521 -0.4785324 0.2898466 -0.8012442 -0.4625892 0.3794984 -0.801231 -0.4626033 0.3795092 -0.7704778 -0.4448332 0.4566044 -0.7704724 -0.444837 0.4566097 -0.7294051 -0.4211181 0.5390991 -0.7294089 -0.4211149 0.5390965 -0.6871784 -0.3967419 0.60859 -0.6871792 -0.3967404 0.6085901 -0.6339706 -0.3660221 0.6812556 -0.6339738 -0.3660206 0.6812534 -0.5816366 -0.3358172 0.7408952 -0.5816462 -0.3358146 0.7408888 -0.5180158 -0.2990821 0.8013798 -0.5180324 -0.2990788 0.8013703 -0.4572991 -0.2640221 0.8492172 -0.4573073 -0.264021 0.8492131 -0.3853263 -0.222467 0.8955625 -0.3853126 -0.2224689 0.8955679 -0.3181618 -0.1836943 0.9300697 -0.3181831 -0.1836935 0.9300626 -0.2401567 -0.1386534 0.960781 -0.2401469 -0.1386539 0.9607833 -0.168724 -0.09740918 0.9808383 -0.1687104 -0.09741097 0.9808404 -0.08722013 -0.05035656 0.9949156 -0.08721792 -0.05035662 0.9949157 -0.01393699 -0.008006334 0.9998709 -0.01387637 -0.008006155 0.9998717 0.06187647 0.03572201 0.9974444 0.06186765 0.03572207 0.997445 0.1415399 0.08171635 0.9865541 0.1415854 0.08171516 0.9865477 0.2134597 0.1232352 0.9691481 0.2134408 0.1232358 0.9691522 0.2922999 0.1687397 0.9413224 0.2922607 0.1687399 0.9413345 0.3603485 0.2080481 0.9093212 0.3603427 0.2080492 0.9093232 0.4335711 0.2503238 0.8656526 0.4335759 0.2503247 0.8656498 0.495589 0.2861268 0.8200751 0.4955878 0.2861281 0.8200754 0.5608437 0.3238139 0.7619705 0.5608553 0.3238127 0.7619624 0.6148033 0.3549481 0.7042932 0.6147931 0.3549529 0.7042996 0.6699852 0.3868188 0.6336332 0.6699908 0.3868192 0.633627 0.7141127 0.412294 0.5657356 0.7141135 0.4122934 0.5657351 0.7574498 0.4373157 0.4847934 0.7574546 0.4373125 0.484789 0.7903261 0.4562993 0.4088714 0.7903237 0.4562965 0.4088789 0.8204084 0.4736613 0.3202736 0.820407 0.4736629 0.3202747 0.8409579 0.4855586 0.2387945 0.840984 0.4855296 0.2387613 0.8568216 0.494689 0.1453945 0.8568242 0.4946843 0.1453953 0.8644129 0.4990761 0.06093883 0.8643969 0.4991009 0.06096112 0.8656621 0.4997855 -0.02904653 0.865659 0.4997906 -0.02904862 0.8599016 0.4964449 -0.1187924 0.859911 0.4964269 -0.118801 0.8480635 0.4896327 -0.2026032 0.848064 0.4896321 -0.202603 0.8275573 0.477779 -0.2947478 0.8275568 0.4777777 -0.2947515 0.802914 0.4635652 -0.3747485 0.8029173 0.4635631 -0.3747441 0.7684434 0.4436424 -0.4611684 0.7684261 0.4436607 -0.4611795 0.7317991 0.4224994 -0.5347564 0.7317905 0.4225017 -0.5347664 0.6844589 0.3951702 -0.6126636 0.6844581 0.395169 -0.6126652 0.6369948 0.3677709 -0.6774823 0.6369917 0.3677684 -0.6774866 0.5783408 0.3339024 -0.7443327 0.5783436 0.3339033 -0.7443301 0.5215699 0.3011422 -0.7982971 0.5215954 0.3011369 -0.7982825 0.4535098 0.2618374 -0.8519214 0.4535206 0.2618348 -0.8519165 0.3893048 0.2247669 -0.8932645 0.3893051 0.2247661 -0.8932647 0.3140109 0.1812955 -0.9319491 0.314022 0.1812946 -0.9319455 0.2443921 0.1411217 -0.9593526 0.2444382 0.14112 -0.9593411 0.1643466 0.0948894 -0.981828 0.1643629 0.09488946 -0.9818254 0.09162747 0.05293041 -0.9943857 0.09172636 0.05292868 -0.9943766 0.0116052 0.006699979 -0.9999103 0.0116052 0.006699979 -0.9999102 -0.06404769 -0.03699046 -0.9972611 -0.06431853 -0.03698909 -0.9972438 -0.1371062 -0.07915878 -0.9873884 -0.1371049 -0.07915872 -0.9873886 -0.2177703 -0.125728 -0.9678682 -0.2177862 -0.1257275 -0.9678646 -0.2880662 -0.1663179 -0.9430568 -0.2880727 -0.1663172 -0.943055 -0.3643932 -0.2103852 -0.9071691 -0.3643915 -0.2103843 -0.90717 -0.4297112 -0.2480933 -0.8682155 -0.4297114 -0.2480916 -0.8682159 -0.4992251 -0.2882365 -0.8171255 -0.4992378 -0.2882335 -0.8171187 -0.5574523 -0.3218444 -0.7652863 -0.5574539 -0.3218437 -0.7652855 -0.617923 -0.3567605 -0.7006377 -0.617922 -0.3567624 -0.7006376 -0.6671666 -0.3851779 -0.6375945 -0.6671466 -0.3851872 -0.6376098 -0.7166344 -0.4137399 -0.5614753 -0.7166221 -0.4137476 -0.5614854 -0.7552837 -0.4360595 -0.4892841 -0.7552708 -0.4360685 -0.4892958 -0.7921398 -0.4573408 -0.4041705 -0.7921388 -0.457342 -0.4041715 -0.8189697 -0.4728332 -0.3251423 -0.8189727 -0.4728321 -0.3251364 -0.8420264 -0.486145 -0.2337835 -0.8420293 -0.4861408 -0.2337818 -0.8561584 -0.4943162 -0.15048 -0.8561732 -0.4942949 -0.1504662 -0.8646737 -0.4992223 -0.05582785 -0.8646758 -0.4992185 -0.05582815 -0.8604096 -0.4967545 0.1137125 -0.8604081 -0.4967569 0.1137126 -0.2520999 -0.9669052 -0.03924214 -0.2562941 -0.9641017 -0.06943559 -0.251878 -0.9618928 -0.106395 -0.2500599 -0.9595938 -0.1290343 -0.2375742 -0.9573289 -0.16456 -0.2373609 -0.9531711 -0.1874158 -0.2256537 -0.946686 -0.2299264 -0.2228662 -0.9435712 -0.2449572 -0.2038501 -0.9366191 -0.2849383 -0.201434 -0.9324277 -0.300005 -0.1807221 -0.9206415 -0.3460621 -0.17846 -0.9181849 -0.3536786 -0.151976 -0.9053801 -0.3964723 -0.1495517 -0.9024696 -0.4039592 -0.1185397 -0.8845925 -0.4510481 -0.118219 -0.8842351 -0.4518324 -0.08357477 -0.8645541 -0.4955418 -0.08318817 -0.864157 -0.4962987 -0.04112011 -0.8396976 -0.5414954 -0.04400932 -0.8427945 -0.5364333 -8.29696e-4 -0.8153893 -0.5789124 -0.004268288 -0.8185964 -0.5743533 0.04907429 -0.7873814 -0.6145099 0.04184192 -0.7951989 -0.6049033 0.09362554 -0.7594149 -0.6438348 0.08493572 -0.7670921 -0.6358897 0.1326021 -0.7395723 -0.659886 0.1521564 -0.7320117 -0.6640839 0.1811966 -0.7104747 -0.6799953 0.1995387 -0.7012581 -0.6844132 0.2323598 -0.6819738 -0.6934845 0.2591277 -0.6714566 -0.6942613 0.2835859 -0.6521201 -0.7030779 0.3083504 -0.6385062 -0.7051454 0.3355848 -0.6223752 -0.7071294 0.3638153 -0.6113077 -0.7028096 0.3876019 -0.5923454 -0.7063227 0.4183384 -0.5749474 -0.7031561 0.4391096 -0.5618767 -0.7010546 0.4709242 -0.5485808 -0.6908615 0.4904818 -0.5329479 -0.6894884 0.5263691 -0.5125288 -0.6784172 0.5403845 -0.5029374 -0.6745655 0.5760332 -0.486666 -0.6567662 0.5894236 -0.4758247 -0.6528176 0.6288188 -0.453284 -0.63176 0.6364252 -0.4475954 -0.628189 0.6742876 -0.4286646 -0.6013177 0.6815696 -0.4226229 -0.5973716 0.7223876 -0.3991253 -0.5646727 0.7242726 -0.3975617 -0.5633595 0.7624912 -0.3764145 -0.5262312 0.7642787 -0.3748735 -0.5247361 0.8040394 -0.351792 -0.4793361 0.8012412 -0.3543873 -0.4821017 0.8377337 -0.3315979 -0.4338723 0.8351706 -0.3339415 -0.4370049 0.8711546 -0.3128169 -0.3784644 0.8650047 -0.3194034 -0.3869733 0.8975343 -0.2956368 -0.3271559 0.892201 -0.3010154 -0.3367006 0.9149888 -0.2878612 -0.2827219 0.9204916 -0.288104 -0.2639913 0.9340423 -0.275721 -0.227031 0.9387412 -0.2744587 -0.2084163 0.9482886 -0.2686353 -0.1690676 0.9519224 -0.2711738 -0.1425084 0.9587242 -0.2620852 -0.1102695 0.9615876 -0.2613211 -0.08402878 0.964477 -0.259287 -0.05054122 0.964107 -0.264728 -0.02041786 0.9659873 -0.2584158 0.009484648 0.9647923 -0.2594596 0.04308855 0.9632475 -0.2594737 0.06948071 0.9580826 -0.2676169 0.1022691 0.9557876 -0.2643059 0.1288895 0.9482292 -0.2689859 0.1688432 0.9444809 -0.2696936 0.1876736 0.9328146 -0.2809884 0.2256158 0.9282581 -0.2801977 0.2445942 0.9124287 -0.2895716 0.2891749 0.9085134 -0.2904201 0.3004324 0.8887503 -0.3051677 0.3420461 0.8841931 -0.3056396 0.3532524 0.8585571 -0.3205416 0.400166 0.8564501 -0.3210252 0.4042725 0.8272361 -0.339371 0.447781 0.8248538 -0.3398993 0.4517574 0.7883309 -0.3609148 0.4982719 0.7899239 -0.3605535 0.4960054 0.7501881 -0.382489 0.5393703 0.7519545 -0.3819876 0.5372615 0.703994 -0.4093897 0.5803383 0.7110403 -0.4077816 0.5728316 0.660002 -0.4331478 0.6138244 0.667592 -0.4306923 0.6073098 0.6218571 -0.4570996 0.6358881 0.6086842 -0.4678137 0.6408228 0.5739913 -0.4835332 0.6608554 0.5602262 -0.4929938 0.6656605 0.5249202 -0.5130623 0.6791362 0.50546 -0.5286384 0.681947 0.4742282 -0.5416028 0.6940996 0.4535733 -0.5545952 0.6976357 0.4230638 -0.571873 0.7028359 0.3991494 -0.5909065 0.7010772 0.3711817 -0.6018244 0.7071291 0.3437323 -0.6180612 0.7069997 0.3190587 -0.6316391 0.7065647 0.2942032 -0.6512033 0.6995561 0.2674395 -0.6617219 0.7004287 0.2342611 -0.6812277 0.6935782 0.2156836 -0.6905654 0.6903623 0.1858931 -0.7125319 0.6765664 0.1661651 -0.720196 0.6735777 0.1285019 -0.7421987 0.657745 0.1164865 -0.7476539 0.6537925 0.08271038 -0.7708565 0.6316165 0.07026928 -0.7755591 0.6273519 0.0300132 -0.7989433 0.6006571 0.02452099 -0.8011458 0.5979667 -0.01202148 -0.824253 0.5660941 -0.0174793 -0.8262179 0.5630794 -0.05810499 -0.8496487 0.5241382 -0.05734759 -0.8493949 0.5246328 -0.09526312 -0.8709554 0.4820391 -0.09455215 -0.8707172 0.4826092 -0.1329677 -0.8926691 0.4306524 -0.126643 -0.8909468 0.436091 -0.1642845 -0.9094009 0.3821005 -0.1587404 -0.9077787 0.3882517 -0.1921895 -0.9266083 0.3232031 -0.1812471 -0.9245767 0.3351233 -0.2168011 -0.938291 0.2694574 -0.2082028 -0.9363316 0.2827275 -0.2269412 -0.9471538 0.2267102 -0.2282992 -0.9519727 0.2040284 -0.2425481 -0.9552619 0.1692491 -0.2455021 -0.9582119 0.1468295 -0.2517746 -0.9614914 0.1101994 -0.2491005 -0.965174 0.07992595 -0.2576897 -0.964905 0.05054152 -0.2591997 -0.9657773 -0.009478986 0.2491 0.9651741 -0.07992583 0.2517768 0.9614907 -0.1102008 0.241503 0.9555599 -0.1690617 0.2287046 0.9533975 -0.1967931 0.2269395 0.9471547 -0.2267079 0.2082008 0.9363317 -0.2827287 0.1915002 0.9319161 -0.3079938 0.1854106 0.9231746 -0.3367071 0.1587431 0.9077809 -0.3882454 0.1385508 0.9013476 -0.4103367 0.1283859 0.8902482 -0.4370073 0.09455597 0.8707188 -0.4826056 0.07138133 0.8625663 -0.5008834 0.05749338 0.849322 -0.5247348 0.01747447 0.8262184 -0.563079 -0.008068442 0.8166974 -0.57701 -0.02521198 0.8015713 -0.5973675 -0.07027256 0.7755591 -0.6273516 -0.09751528 0.7650521 -0.6365423 -0.1173681 0.7483662 -0.6528191 -0.1661515 0.7201973 -0.6735796 -0.1944026 0.7091189 -0.6777597 -0.2163056 0.6912448 -0.6894872 -0.2674413 0.6617215 -0.7004283 -0.2959117 0.6505095 -0.699481 -0.319183 0.6318478 -0.706322 -0.3712028 0.6018168 -0.7071245 -0.399142 0.5909101 -0.7010784 -0.4230572 0.5718749 -0.7028384 -0.4744306 0.5422182 -0.6934804 -0.5011281 0.5320289 -0.682507 -0.5249281 0.5130606 -0.6791313 -0.5741862 0.484622 -0.6598877 -0.5989238 0.4755672 -0.6443028 -0.6218582 0.4570972 -0.6358888 -0.6675812 0.4307 -0.6073161 -0.6897337 0.4231368 -0.5875566 -0.7110573 0.4055994 -0.5743576 -0.7519525 0.3819883 -0.5372639 -0.77092 0.3762639 -0.5139142 -0.7899772 0.3600357 -0.4962967 -0.8248571 0.3398975 -0.4517527 -0.8401599 0.3362893 -0.425489 -0.8563372 0.3217207 -0.4039584 -0.8841927 0.3056389 -0.3532536 -0.8954646 0.3043592 -0.3248211 -0.9082247 0.2917642 -0.3000025 -0.9282594 0.2801971 -0.2445897 -0.9352418 0.2813923 -0.2148054 -0.9441514 0.2710239 -0.1874147 -0.9557886 0.2643027 -0.1288887 -0.9583433 0.2680549 -0.09861421 -0.963084 0.2600923 -0.06943601 -0.9659871 0.2584168 -0.009479463 -0.9659876 0.258415 -0.009480595 -0.9644787 0.2592811 0.05053788 -0.964476 0.2592908 0.05054301 -0.9585639 0.2627004 0.1101988 -0.9523668 0.2715058 0.1388598 -0.9482902 0.2686321 0.1690639 -0.9337288 0.2770421 0.2267119 -0.9234613 0.2881932 0.2533065 -0.9149885 0.2878602 0.2827237 -0.8922033 0.3010131 0.3366963 -0.8782173 0.314317 0.3604707 -0.8655319 0.3164137 0.3882486 -0.83517 0.3339446 0.4370037 -0.8179444 0.3491151 0.4572588 -0.8013402 0.3534737 0.4826079 -0.7642869 0.3748672 0.5247286 -0.7443699 0.3915928 0.5408962 -0.7242584 0.3979782 0.5630835 -0.6815797 0.4226175 0.5973639 -0.6596168 0.4405255 0.6089689 -0.6365148 0.4486359 0.6273553 -0.5894168 0.4758298 0.6528199 -0.5661177 0.4945067 0.6595256 -0.540623 0.5039996 0.673581 -0.4904807 0.5329486 0.6894885 -0.4665704 0.5519825 0.691106 -0.4393427 0.5624741 0.7004291 -0.3875842 0.5923541 0.7063251 -0.3638144 0.6113064 0.7028112 -0.3356093 0.622366 0.7071259 -0.2837195 0.6523182 0.7028401 -0.2608386 0.6707627 0.6942915 -0.232368 0.6819709 0.6934846 -0.1818593 0.7111319 0.6791308 -0.1605894 0.7286406 0.6658033 -0.1325952 0.7395745 0.6598849 -0.08493429 0.7670896 0.635893 -0.06594324 0.7832825 0.6181587 -0.03920096 0.7934984 0.6073085 0.004278063 0.8185957 0.5743542 0.02036088 0.8331109 0.5527312 0.04516774 0.842207 0.5372592 0.08318758 0.8641587 0.4962961 0.0958479 0.8766942 0.471403 0.1180716 0.8842934 0.4517569 0.1495447 0.902472 0.4039562 0.1583551 0.9127794 0.3765071 0.177399 0.9185545 0.3532524 0.2014381 0.9324269 0.3000051 0.2060626 0.9403256 0.2707875 0.221471 0.9439933 0.2445963 0.2373647 0.953171 0.1874113 0.2376158 0.9585414 0.1572808 0.2489987 0.9598897 0.1288851 0.2562952 0.9641011 0.0694406 0.2521021 0.9669049 0.03923791 0.2591969 0.965778 0.009478271 0.2576893 0.9649053 -0.05053675 0.5000012 -0.8660248 0 0.4999946 -0.8660286 -2.0018e-6 0.5000019 -0.8660243 0 0.5000004 -0.8660252 2.26754e-6 0.5000038 -0.8660233 2.20181e-6 0.4999967 -0.8660273 -5.57041e-7 0.5000042 -0.866023 -2.26365e-6 0.4999976 -0.8660269 -6.74227e-7 0.4999977 -0.8660269 4.34339e-6 0.4999983 -0.8660264 -2.29017e-6 0.4999994 -0.8660258 0 0.5000002 -0.8660254 -2.28252e-6 0.5 -0.8660255 0 0.5000005 -0.8660252 1.12746e-6 0.500002 -0.8660243 0 0.5000019 -0.8660244 1.6172e-6 0.4999973 -0.8660269 1.14508e-6 0.4999983 -0.8660265 -1.07957e-6 0.4999967 -0.8660274 -2.27744e-6 0.5 -0.8660255 0 0.4999995 -0.8660257 3.36757e-6 0.5000019 -0.8660244 -2.23716e-6 0.4999994 -0.8660258 1.09735e-6 0.4999989 -0.8660261 -8.57914e-7 0.500003 -0.8660237 -2.24906e-6 0.4999922 -0.8660299 4.14676e-6 0.5000026 -0.866024 0 0.4999981 -0.8660266 9.97561e-7 0.5000019 -0.8660244 -2.18092e-6 0.4999968 -0.8660274 -1.12507e-6 0.500002 -0.8660243 0 0.4999973 -0.8660269 0 0.4999973 -0.866027 1.08641e-6 0.5000004 -0.8660252 0 0.4999983 -0.8660265 0 0.5000024 -0.866024 0 0.4999982 -0.8660265 0 0.4999971 -0.8660271 0 0.5000009 -0.8660249 -5.71584e-7 0.5000005 -0.8660252 0 0.4999959 -0.8660278 -1.14444e-6 0.5000031 -0.8660237 0 0.4999997 -0.8660256 -1.13557e-6 0.500002 -0.8660243 2.19598e-6 0.4999996 -0.8660256 -1.11703e-6 0.5000025 -0.8660241 -2.25436e-6 0.5000007 -0.866025 2.17959e-6 0.5000038 -0.8660233 1.14484e-6 0.4999953 -0.8660283 -2.20885e-6 0.4999968 -0.8660274 -2.28459e-6 0.5000008 -0.866025 2.15535e-6 0.4999962 -0.8660277 1.14485e-6 0.4999989 -0.8660261 1.08057e-6 0.499997 -0.8660272 -1.13723e-6 0.5000036 -0.8660234 -5.47642e-7 0.499998 -0.8660266 0 0.4999994 -0.8660258 1.12277e-6 0.5000035 -0.8660235 0 0.4999997 -0.8660258 -2.28889e-6 0.500001 -0.8660249 0 0.4999995 -0.8660258 2.28633e-6 0.4999982 -0.8660265 -2.16934e-6 0.4999998 -0.8660255 5.65908e-7 0.500001 -0.866025 0 0.5000017 -0.8660245 5.55496e-7 0.5000002 -0.8660254 2.85017e-7 -0.9604159 0.2668584 0.07992517 -0.9585641 0.2626996 0.1101993 -0.9525873 0.2664976 0.1468213 -0.9485536 0.2675805 0.169254 -0.9385823 0.2782731 0.204028 -0.93373 0.2770403 0.2267097 -0.9201365 0.2851703 0.2683782 -0.9152995 0.2864489 0.2831498 -0.8977896 0.3005854 0.3219043 -0.8922006 0.3010169 0.3367003 -0.8693585 0.3143768 0.3812912 -0.8657203 0.3153287 0.3887112 -0.8392778 0.3330795 0.4297338 -0.8351698 0.3339437 0.4370048 -0.8018829 0.353182 0.4819196 -0.8013554 0.3533209 0.4826945 -0.764848 0.3747141 0.52402 -0.7642871 0.3748676 0.5247282 -0.7198589 0.4003447 0.5670338 -0.724235 0.3992515 0.5622117 -0.676858 0.4241272 0.6016474 -0.6815786 0.4226195 0.5973636 -0.6259352 0.4543339 0.6338658 -0.636793 0.4517025 0.6248677 -0.5780453 0.4797388 0.6600866 -0.5894249 0.4758238 0.652817 -0.540618 0.5040011 0.6735838 -0.5241259 0.5172543 0.6765649 -0.4902079 0.5320685 0.6903617 -0.4727904 0.5434853 0.6936088 -0.4393494 0.5624698 0.7004284 -0.4168649 0.5803861 0.6995539 -0.3874832 0.5921313 0.7065674 -0.3634049 0.6067464 0.7069623 -0.3355998 0.62237 0.7071269 -0.3121667 0.6411238 0.7010794 -0.2837213 0.6523187 0.7028389 -0.2534671 0.6701502 0.6976053 -0.2319414 0.6814882 0.6941017 -0.2050862 0.7020632 0.6819435 -0.1818642 0.7111285 0.6791331 -0.1468297 0.7316524 0.6656769 -0.1317533 0.738858 0.6608556 -0.1007961 0.761046 0.6408191 -0.08493494 0.7670915 0.6358906 -0.04684215 0.7892876 0.6122344 -0.03830319 0.7929167 0.6081251 -0.004391133 0.815434 0.5788335 0.004278123 0.8185939 0.5743569 0.04330289 0.8411995 0.5389882 0.04554426 0.8420153 0.5375277 0.08104139 0.8634245 0.4979264 0.08318692 0.8641567 0.4962995 0.1206929 0.8856924 0.4483105 0.1172023 0.8846518 0.4512815 0.1526942 0.9034232 0.4006385 0.1495475 0.9024699 0.4039598 0.1828281 0.9213351 0.3430973 0.174497 0.9195555 0.3520916 0.2082604 0.9340725 0.2900626 0.2014343 0.932428 0.3000042 0.2214697 0.9439954 0.2445893 0.22306 0.9483359 0.2256176 0.2386823 0.9527896 0.1876772 0.2411598 0.9556838 0.1688503 0.2489977 0.9598894 0.1288899 0.2472798 0.9635322 0.1022669 0.2569126 0.9639337 0.06948345 0.2577008 0.9652619 0.04312485 0.2591981 0.9657778 0.009480118 0.2527915 0.9673054 -0.02041572 0.2576903 0.9649049 -0.05054199 0.2545101 0.9634112 -0.08404457 0.25239 0.9613219 -0.1102702 0.2411156 0.9599765 -0.1425078 0.2414993 0.9555597 -0.1690675 0.231685 0.9501963 -0.2084442 0.22824 0.9467659 -0.2270262 0.2107383 0.9412219 -0.26399 0.2082009 0.9363339 -0.2827211 0.189961 0.9260339 -0.3261538 0.1866949 0.9227418 -0.3371837 0.1619872 0.9118129 -0.3773027 0.1587494 0.9077784 -0.3882488 0.1306974 0.8916957 -0.4333555 0.1290321 0.8899896 -0.4373435 0.09640109 0.8726302 -0.4787728 0.09455001 0.8707176 -0.4826089 0.05580335 0.8482764 -0.5266054 0.057038 0.8495477 -0.5244192 0.01604968 0.8248742 -0.5650886 0.01747435 0.8262171 -0.5630808 -0.03232938 0.797177 -0.6028795 -0.02703446 0.8026967 -0.5957746 -0.07650077 0.7700297 -0.6334051 -0.07026916 0.7755563 -0.6273553 -0.1173661 0.7483668 -0.6528188 -0.1334514 0.7421921 -0.6567661 -0.1653563 0.719453 -0.67457 -0.1806813 0.7121206 -0.6784089 -0.2163038 0.691244 -0.6894885 -0.2396212 0.6821192 -0.6908655 -0.2670481 0.6612185 -0.7010532 -0.2887945 0.6497644 -0.7031387 -0.3191836 0.6318442 -0.7063249 -0.3474973 0.6207258 -0.7028123 -0.3712003 0.6018196 -0.7071234 -0.3988016 0.586251 -0.7051717 -0.4229574 0.5716541 -0.7030781 -0.4519329 0.5601392 -0.6942628 -0.4744318 0.5422162 -0.6934812 -0.5075276 0.5234359 -0.6844199 -0.5246872 0.5121581 -0.6799981 -0.5578668 0.497776 -0.6640812 -0.574185 0.4846229 -0.6598881 -0.6112029 0.4635131 -0.6415503 -0.6217297 0.4559513 -0.6368364 -0.6575253 0.4389858 -0.6123334 -0.6675921 0.4306944 -0.6073082 -0.7065593 0.4083343 -0.5779595 -0.7110645 0.404773 -0.5749315 -0.7476896 0.3856289 -0.5406022 -0.7519537 0.3819872 -0.5372629 -0.7905309 0.3596934 -0.4956631 -0.7899596 0.3601984 -0.4962065 -0.8253876 0.3394197 -0.4511427 -0.8248543 0.339898 -0.4517574 -0.8603957 0.3191496 -0.3973196 -0.8560299 0.3235946 -0.403112 -0.8880369 0.3018534 -0.346807 -0.8841923 0.3056404 -0.3532534 -0.9138932 0.288014 -0.2860895 -0.9072776 0.2961168 -0.2986005 -0.9335821 0.2740976 -0.2308568 -0.9282572 0.2802014 -0.2445931 -0.9441524 0.2710211 -0.1874141 -0.9478577 0.2729187 -0.1645637 -0.9560628 0.2632404 -0.1290293 -0.9589582 0.2628234 -0.1064106 -0.9630845 0.2600901 -0.06943607 -0.9634138 0.2651303 -0.03924041 -0.9659882 0.2584125 -0.009480893 -0.9644771 0.2592865 0.05054163 0.9634149 -0.2651265 0.03923928 0.9630837 -0.2600933 0.06943696 0.9557879 -0.2643044 0.1288906 0.9489288 -0.2734914 0.1572787 0.9441526 -0.2710226 0.1874108 0.9282599 -0.2801939 0.2445915 0.9173768 -0.2917096 0.2707868 0.9082227 -0.2917661 0.300007 0.8841926 -0.3056427 0.3532508 0.8696665 -0.3192515 0.3765086 0.8563319 -0.3217277 0.4039641 0.8248554 -0.3398975 0.4517559 0.8071675 -0.3553363 0.4713985 0.7899774 -0.3600333 0.496298 0.7519547 -0.3819885 0.5372608 0.7316733 -0.3989223 0.5527344 0.7110694 -0.4055931 0.5743471 0.6675833 -0.4306972 0.6073159 0.6453703 -0.4487501 0.6181591 0.6218551 -0.4570982 0.6358911 0.5741903 -0.4846221 0.659884 0.5507252 -0.5033911 0.6658073 0.5249271 -0.5130645 0.6791291 0.4744207 -0.5422201 0.6934857 0.4504843 -0.5612696 0.6942913 0.4230644 -0.5718693 0.7028386 0.3711815 -0.6018241 0.7071295 0.3474941 -0.6207276 0.7028123 0.3192071 -0.6318405 0.7063175 0.2674366 -0.6617228 0.7004289 0.2447524 -0.6800457 0.6911109 0.2163051 -0.6912465 0.6894857 0.1661614 -0.7201944 0.6735803 0.1451992 -0.7375237 0.6595271 0.1173676 -0.7483661 0.6528194 0.07027083 -0.7755596 0.627351 0.05169892 -0.7915071 0.6089695 0.02520567 -0.801572 0.5973668 -0.01746946 -0.8262192 0.563078 -0.03305387 -0.8404403 0.5408952 -0.05749356 -0.8493219 0.5247351 -0.09455877 -0.8707178 0.4826067 -0.1066268 -0.88292 0.457256 -0.1283827 -0.8902502 0.4370042 -0.1587454 -0.9077799 0.3882466 -0.1669051 -0.9177176 0.360468 -0.1854162 -0.9231764 0.3366989 -0.2081999 -0.9363333 0.282724 -0.2121472 -0.9438374 0.2533075 -0.2269386 -0.9471535 0.2267135 -0.2415013 -0.9555602 0.1690617 -0.2410535 -0.9605267 0.1388589 -0.2517746 -0.9614911 0.110203 -0.2576872 -0.964906 0.05053281 -0.2576905 -0.9649047 0.05054372 -0.2591971 -0.9657779 -0.00947833 -0.2592011 -0.9657769 -0.009482264 -0.2562949 -0.9641016 -0.06943488 -0.2470286 -0.9639773 -0.09861332 -0.2490018 -0.9598885 -0.1288883 -0.2373634 -0.9531701 -0.1874178 -0.223928 -0.9506391 -0.2148057 -0.2214677 -0.9439957 -0.2445898 -0.2014373 -0.9324271 -0.3000047 -0.1841504 -0.9276749 -0.32482 -0.1774044 -0.9185519 -0.3532567 -0.149553 -0.9024701 -0.4039577 -0.1288448 -0.8957461 -0.4254858 -0.1180718 -0.8842947 -0.4517543 -0.08318513 -0.8641586 -0.4962965 -0.0596072 -0.8557683 -0.5139141 -0.0451681 -0.8422034 -0.5372648 -0.004263401 -0.8185955 -0.5743547 0.02158337 -0.8088912 -0.5875621 0.03920096 -0.793497 -0.6073103 0.0849325 -0.7670928 -0.6358892 0.1123876 -0.7564692 -0.6443008 0.1326021 -0.7395701 -0.6598885 0.1818623 -0.7111291 -0.6791329 0.2101852 -0.7000061 -0.6825054 0.2323616 -0.6819744 -0.6934833 0.2837283 -0.6523154 -0.7028391 0.3121711 -0.6411241 -0.7010771 0.3355904 -0.6223738 -0.7071281 0.3876056 -0.5923467 -0.7063196 0.4154013 -0.5815223 -0.6994809 0.4393418 -0.5624747 -0.7004293 0.4904868 -0.5329462 -0.6894862 0.516915 -0.5229137 -0.6777612 0.540631 -0.5039966 -0.6735767 0.5894212 -0.4758238 -0.6528204 0.613792 -0.4669845 -0.6365415 0.6365161 -0.4486336 -0.6273558 0.6815819 -0.4226163 -0.5973623 0.7032468 -0.4153365 -0.5770092 0.7242592 -0.3979754 -0.5630846 0.7642807 -0.3748717 -0.5247346 0.7826922 -0.3694674 -0.500886 0.8013446 -0.3534699 -0.4826035 0.8351707 -0.3339432 -0.4370033 0.8498649 -0.330685 -0.4103378 0.8655328 -0.3164115 -0.3882482 0.8921977 -0.3010196 -0.3367056 0.9028132 -0.300115 -0.3079924 0.9149883 -0.2878593 -0.2827253 0.9337322 -0.2770363 -0.2267054 0.940017 -0.2786384 -0.1967961 0.94829 -0.2686308 -0.1690672 0.9585636 -0.2627014 -0.1101993 0.9604156 -0.2668596 -0.07992517 0.964477 -0.2592865 -0.05054271 0.9659872 -0.2584162 0.009483695 0.857866 0.4952884 -0.136951 0.8578668 0.495287 -0.1369504 0.8123141 0.4689881 -0.346693 0.8123116 0.4689908 -0.3466951 0.728781 0.4207584 -0.5402228 0.7287768 0.4207606 -0.5402268 0.6111689 0.3528561 -0.7084951 0.6111651 0.3528574 -0.7084977 0.4649778 0.2684549 -0.8436395 0.464971 0.268455 -0.8436433 0.2970507 0.1714985 -0.9393345 0.2970448 0.1714986 -0.9393363 0.1152322 0.06652492 -0.9911085 0.1152186 0.06652498 -0.99111 -0.07197606 -0.04156041 -0.9965401 -0.07198989 -0.04156047 -0.9965391 -0.2558235 -0.1477029 -0.9553733 -0.2558308 -0.1477031 -0.9553713 -0.4277106 -0.2469369 -0.869532 -0.4277094 -0.2469369 -0.8695327 -0.5795857 -0.3346258 -0.7430384 -0.5795925 -0.3346242 -0.7430338 -0.7043736 -0.4066672 -0.58179 -0.7043689 -0.4066683 -0.5817951 -0.7962123 -0.4596962 -0.3933518 -0.796216 -0.4596934 -0.3933474 -0.8508282 -0.4912269 -0.1865142 -0.850829 -0.4912268 -0.1865109 -0.8656609 -0.4997875 0.02904838 -0.8656584 -0.4997918 0.02904725 -0.8400131 -0.4849835 0.243247 -0.8400155 -0.4849805 0.2432449 -0.7750864 -0.4474992 0.446078 -0.7750892 -0.4474977 0.4460748 -0.6739211 -0.3890903 0.628044 -0.6739266 -0.3890878 0.6280396 -0.5412417 -0.3124879 0.7806465 -0.5412461 -0.312487 0.7806438 -0.3832629 -0.221273 0.8967429 -0.3832551 -0.2212736 0.8967461 -0.207346 -0.1197133 0.9709153 -0.2073527 -0.119713 0.9709138 -0.02174276 -0.01255613 0.9996848 -0.02175045 -0.01255607 0.9996846 0.164883 0.09518939 0.9817091 0.1648676 0.0951898 0.9817116 0.3437904 0.1984826 0.9178305 0.3437824 0.1984832 0.9178335 0.5066201 0.2924956 0.8110378 0.5066161 0.2924963 0.8110403 0.6457641 0.372833 0.6663216 0.6457654 0.3728334 0.6663201 0.7547163 0.4357352 0.4904469 0.7547164 0.4357355 0.4904466 0.8283772 0.4782637 0.2916419 0.8283765 0.4782657 0.2916406 0.8633055 0.4984291 0.07919669 0.8633041 0.4984315 0.07919698</float_array>
          <technique_common>
            <accessor source="#tail_pipe_assem_-_tptp_bearing-3_via_unit_needle_pulley-1_001-mesh-normals-array" count="839" stride="3">
              <param name="X" type="float"/>
              <param name="Y" type="float"/>
              <param name="Z" type="float"/>
            </accessor>
          </technique_common>
        </source>
        <vertices id="tail_pipe_assem_-_tptp_bearing-3_via_unit_needle_pulley-1_001-mesh-vertices">
          <input semantic="POSITION" source="#tail_pipe_assem_-_tptp_bearing-3_via_unit_needle_pulley-1_001-mesh-positions"/>
        </vertices>
        <triangles material="Material_001-material" count="840">
          <input semantic="VERTEX" source="#tail_pipe_assem_-_tptp_bearing-3_via_unit_needle_pulley-1_001-mesh-vertices" offset="0"/>
          <input semantic="NORMAL" source="#tail_pipe_assem_-_tptp_bearing-3_via_unit_needle_pulley-1_001-mesh-normals" offset="1"/>
          <p>0 0 1 0 2 0 3 1 4 1 5 1 5 2 4 2 6 2 5 3 6 3 7 3 7 4 6 4 8 4 7 5 8 5 9 5 10 6 11 6 12 6 12 7 11 7 13 7 12 8 13 8 14 8 14 9 13 9 15 9 14 10 15 10 2 10 2 11 15 11 16 11 2 12 16 12 0 12 17 13 18 13 19 13 19 14 18 14 20 14 19 15 20 15 21 15 21 16 20 16 22 16 21 17 22 17 23 17 23 18 22 18 24 18 23 19 24 19 10 19 10 20 24 20 25 20 10 21 25 21 11 21 26 22 27 22 28 22 28 23 27 23 29 23 28 24 29 24 30 24 30 25 29 25 31 25 30 26 31 26 32 26 32 27 31 27 33 27 32 28 33 28 3 28 3 29 33 29 34 29 3 30 34 30 4 30 35 31 36 31 37 31 37 32 36 32 38 32 37 33 38 33 39 33 39 34 38 34 40 34 39 35 40 35 17 35 17 36 40 36 41 36 17 37 41 37 18 37 42 38 43 38 44 38 44 39 43 39 45 39 44 40 45 40 46 40 46 41 45 41 47 41 46 42 47 42 48 42 48 43 47 43 49 43 48 44 49 44 35 44 35 45 49 45 50 45 35 46 50 46 36 46 0 47 51 47 1 47 1 48 51 48 52 48 1 49 52 49 53 49 53 50 52 50 54 50 53 51 54 51 55 51 55 52 54 52 56 52 55 53 56 53 26 53 26 54 56 54 57 54 26 55 57 55 27 55 8 56 58 56 9 56 9 57 58 57 59 57 9 58 59 58 60 58 60 59 59 59 61 59 60 60 61 60 62 60 62 61 61 61 63 61 62 62 63 62 64 62 64 63 63 63 65 63 64 64 65 64 42 64 42 65 65 65 66 65 42 66 66 66 43 66 67 67 68 67 69 67 69 68 68 68 70 68 69 69 70 69 71 69 71 70 70 70 72 70 71 71 72 71 73 71 73 72 72 72 74 72 73 73 74 73 75 73 75 74 74 74 76 74 75 75 76 75 77 75 77 76 76 76 78 76 77 77 78 77 79 77 79 78 78 78 80 78 79 79 80 79 81 79 81 80 80 80 82 80 81 81 82 81 83 81 83 82 82 82 84 82 83 83 84 83 85 83 85 84 84 84 86 84 85 85 86 85 87 85 87 86 86 86 88 86 87 87 88 87 89 87 89 88 88 88 90 88 89 89 90 89 91 89 91 90 90 90 92 90 91 91 92 91 93 91 93 92 92 92 94 92 93 93 94 93 95 93 95 94 94 94 96 94 95 95 96 95 97 95 97 96 96 96 98 96 97 97 98 97 99 97 99 98 98 98 100 98 99 99 100 99 101 99 101 100 100 100 102 100 101 101 102 101 103 101 103 102 102 102 104 102 103 103 104 103 105 103 105 104 104 104 106 104 105 105 106 105 107 105 107 106 106 106 108 106 107 107 108 107 109 107 109 108 108 108 110 108 109 109 110 109 111 109 111 110 110 110 112 110 111 111 112 111 113 111 113 112 112 112 114 112 113 113 114 113 115 113 115 114 114 114 116 114 115 115 116 115 117 115 117 116 116 116 118 116 117 117 118 117 119 117 119 118 118 118 120 118 119 119 120 119 121 119 121 120 120 120 122 120 121 121 122 121 123 121 123 122 122 122 124 122 123 123 124 123 125 123 125 124 124 124 126 124 125 125 126 125 127 125 127 126 126 126 128 126 127 127 128 127 129 127 129 128 128 128 130 128 129 129 130 129 131 129 131 130 130 130 132 130 131 131 132 131 133 131 133 132 132 132 134 132 133 133 134 133 135 133 135 134 134 134 136 134 135 135 136 135 137 135 137 136 136 136 138 136 137 137 138 137 139 137 139 138 138 138 140 138 139 139 140 139 141 139 141 140 140 140 142 140 141 141 142 141 143 141 143 142 142 142 144 142 143 143 144 143 145 143 145 144 144 144 146 144 145 145 146 145 147 145 147 146 146 146 148 146 147 147 148 147 149 147 149 148 148 148 150 148 149 149 150 149 151 149 151 150 150 150 152 150 151 151 152 151 153 151 153 152 152 152 154 152 153 153 154 153 155 153 155 154 154 154 156 154 155 155 156 155 157 155 157 156 156 156 158 156 157 157 158 157 159 157 159 158 158 158 160 158 159 159 160 159 161 159 161 160 160 160 162 160 161 161 162 161 163 161 163 162 162 162 164 162 163 163 164 163 165 163 165 164 164 164 166 164 165 165 166 165 167 165 167 166 166 166 168 166 167 167 168 167 169 167 169 168 168 168 170 168 169 169 170 169 171 169 171 170 170 170 172 170 171 171 172 171 173 171 173 172 172 172 174 172 173 173 174 173 175 173 175 174 174 174 176 174 175 175 176 175 177 175 177 176 176 176 178 176 177 177 178 177 179 177 179 178 178 178 180 178 179 179 180 179 181 179 181 180 180 180 182 180 181 181 182 181 183 181 183 182 182 182 184 182 183 183 184 183 185 183 185 184 184 184 186 184 185 185 186 185 187 185 187 186 186 186 188 186 187 187 188 187 189 187 189 188 188 188 190 188 189 189 190 189 191 189 191 190 190 190 192 190 191 191 192 191 193 191 193 192 192 192 194 192 193 193 194 193 195 193 195 194 194 194 196 194 195 195 196 195 197 195 197 196 196 196 198 196 197 197 198 197 199 197 199 198 198 198 200 198 199 199 200 199 201 199 201 200 200 200 202 200 201 201 202 201 203 201 203 202 202 202 204 202 203 203 204 203 67 203 67 204 204 204 68 204 203 205 205 205 201 205 201 206 205 206 206 206 201 207 206 207 199 207 199 208 206 208 207 208 199 209 207 209 197 209 197 210 207 210 208 210 197 211 208 211 195 211 195 212 208 212 209 212 195 213 209 213 193 213 193 214 209 214 210 214 193 215 210 215 191 215 191 216 210 216 211 216 191 217 211 217 189 217 189 218 211 218 212 218 189 219 212 219 187 219 187 220 212 220 213 220 187 221 213 221 185 221 185 222 213 222 214 222 185 223 214 223 183 223 183 224 214 224 215 224 183 225 215 225 181 225 181 226 215 226 216 226 181 227 216 227 179 227 179 228 216 228 217 228 179 229 217 229 177 229 217 230 218 230 177 230 177 231 218 231 219 231 177 232 219 232 175 232 175 233 219 233 220 233 175 234 220 234 173 234 173 235 220 235 221 235 173 236 221 236 171 236 171 237 221 237 222 237 171 238 222 238 169 238 169 239 222 239 223 239 169 240 223 240 167 240 167 241 223 241 224 241 167 242 224 242 165 242 165 243 224 243 225 243 165 244 225 244 163 244 163 245 225 245 226 245 163 246 226 246 161 246 161 247 226 247 227 247 161 248 227 248 159 248 159 249 227 249 228 249 159 250 228 250 157 250 157 251 228 251 229 251 157 252 229 252 155 252 155 253 229 253 230 253 155 254 230 254 153 254 153 255 230 255 231 255 153 256 231 256 151 256 151 257 231 257 232 257 151 258 232 258 149 258 149 259 232 259 233 259 149 260 233 260 147 260 147 261 233 261 234 261 147 262 234 262 145 262 145 263 234 263 235 263 145 264 235 264 143 264 235 265 236 265 143 265 143 266 236 266 237 266 143 267 237 267 141 267 141 268 237 268 238 268 141 269 238 269 139 269 139 270 238 270 239 270 139 271 239 271 137 271 137 272 239 272 240 272 137 273 240 273 135 273 135 274 240 274 241 274 135 275 241 275 133 275 133 276 241 276 242 276 133 277 242 277 131 277 131 278 242 278 243 278 131 279 243 279 129 279 129 280 243 280 244 280 129 281 244 281 127 281 127 282 244 282 245 282 127 283 245 283 125 283 125 284 245 284 246 284 125 285 246 285 123 285 123 286 246 286 247 286 123 287 247 287 121 287 121 288 247 288 248 288 121 289 248 289 119 289 119 290 248 290 249 290 119 291 249 291 117 291 117 292 249 292 250 292 117 293 250 293 115 293 115 294 250 294 251 294 115 295 251 295 113 295 113 296 251 296 252 296 113 297 252 297 111 297 111 298 252 298 253 298 111 299 253 299 109 299 253 300 254 300 109 300 109 301 254 301 255 301 109 302 255 302 107 302 107 303 255 303 256 303 107 304 256 304 105 304 105 305 256 305 257 305 105 306 257 306 103 306 103 307 257 307 258 307 103 308 258 308 101 308 101 309 258 309 259 309 101 310 259 310 99 310 99 311 259 311 260 311 99 312 260 312 97 312 97 313 260 313 261 313 97 314 261 314 95 314 95 315 261 315 262 315 95 316 262 316 93 316 93 317 262 317 263 317 93 318 263 318 91 318 91 319 263 319 264 319 91 320 264 320 89 320 89 321 264 321 265 321 89 322 265 322 87 322 87 323 265 323 266 323 87 324 266 324 85 324 85 325 266 325 267 325 85 326 267 326 83 326 83 327 267 327 268 327 83 328 268 328 81 328 81 329 268 329 269 329 81 330 269 330 79 330 79 331 269 331 270 331 79 332 270 332 77 332 77 333 270 333 271 333 77 334 271 334 75 334 75 335 271 335 272 335 75 336 272 336 73 336 73 337 272 337 273 337 73 338 273 338 71 338 273 339 274 339 71 339 71 340 274 340 275 340 71 341 275 341 69 341 69 342 275 342 276 342 69 343 276 343 67 343 67 344 276 344 277 344 67 345 277 345 203 345 203 346 277 346 278 346 203 347 278 347 205 347 45 348 43 348 240 348 240 349 239 349 45 349 45 350 239 350 238 350 45 351 238 351 47 351 238 352 237 352 47 352 47 353 237 353 236 353 47 354 236 354 49 354 236 355 235 355 49 355 49 356 235 356 234 356 49 357 234 357 50 357 234 358 233 358 50 358 50 359 233 359 232 359 50 360 232 360 36 360 232 361 231 361 36 361 36 362 231 362 230 362 36 363 230 363 38 363 230 364 229 364 38 364 38 365 229 365 228 365 38 366 228 366 40 366 228 367 227 367 40 367 40 368 227 368 226 368 40 369 226 369 41 369 226 370 225 370 41 370 41 371 225 371 224 371 41 372 224 372 18 372 224 373 223 373 18 373 18 374 223 374 222 374 18 375 222 375 20 375 222 376 221 376 20 376 20 377 221 377 220 377 20 378 220 378 22 378 220 379 219 379 22 379 22 380 219 380 218 380 22 381 218 381 24 381 218 382 217 382 24 382 24 383 217 383 216 383 24 384 216 384 25 384 216 385 215 385 25 385 25 386 215 386 214 386 25 387 214 387 11 387 214 388 213 388 11 388 11 389 213 389 212 389 11 390 212 390 13 390 212 391 211 391 13 391 13 392 211 392 210 392 13 393 210 393 15 393 210 394 209 394 15 394 15 395 209 395 208 395 15 396 208 396 16 396 208 397 207 397 16 397 16 398 207 398 206 398 16 399 206 399 0 399 0 400 206 400 205 400 0 401 205 401 51 401 51 402 205 402 278 402 51 403 278 403 52 403 278 404 277 404 52 404 52 405 277 405 276 405 52 406 276 406 54 406 276 407 275 407 54 407 54 408 275 408 274 408 54 409 274 409 56 409 274 410 273 410 56 410 56 411 273 411 272 411 56 412 272 412 57 412 272 413 271 413 57 413 57 414 271 414 270 414 57 415 270 415 27 415 270 416 269 416 27 416 27 417 269 417 268 417 27 418 268 418 29 418 268 419 267 419 29 419 29 420 267 420 266 420 29 421 266 421 31 421 266 422 265 422 31 422 31 423 265 423 264 423 31 424 264 424 33 424 264 425 263 425 33 425 33 426 263 426 262 426 33 427 262 427 34 427 262 428 261 428 34 428 34 429 261 429 260 429 34 430 260 430 4 430 260 431 259 431 4 431 4 432 259 432 258 432 4 433 258 433 6 433 258 434 257 434 6 434 6 435 257 435 256 435 6 436 256 436 8 436 256 437 255 437 8 437 8 438 255 438 254 438 8 439 254 439 58 439 254 440 253 440 58 440 58 441 253 441 252 441 58 442 252 442 59 442 252 443 251 443 59 443 59 444 251 444 250 444 59 445 250 445 61 445 250 446 249 446 61 446 61 447 249 447 248 447 61 448 248 448 63 448 248 449 247 449 63 449 63 450 247 450 246 450 63 451 246 451 65 451 246 452 245 452 65 452 65 453 245 453 244 453 65 454 244 454 66 454 244 455 243 455 66 455 66 456 243 456 242 456 66 457 242 457 43 457 43 458 242 458 241 458 43 459 241 459 240 459 279 460 280 460 281 460 281 461 280 461 282 461 281 462 282 462 283 462 283 463 282 463 284 463 283 464 284 464 285 464 285 465 284 465 286 465 285 466 286 466 287 466 288 467 289 467 290 467 286 468 291 468 287 468 287 469 291 469 292 469 287 470 292 470 293 470 293 471 292 471 294 471 293 472 294 472 295 472 295 473 294 473 296 473 295 474 296 474 297 474 298 475 299 475 300 475 300 476 299 476 301 476 300 477 301 477 302 477 302 478 301 478 303 478 302 479 303 479 304 479 304 480 303 480 305 480 304 481 305 481 279 481 279 482 305 482 306 482 279 483 306 483 280 483 288 484 307 484 289 484 289 485 307 485 308 485 289 486 308 486 309 486 309 487 308 487 310 487 309 488 310 488 311 488 311 489 310 489 312 489 311 490 312 490 313 490 314 491 315 491 316 491 316 479 315 479 317 479 316 492 317 492 318 492 318 493 317 493 319 493 318 494 319 494 298 494 298 495 319 495 320 495 298 496 320 496 299 496 312 497 321 497 313 497 313 498 321 498 322 498 313 499 322 499 323 499 323 500 322 500 324 500 323 501 324 501 325 501 325 502 324 502 326 502 325 503 326 503 327 503 327 504 326 504 328 504 327 505 328 505 314 505 314 506 328 506 329 506 314 507 329 507 315 507 296 508 330 508 297 508 297 509 330 509 331 509 297 510 331 510 332 510 332 511 331 511 333 511 332 512 333 512 334 512 334 513 333 513 335 513 334 514 335 514 336 514 336 515 335 515 337 515 336 516 337 516 338 516 337 517 339 517 338 517 338 518 339 518 340 518 338 519 340 519 341 519 341 520 340 520 342 520 341 521 342 521 343 521 343 522 342 522 344 522 343 523 344 523 290 523 290 524 344 524 345 524 290 525 345 525 288 525 204 526 346 526 68 526 68 527 346 527 347 527 68 528 347 528 70 528 70 529 347 529 348 529 70 530 348 530 72 530 72 531 348 531 349 531 72 532 349 532 74 532 74 533 349 533 350 533 74 534 350 534 76 534 76 535 350 535 351 535 76 536 351 536 78 536 78 537 351 537 352 537 78 538 352 538 80 538 80 539 352 539 353 539 80 540 353 540 82 540 82 541 353 541 354 541 82 542 354 542 84 542 84 543 354 543 355 543 84 544 355 544 86 544 86 545 355 545 356 545 86 546 356 546 88 546 88 547 356 547 357 547 88 548 357 548 90 548 90 549 357 549 358 549 90 550 358 550 92 550 358 551 359 551 92 551 92 552 359 552 360 552 92 553 360 553 94 553 94 554 360 554 361 554 94 555 361 555 96 555 96 556 361 556 362 556 96 557 362 557 98 557 98 558 362 558 363 558 98 559 363 559 100 559 100 560 363 560 364 560 100 561 364 561 102 561 102 562 364 562 365 562 102 563 365 563 104 563 104 564 365 564 366 564 104 565 366 565 106 565 106 566 366 566 367 566 106 567 367 567 108 567 108 568 367 568 368 568 108 569 368 569 110 569 110 570 368 570 369 570 110 571 369 571 112 571 112 572 369 572 370 572 112 573 370 573 114 573 114 574 370 574 371 574 114 575 371 575 116 575 116 576 371 576 372 576 116 577 372 577 118 577 118 578 372 578 373 578 118 579 373 579 120 579 120 580 373 580 374 580 120 581 374 581 122 581 122 582 374 582 375 582 122 583 375 583 124 583 124 584 375 584 376 584 124 585 376 585 126 585 376 586 377 586 126 586 126 587 377 587 378 587 126 588 378 588 128 588 128 589 378 589 379 589 128 590 379 590 130 590 130 591 379 591 380 591 130 592 380 592 132 592 132 593 380 593 381 593 132 594 381 594 134 594 134 595 381 595 382 595 134 596 382 596 136 596 136 597 382 597 383 597 136 598 383 598 138 598 138 599 383 599 384 599 138 600 384 600 140 600 140 601 384 601 385 601 140 602 385 602 142 602 142 603 385 603 386 603 142 604 386 604 144 604 144 605 386 605 387 605 144 606 387 606 146 606 146 607 387 607 388 607 146 608 388 608 148 608 148 609 388 609 389 609 148 610 389 610 150 610 150 611 389 611 390 611 150 612 390 612 152 612 152 613 390 613 391 613 152 614 391 614 154 614 154 615 391 615 392 615 154 616 392 616 156 616 156 617 392 617 393 617 156 618 393 618 158 618 158 619 393 619 394 619 158 620 394 620 160 620 394 621 395 621 160 621 160 622 395 622 396 622 160 623 396 623 162 623 162 624 396 624 397 624 162 625 397 625 164 625 164 626 397 626 398 626 164 627 398 627 166 627 166 628 398 628 399 628 166 629 399 629 168 629 168 630 399 630 400 630 168 631 400 631 170 631 170 632 400 632 401 632 170 633 401 633 172 633 172 634 401 634 402 634 172 635 402 635 174 635 174 636 402 636 403 636 174 637 403 637 176 637 176 638 403 638 404 638 176 639 404 639 178 639 178 640 404 640 405 640 178 641 405 641 180 641 180 642 405 642 406 642 180 643 406 643 182 643 182 644 406 644 407 644 182 645 407 645 184 645 184 646 407 646 408 646 184 647 408 647 186 647 186 648 408 648 409 648 186 649 409 649 188 649 188 650 409 650 410 650 188 651 410 651 190 651 190 652 410 652 411 652 190 653 411 653 192 653 192 654 411 654 412 654 192 655 412 655 194 655 194 656 412 656 413 656 194 657 413 657 196 657 196 658 413 658 414 658 196 659 414 659 198 659 414 660 415 660 198 660 198 661 415 661 416 661 198 662 416 662 200 662 200 663 416 663 417 663 200 664 417 664 202 664 202 665 417 665 418 665 202 666 418 666 204 666 204 667 418 667 419 667 204 668 419 668 346 668 282 669 280 669 381 669 381 670 380 670 282 670 282 671 380 671 379 671 282 672 379 672 284 672 379 673 378 673 284 673 284 674 378 674 377 674 284 675 377 675 286 675 377 676 376 676 286 676 286 677 376 677 375 677 286 678 375 678 291 678 375 679 374 679 291 679 291 680 374 680 373 680 291 681 373 681 292 681 373 682 372 682 292 682 292 683 372 683 371 683 292 684 371 684 294 684 371 685 370 685 294 685 294 686 370 686 369 686 294 687 369 687 296 687 369 688 368 688 296 688 296 689 368 689 367 689 296 690 367 690 330 690 367 691 366 691 330 691 330 692 366 692 365 692 330 693 365 693 331 693 365 694 364 694 331 694 331 695 364 695 363 695 331 696 363 696 333 696 363 697 362 697 333 697 333 698 362 698 361 698 333 699 361 699 335 699 361 700 360 700 335 700 335 701 360 701 359 701 335 702 359 702 337 702 359 703 358 703 337 703 337 704 358 704 357 704 337 705 357 705 339 705 357 706 356 706 339 706 339 707 356 707 355 707 339 708 355 708 340 708 355 709 354 709 340 709 340 710 354 710 353 710 340 711 353 711 342 711 353 712 352 712 342 712 342 713 352 713 351 713 342 714 351 714 344 714 351 715 350 715 344 715 344 716 350 716 349 716 344 717 349 717 345 717 349 718 348 718 345 718 345 719 348 719 347 719 345 720 347 720 288 720 288 721 347 721 346 721 288 722 346 722 307 722 307 723 346 723 419 723 307 724 419 724 308 724 419 725 418 725 308 725 308 726 418 726 417 726 308 727 417 727 310 727 417 728 416 728 310 728 310 729 416 729 415 729 310 730 415 730 312 730 415 731 414 731 312 731 312 732 414 732 413 732 312 733 413 733 321 733 413 734 412 734 321 734 321 735 412 735 411 735 321 736 411 736 322 736 411 737 410 737 322 737 322 738 410 738 409 738 322 739 409 739 324 739 409 740 408 740 324 740 324 741 408 741 407 741 324 742 407 742 326 742 407 743 406 743 326 743 326 744 406 744 405 744 326 745 405 745 328 745 405 746 404 746 328 746 328 747 404 747 403 747 328 748 403 748 329 748 403 749 402 749 329 749 329 750 402 750 401 750 329 751 401 751 315 751 401 752 400 752 315 752 315 753 400 753 399 753 315 754 399 754 317 754 399 755 398 755 317 755 317 756 398 756 397 756 317 757 397 757 319 757 397 758 396 758 319 758 319 759 396 759 395 759 319 760 395 760 320 760 395 761 394 761 320 761 320 762 394 762 393 762 320 763 393 763 299 763 393 764 392 764 299 764 299 765 392 765 391 765 299 766 391 766 301 766 391 767 390 767 301 767 301 768 390 768 389 768 301 769 389 769 303 769 389 770 388 770 303 770 303 771 388 771 387 771 303 772 387 772 305 772 387 773 386 773 305 773 305 774 386 774 385 774 305 775 385 775 306 775 385 776 384 776 306 776 306 777 384 777 383 777 306 778 383 778 280 778 280 779 383 779 382 779 280 780 382 780 381 780 289 781 1 781 290 781 290 782 1 782 53 782 290 783 53 783 343 783 343 784 53 784 55 784 343 785 55 785 341 785 341 786 55 786 26 786 341 787 26 787 338 787 338 788 26 788 28 788 338 789 28 789 336 789 336 790 28 790 30 790 336 791 30 791 334 791 334 792 30 792 32 792 334 793 32 793 332 793 332 794 32 794 3 794 332 795 3 795 297 795 297 796 3 796 5 796 297 797 5 797 295 797 295 798 5 798 7 798 295 799 7 799 293 799 293 800 7 800 9 800 293 801 9 801 287 801 287 802 9 802 60 802 287 803 60 803 285 803 285 804 60 804 62 804 285 805 62 805 283 805 283 806 62 806 64 806 283 807 64 807 281 807 281 808 64 808 42 808 281 809 42 809 279 809 279 810 42 810 44 810 279 811 44 811 304 811 304 812 44 812 46 812 304 813 46 813 302 813 302 814 46 814 48 814 302 815 48 815 300 815 300 816 48 816 35 816 300 817 35 817 298 817 298 818 35 818 37 818 298 819 37 819 318 819 318 820 37 820 39 820 318 821 39 821 316 821 316 822 39 822 17 822 316 823 17 823 314 823 314 824 17 824 19 824 314 825 19 825 327 825 327 826 19 826 21 826 327 827 21 827 325 827 325 828 21 828 23 828 325 829 23 829 323 829 323 830 23 830 10 830 323 831 10 831 313 831 313 832 10 832 12 832 313 833 12 833 311 833 311 834 12 834 14 834 311 835 14 835 309 835 309 836 14 836 2 836 309 837 2 837 289 837 289 838 2 838 1 838</p>
        </triangles>
      </mesh>
    </geometry>
    <geometry id="tail_pipe_assem_-_tptp_bearing-3_cp-2_001-mesh" name="tail_pipe_assem - tptp_bearing-3 cp-2.001">
      <mesh>
        <source id="tail_pipe_assem_-_tptp_bearing-3_cp-2_001-mesh-positions">
          <float_array id="tail_pipe_assem_-_tptp_bearing-3_cp-2_001-mesh-positions-array" count="651">37.29713 36.89969 49.53564 37.80431 37.19251 48.95 38.7062 37.71321 49.91336 37.80431 37.19251 37.35 37.29713 36.89969 36.76436 38.13142 37.38137 35.72295 35.91149 36.09968 46.76436 35.40431 35.80686 47.35 33.57322 34.74969 35.04954 35.21867 35.69969 48.15 33.57322 34.74969 51.25046 35.40431 35.80686 48.95 39.07523 37.92627 49.07705 37.98995 37.29969 48.15 39.20239 37.99969 48.15 37.40716 36.96321 35.29683 36.60431 36.49969 36.55 36.60431 36.49969 35.15 34.23994 35.13462 35.15 35.91149 36.09968 36.76436 33.59415 34.76177 35.05584 35.40431 35.80686 37.35 35.21867 35.69969 38.15 35.40431 35.80686 38.95 35.91149 36.09968 39.53564 36.60431 36.49969 46.55 36.60431 36.49969 39.75 37.29713 36.89969 46.76436 38.13142 37.38137 50.57705 37.40716 36.96321 51.00317 36.60431 36.49969 49.75 36.60431 36.49969 51.15 35.91149 36.09968 49.53564 34.23994 35.13462 51.15 33.59415 34.76177 51.24415 38.7062 37.71321 36.38664 39.07523 37.92627 37.22295 37.98995 37.29969 38.15 39.20239 37.99969 38.15 37.80431 37.19251 38.95 37.29713 36.89969 39.53564 37.80431 37.19251 47.35 30.51315 31.82825 32.89142 28.01315 36.15838 32.89142 33.48889 33.5463 34.77929 30.98889 37.87642 34.77929 26.83405 29.70412 53.99405 8.214501 18.95412 48.99405 20.33133 25.94978 44.95194 8.037324 18.85183 44.39698 8.639987 19.19978 44.95194 6.914217 18.2034 48.42422 9.391498 19.63366 45.15 10.14301 20.06755 44.95194 21.08284 26.38366 45.15 21.83435 26.81755 44.95194 28.08969 30.42907 54.14931 22.43701 27.16549 44.39698 10.74567 20.4155 44.39698 11.08012 20.60859 43.59504 20.33133 25.94978 41.34806 11.08012 20.60859 42.70495 21.08284 26.38366 41.15 26.83405 29.70412 32.30595 21.83435 26.81755 41.34806 4.195344 16.63366 43.15 7.702874 18.65874 42.70495 7.702874 18.65874 43.59504 19.72867 25.60183 41.90302 19.39422 25.40874 42.70495 19.39422 25.40874 43.59504 19.72867 25.60183 44.39698 22.77147 27.35859 42.70495 27.13043 29.87524 40.86613 22.77147 27.35859 43.59504 26.40209 29.45473 41.47717 29.34069 31.15133 32.34976 22.43701 27.16549 41.90302 4.38147 16.74112 41.55852 4.926504 17.0558 40.08105 8.037324 18.85183 41.90302 5.791408 17.55515 38.82344 8.639987 19.19978 41.34806 6.914217 18.2034 37.87577 9.391498 19.63366 41.15 8.214501 18.95412 37.30595 10.14301 20.06755 41.34806 10.74567 20.4155 41.90302 5.791408 17.55515 47.47656 4.926504 17.0558 46.21895 4.38147 16.74112 44.74148 28.46119 30.64355 45.59537 29.28364 31.11839 45.17254 33.48889 33.5463 51.52071 25.95195 29.19484 42.37746 25.85784 29.14051 43.41132 26.13604 29.30113 44.4 26.73845 29.64893 45.17254 34.07322 33.88366 51.25046 28.08969 30.42907 32.15069 27.5609 30.12377 45.59537 28.01104 30.38366 45.65 29.34069 31.15133 53.95023 30.51315 31.82825 53.40858 28.01104 30.38366 40.65 28.89166 30.89208 40.86613 29.88604 31.46619 44.4 30.16425 31.62681 43.41132 34.07322 33.88366 35.04954 30.07014 31.57248 42.37746 29.62 31.31259 41.47717 5.202874 22.98886 42.70495 5.537324 23.18196 41.90302 2.426503 21.38592 40.08105 23.90209 33.78486 41.47717 24.63043 34.20537 40.86613 19.93701 31.49562 41.90302 7.643008 24.39767 41.34806 17.22867 29.93196 41.90302 6.891498 23.96379 41.15 6.139987 23.5299 41.34806 17.83133 30.27991 41.34806 18.58284 30.71379 41.15 19.33435 31.14767 41.34806 5.202874 22.98886 43.59504 2.426503 21.38592 46.21895 5.537324 23.18196 44.39698 3.291408 21.88528 47.47656 6.139987 23.5299 44.95194 4.414218 22.53353 48.42422 6.891498 23.96379 45.15 5.7145 23.28425 48.99405 7.643008 24.39767 44.95194 24.33405 34.03425 53.99405 8.245671 24.74562 44.39698 8.580121 24.93872 43.59504 1.88147 21.07125 41.55852 1.695344 20.96379 43.15 1.88147 21.07125 44.74148 8.245671 24.74562 41.90302 8.580121 24.93872 42.70495 17.83133 30.27991 44.95194 18.58284 30.71379 45.15 19.33435 31.14767 44.95194 17.22867 29.93196 44.39698 16.89422 29.73886 43.59504 16.89422 29.73886 42.70495 19.93701 31.49562 44.39698 25.58969 34.75919 54.14931 26.84069 35.48146 53.95023 26.39166 35.22221 40.86613 27.12 35.64272 41.47717 30.44739 37.56379 40.9 27.57014 35.90261 42.37746 20.27147 31.68872 42.70495 23.35784 33.47063 43.41132 23.45195 33.52497 42.37746 25.51104 34.71379 45.65 25.0609 34.4539 45.59537 28.01315 36.15838 53.40858 27.66425 35.95694 43.41132 27.38604 35.79632 44.4 30.44739 37.56379 51.86425 26.78364 35.44852 45.17254 25.96119 34.97368 45.59537 20.27147 31.68872 43.59504 24.23845 33.97906 45.17254 23.63604 33.63125 44.4 25.51104 34.71379 40.65 24.33405 34.03425 32.30595 5.7145 23.28425 37.30595 4.414218 22.53353 37.87577 3.291408 21.88528 38.82344 33.40431 39.27097 48.95 33.21867 39.16379 48.15 35.80431 40.65661 48.95 37.07523 41.39037 49.07705 35.98995 40.76379 48.15 37.20238 41.46379 48.15 35.80431 40.65661 47.35 37.20238 41.46379 40.9 35.29713 40.36379 46.76436 34.60431 39.96379 49.75 35.40716 40.42731 51.00317 35.29713 40.36379 49.53564 36.13142 40.84547 50.57705 36.7062 41.17731 49.91336 33.40431 39.27097 47.35 33.91149 39.56379 46.76436 34.60431 39.96379 46.55 30.98889 37.87642 51.52071 31.59415 38.22587 51.24415 33.91149 39.56379 49.53564 32.23994 38.59872 51.15 34.60431 39.96379 51.15 33.21867 39.16379 38.15 33.40431 39.27097 37.35 35.98995 40.76379 38.15 37.07523 41.39037 37.22295 35.80431 40.65661 37.35 36.7062 41.17731 36.38664 35.29713 40.36379 36.76436 35.80431 40.65661 38.95 37.20238 41.46379 38.15 36.13142 40.84547 35.72295 35.40716 40.42731 35.29683 34.60431 39.96379 36.55 34.60431 39.96379 35.15 33.91149 39.56379 36.76436 32.23994 38.59872 35.15 31.59415 38.22587 35.05584 33.40431 39.27097 38.95 26.84069 35.48146 32.34976 25.58969 34.75919 32.15069 35.29713 40.36379 39.53564 34.60431 39.96379 39.75 33.91149 39.56379 39.53564</float_array>
          <technique_common>
            <accessor source="#tail_pipe_assem_-_tptp_bearing-3_cp-2_001-mesh-positions-array" count="217" stride="3">
              <param name="X" type="float"/>
              <param name="Y" type="float"/>
              <param name="Z" type="float"/>
            </accessor>
          </technique_common>
        </source>
        <source id="tail_pipe_assem_-_tptp_bearing-3_cp-2_001-mesh-normals">
          <float_array id="tail_pipe_assem_-_tptp_bearing-3_cp-2_001-mesh-normals-array" count="1281">0.4999994 -0.8660258 0 0.5000023 -0.8660242 3.24911e-6 0.5000054 -0.8660224 0 0.4999912 -0.8660305 4.40675e-7 0.5000007 -0.866025 0 0.4999927 -0.8660297 -8.73074e-7 0.4999977 -0.8660268 -5.95377e-6 0.5000011 -0.8660249 3.96946e-6 0.4999976 -0.8660269 -5.87838e-6 0.5000027 -0.866024 1.48844e-6 0.5000024 -0.866024 3.1756e-6 0.4999994 -0.8660258 0 0.5000008 -0.866025 0 0.499998 -0.8660267 -1.56594e-5 0.5000046 -0.8660228 0 0.4999964 -0.8660276 2.97136e-6 0.5001602 -0.8659329 0 0.4999962 -0.8660277 0 0.5000163 -0.8660161 -2.22982e-6 0.4999949 -0.8660285 0 0.5000049 -0.8660226 0 0.500001 -0.8660249 0 0.5000032 -0.8660236 0 0.4999961 -0.8660277 0 0.499996 -0.8660278 0 0.5000026 -0.866024 -2.9769e-6 0.500004 -0.8660232 0 0.4999932 -0.8660294 0 0.5000012 -0.8660249 0 0.5000008 -0.8660251 6.92412e-6 0.5000008 -0.8660251 -3.67542e-6 0.4999978 -0.8660267 2.51968e-6 0.5002027 -0.8659085 3.10457e-5 0.4999957 -0.866028 0 0.5000039 -0.8660232 7.44218e-6 0.4999964 -0.8660275 -6.35118e-6 0.5000019 -0.8660244 5.87845e-6 0.5000023 -0.8660242 0 0.4999975 -0.8660269 0 0.5000015 -0.8660247 0 0.500001 -0.8660249 0 0.499998 -0.8660266 1.08019e-6 0.4999635 -0.8660465 5.49531e-6 0.5000045 -0.8660229 -1.04818e-6 0.4170175 0.2407647 -0.8764296 0.4170176 0.2407655 -0.8764293 0.5000002 -0.8660254 -3.89101e-7 0.4999995 -0.8660257 0 0.5000008 -0.866025 -3.0042e-7 0.4999983 -0.8660264 -5.29094e-7 0.5000019 -0.8660244 -6.21983e-7 0.5000002 -0.8660253 0 0.4999994 -0.8660259 -1.273e-6 0.4999997 -0.8660256 2.49862e-6 0.4999976 -0.8660269 -1.46594e-6 0.4999991 -0.866026 3.9639e-6 0.5000013 -0.8660247 0 0.5000148 -0.8660169 0 0.4999992 -0.8660259 0 0.5000008 -0.8660251 0 0.5000045 -0.8660229 0 0.4999981 -0.8660265 -1.0373e-6 0.500001 -0.8660249 -6.99204e-6 0.5000015 -0.8660246 0 0.4999997 -0.8660256 7.59943e-7 0.4999989 -0.8660261 6.1342e-7 0.4999982 -0.8660265 -9.01609e-7 0.5000004 -0.8660253 0 0.5000101 -0.8660195 1.95507e-5 0.5000009 -0.8660249 0 0.4999993 -0.8660259 0 0.4999984 -0.8660264 5.97173e-7 0.4999994 -0.8660258 2.1286e-6 0.500001 -0.8660249 -1.50492e-6 0.5000005 -0.866025 -2.12976e-6 0.4999995 -0.8660258 1.1939e-6 0.4999986 -0.8660262 0 0.5000003 -0.8660253 1.1655e-6 0.5000051 -0.8660225 0 0.4999994 -0.8660259 0 0.4999997 -0.8660256 0 0.5000035 -0.8660235 0 0.4999986 -0.8660262 0 0.5000001 -0.8660254 1.50492e-6 0.5000012 -0.8660247 -2.12859e-6 0.5000013 -0.8660247 -5.97172e-7 0.4999977 -0.8660268 0 0.4999999 -0.8660256 3.77605e-6 0.4999966 -0.8660274 -5.70759e-6 0.5000006 -0.8660252 2.86267e-6 0.5000019 -0.8660244 -5.47491e-6 0.4999987 -0.8660262 1.35531e-6 0.5000007 -0.8660251 3.66488e-7 0.4999948 -0.8660284 0 0.5 -0.8660256 -5.45387e-6 0.4999998 -0.8660255 -1.60683e-6 0.5000005 -0.8660252 1.16245e-6 0.4999986 -0.8660262 0 0.5000017 -0.8660244 8.64463e-7 0.4999995 -0.8660258 0 0.4999989 -0.8660262 4.33667e-7 0.5000001 -0.8660253 0 0.5000018 -0.8660245 -6.42944e-6 0.4999991 -0.866026 0 0.5000003 -0.8660253 0 0.4999996 -0.8660258 3.59015e-6 0.4999982 -0.8660264 -3.00548e-6 0.4999983 -0.8660264 -6.84226e-7 0.4999986 -0.8660263 -1.43583e-6 0.500001 -0.8660249 0 0.5000004 -0.8660252 4.85201e-7 0.4999983 -0.8660265 -1.33228e-6 -0.5000021 0.8660242 0 -0.5000013 0.8660247 0 -0.5000123 0.8660184 0 -0.5000008 0.866025 0 -0.5000007 0.866025 7.83001e-6 -0.5000042 0.866023 0 -0.5000005 0.8660252 0 -0.4999974 0.8660269 -2.47568e-6 -0.4999952 0.8660283 2.39161e-6 -0.5000159 0.8660163 -7.02329e-6 -0.4999962 0.8660276 2.04588e-6 -0.5000007 0.8660252 0 -0.5 0.8660254 -6.01968e-7 -0.4999971 0.8660271 0 -0.5000011 0.8660247 -1.1939e-6 -0.4999979 0.8660267 -2.23879e-6 -0.4999998 0.8660255 0 -0.4999986 0.8660262 0 -0.5000008 0.8660251 0 -0.4999978 0.8660267 0 -0.4999997 0.8660258 -3.28073e-6 -0.4999988 0.8660262 0 -0.4999991 0.866026 -6.75824e-7 -0.5000045 0.8660229 0 -0.4999978 0.8660267 6.75823e-7 -0.500002 0.8660243 -8.95757e-7 -0.4999982 0.8660265 3.96393e-6 -0.5000036 0.8660234 0 -0.4999836 0.8660349 0 -0.4999997 0.8660257 -3.39466e-6 -0.4999948 0.8660284 0 -0.5000006 0.8660251 -3.63051e-6 -0.500001 0.8660249 1.39841e-5 -0.5000014 0.8660247 0 -0.4999969 0.8660273 -3.77668e-6 -0.5000012 0.8660247 3.21366e-6 -0.4999975 0.8660268 -1.16245e-6 -0.5000001 0.8660253 2.47918e-6 -0.5000028 0.8660238 -1.07717e-5 -0.4999985 0.8660264 3.04444e-6 -0.4999994 0.8660258 0 -0.5000028 0.8660237 -2.35741e-6 -0.4999993 0.8660258 9.29083e-6 -0.4999966 0.8660275 -3.93785e-6 -0.4999969 0.8660274 2.58942e-6 -0.4999991 0.866026 -2.40735e-6 -0.5000004 0.8660252 3.01051e-7 -0.5000011 0.8660249 1.35885e-6 -0.500004 0.8660232 4.55149e-6 -0.5000004 0.8660253 0 -0.5 0.8660254 0 -0.5000018 0.8660245 0 -0.5000015 0.8660247 -4.34769e-5 -0.4999959 0.8660277 0 -0.5000032 0.8660237 8.37326e-6 -0.4999998 0.8660256 -6.94302e-6 -0.4999977 0.8660268 -1.0864e-6 -0.5000003 0.8660253 6.57157e-7 -0.5000001 0.8660255 -6.86111e-6 -0.5000005 0.8660252 3.81485e-6 -0.4999997 0.8660257 -2.19449e-6 -0.500004 0.8660231 -4.54648e-6 -0.4999991 0.8660261 0 -0.5000005 0.8660251 0 -0.5000029 0.8660238 0 -0.5000012 0.8660247 0 -0.4999967 0.8660273 7.34798e-6 -0.4999986 0.8660262 -6.81197e-6 -0.5000019 0.8660244 0 -0.499997 0.8660271 0 -0.5000042 0.866023 2.3817e-6 -0.500002 0.8660244 2.97689e-6 -0.4999945 0.8660286 -3.2491e-6 -0.4999965 0.8660275 -4.46532e-6 -0.5000052 0.8660225 3.70891e-6 -0.5000011 0.8660248 -6.60329e-7 -0.4999995 0.8660257 -6.67168e-7 -0.4999985 0.8660262 -2.95186e-6 -0.500002 0.8660244 -1.47768e-6 -0.4999863 0.8660334 4.70044e-5 -0.4999978 0.8660268 -1.86029e-5 -0.5000015 0.8660247 5.94271e-6 -0.5000035 0.8660235 -1.11967e-5 -0.4999992 0.8660259 0 -0.5000008 0.866025 0 -0.4999976 0.8660268 0 -0.5 0.8660254 5.1412e-6 -0.4999971 0.8660271 -8.55365e-6 -0.4999974 0.8660269 0 -0.5000038 0.8660233 4.4653e-6 -0.4999952 0.8660282 0 -0.4999995 0.8660258 4.46295e-6 -0.5000001 0.8660254 0 -0.4999997 0.8660257 -7.34807e-6 -0.5000025 0.8660241 5.73401e-6 -0.5000008 0.866025 -2.9769e-6 -0.500004 0.8660232 0 -0.4999998 0.8660256 0 -0.5 0.8660256 0 -0.4999982 0.8660266 0 -0.5000049 0.8660227 0 -0.4999959 0.8660278 -2.51968e-6 -0.500009 0.8660203 1.86028e-5 -0.5000018 0.8660244 -4.84484e-6 -0.4999998 0.8660256 0 -0.5 0.8660255 0 -0.5000022 0.8660243 -8.69757e-7 -0.4999985 0.8660262 -6.20499e-7 -0.5000004 0.8660252 6.19824e-7 -0.4999985 0.8660264 0 -0.4999999 0.8660255 4.88105e-6 -0.500002 0.8660243 0 -0.4999943 0.8660287 1.37014e-5 -0.499998 0.8660266 1.21426e-6 0 0 1 0.4170174 0.240765 0.8764296 0.4170159 0.2407648 0.8764304 0.4170222 0.2407668 0.8764268 0.3216965 0.1857302 0.928448 0.3216941 0.1857309 0.9284488 0.1182357 0.06826233 0.9906365 0.1182296 0.06826245 0.9906372 -0.09221321 -0.05323821 0.9943152 -0.09220683 -0.05323821 0.9943158 -0.1961665 -0.1132568 0.974008 -0.196166 -0.1132566 0.9740082 -0.3072881 -0.1774126 0.9349326 -0.3072864 -0.1774121 0.9349332 -0.5110443 -0.2950513 0.8073281 -0.5110436 -0.2950521 0.8073281 -0.678189 -0.3915537 0.6218886 -0.6781903 -0.3915541 0.621887 -0.7967534 -0.4600049 0.3918924 -0.7967522 -0.4600054 0.3918941 -0.8582357 -0.4955012 0.1338282 -0.858235 -0.4955023 0.133829 -0.8582361 -0.4955005 -0.1338292 -0.8582337 -0.4955047 -0.133829 -0.7967528 -0.4600054 -0.391893 -0.7967522 -0.4600055 -0.3918941 -0.6781927 -0.3915525 -0.6218853 -0.6781899 -0.3915539 -0.6218875 -0.5110448 -0.2950514 -0.8073277 -0.5110433 -0.2950519 -0.8073285 -0.3072866 -0.1774125 -0.9349331 -0.3072866 -0.1774123 -0.9349331 -0.1961664 -0.1132567 -0.9740081 -0.1961664 -0.1132567 -0.9740082 -0.09221261 -0.05323815 -0.9943152 -0.09221094 -0.05323815 -0.9943153 0.1182329 0.0682612 -0.9906369 0.1182295 0.06826102 -0.9906374 0.3216969 0.185732 -0.9284475 0.3216965 0.1857314 -0.9284477 0 0 -1 -1.39725e-6 0 -1 0.8660253 0.5000004 0 0.8660241 0.5000023 0 0.8660253 0.5000001 0 0.1927159 0.1112607 0.9749265 0.1927104 0.1112607 0.9749276 0.5399591 0.3117448 0.7818308 0.5399567 0.3117457 0.7818321 0.7802606 0.4504858 0.4338847 0.7802646 0.4504826 0.4338809 0.8660262 0.4999988 0 0.8660245 0.5000017 0 0.7802631 0.4504854 -0.4338806 0.7802642 0.450484 -0.4338802 0.5399591 0.3117448 -0.7818308 0.5399538 0.311747 -0.7818337 0.192709 0.1112588 -0.9749282 0.1927009 0.111259 -0.9749297 -0.1927024 -0.1112588 -0.9749294 -0.1927036 -0.1112585 -0.9749292 -0.5399543 -0.311746 -0.7818338 -0.5399599 -0.311744 -0.7818306 -0.7802659 -0.450483 -0.4338784 -0.7802609 -0.4504861 -0.4338839 -0.8660262 -0.4999988 0 -0.7802608 -0.4504855 0.4338849 -0.7802624 -0.4504848 0.4338825 -0.5399543 -0.311746 0.7818338 -0.5399611 -0.3117437 0.7818299 -0.1927024 -0.111261 0.9749292 -0.1927134 -0.1112604 0.974927 0.1800484 0.1039563 0.9781492 0.1800632 0.1039564 0.9781464 0.5090359 0.2938923 0.8090178 0.5090372 0.2938927 0.809017 0.7500005 0.4330127 0.4999994 0.7500022 0.433012 0.4999974 0.8612808 0.4972617 0.1045292 0.8612807 0.4972618 0.1045281 0.8236392 0.4755287 -0.3090166 0.8236415 0.4755264 -0.3090136 0.6435799 0.3715747 -0.6691317 0.6435838 0.3715731 -0.6691288 0.3522505 0.2033666 -0.9135435 0.3522376 0.2033685 -0.913548 0.09051674 0.05226302 -0.9945227 0.09052395 0.05226379 -0.994522 -0.09052938 -0.05226355 -0.9945214 -0.09051519 -0.05226296 -0.9945228 -0.352236 -0.2033685 -0.9135486 -0.3522509 -0.2033677 -0.9135431 -0.6435796 -0.3715711 -0.669134 -0.6435845 -0.3715744 -0.6691275 -0.8236403 -0.475526 -0.3090177 -0.8236386 -0.4755286 -0.309018 -0.8612819 -0.4972597 0.1045286 -0.8612803 -0.4972631 0.1045259 -0.7499994 -0.4330121 0.5000016 -0.7499989 -0.4330135 0.500001 -0.5090385 -0.2938933 0.8090159 -0.5090363 -0.2938922 0.8090177 -0.1800597 -0.1039561 0.9781471 -0.180055 -0.1039559 0.978148 0.1927156 0.1112607 0.9749267 0.1927046 0.1112608 0.9749287 0.5399632 0.3117432 0.7818286 0.5399562 0.311746 0.7818324 0.7802618 0.4504865 0.433882 0.7802655 0.4504832 0.4338788 0.7802643 0.4504861 -0.4338779 0.7802644 0.4504842 -0.4338795 0.5399562 0.311746 -0.7818324 0.1927024 0.1112588 -0.9749294 0.1927031 0.1112588 -0.9749293 -0.1927036 -0.1112584 -0.9749292 -0.5399591 -0.3117448 -0.7818308 -0.5399595 -0.3117438 -0.7818309 -0.7802638 -0.4504858 -0.4338793 -0.7802642 -0.450486 -0.4338783 -0.8660245 -0.5000017 0 -0.8660261 -0.4999989 0 -0.7802646 -0.4504839 0.4338797 -0.7802621 -0.4504868 0.4338811 -0.5399615 -0.3117439 0.7818296 -0.1927024 -0.1112609 0.9749292 0.8660252 0.5000005 0 0.866025 0.5000008 0 0.3219972 0.1859073 0.9283084 0.1084896 0.06263428 0.9921225 0.1084835 0.0626344 0.9921232 0.2184605 0.126264 0.9676427 0.3190333 0.1833167 0.9298455 0.3220034 0.1859061 0.9283065 0.1084899 0.0626344 -0.9921224 0.1084832 0.06263422 -0.9921233 0.318653 0.1839721 -0.9298466 0.2298662 0.1065058 -0.967377 0.3219996 0.1859062 -0.9283077 0.3219972 0.1859073 -0.9283084 0.2241513 0.12941 -0.9659241 0.2241396 0.1294099 -0.9659268 0.6123763 0.3535502 -0.707105 0.612375 0.3535544 -0.7071042 0.8365175 0.4829619 -0.2588174 0.8365148 0.4829648 -0.2588207 0.8365157 0.4829639 0.2588198 0.8365181 0.4829599 0.2588194 0.6123736 0.353554 0.7071056 0.6123716 0.3535528 0.7071079 0.2241415 0.1294097 0.9659264 0.224146 0.1294103 0.9659252 -0.22414 -0.1294088 0.9659268 -0.2241472 -0.1294096 0.965925 -0.6123716 -0.3535528 0.7071079 -0.8365157 -0.4829639 0.2588198 -0.8365153 -0.4829637 0.258821 -0.8365147 -0.4829657 -0.2588194 -0.8365166 -0.4829624 -0.2588192 -0.6123726 -0.3535534 -0.7071067 -0.6123712 -0.3535529 -0.7071081 -0.2241503 -0.1294094 -0.9659245 -0.224142 -0.1294086 -0.9659265 0.2241381 0.1294103 -0.965927 0.2241439 0.1294097 -0.9659258 0.6123735 0.3535512 -0.707107 0.6123778 0.3535534 -0.7071021 0.8365147 0.4829657 -0.2588194 0.8365176 0.482961 -0.2588187 0.8365129 0.4829676 0.2588217 0.2241498 0.1294102 0.9659244 -0.2241488 -0.1294085 0.9659249 -0.224139 -0.1294099 0.965927 -0.6123774 -0.3535508 0.7071039 -0.6123687 -0.3535538 0.7071098 -0.8365184 -0.4829602 0.2588177 -0.8365175 -0.4829619 -0.2588174 -0.6123697 -0.3535544 -0.7071087 -0.6123741 -0.3535519 -0.7071061 -0.2241459 -0.1294095 -0.9659253 -0.2241376 -0.1294087 -0.9659274 0.1354718 0.07821744 -0.987689 0.1354804 0.07821768 -0.9876878 0.3931692 0.2269969 -0.8910053 0.3931701 0.2269949 -0.8910055 0.6123676 0.3535531 -0.7071112 0.612374 0.3535512 -0.7071065 0.7716342 0.4455032 -0.4539908 0.7716338 0.4455028 -0.4539919 0.8553643 0.4938439 -0.1564294 0.8553619 0.493847 -0.1564329 0.8553655 0.4938424 0.1564283 0.8553611 0.4938485 0.1564328 0.7716351 0.4455045 0.453988 0.771634 0.4455006 0.4539937 0.6123683 0.3535521 0.7071112 0.6123732 0.3535531 0.7071062 0.3931662 0.2269972 0.8910065 0.3931701 0.2269949 0.8910055 0.1354743 0.07821774 0.9876886 0.1354838 0.07821732 0.9876874</float_array>
          <technique_common>
            <accessor source="#tail_pipe_assem_-_tptp_bearing-3_cp-2_001-mesh-normals-array" count="427" stride="3">
              <param name="X" type="float"/>
              <param name="Y" type="float"/>
              <param name="Z" type="float"/>
            </accessor>
          </technique_common>
        </source>
        <vertices id="tail_pipe_assem_-_tptp_bearing-3_cp-2_001-mesh-vertices">
          <input semantic="POSITION" source="#tail_pipe_assem_-_tptp_bearing-3_cp-2_001-mesh-positions"/>
        </vertices>
        <triangles material="Material_001-material" count="450">
          <input semantic="VERTEX" source="#tail_pipe_assem_-_tptp_bearing-3_cp-2_001-mesh-vertices" offset="0"/>
          <input semantic="NORMAL" source="#tail_pipe_assem_-_tptp_bearing-3_cp-2_001-mesh-normals" offset="1"/>
          <p>0 0 1 0 2 0 3 1 4 1 5 1 6 2 7 2 8 2 8 3 7 3 9 3 8 4 9 4 10 4 10 5 9 5 11 5 2 6 1 6 12 6 12 7 1 7 13 7 12 8 13 8 14 8 5 9 4 9 15 9 15 10 4 10 16 10 15 11 16 11 17 11 17 12 16 12 18 12 18 13 16 13 19 13 18 14 19 14 20 14 20 15 19 15 21 15 20 16 21 16 8 16 21 17 22 17 8 17 8 18 22 18 23 18 8 19 23 19 6 19 6 20 23 20 24 20 6 21 24 21 25 21 25 22 24 22 26 22 25 23 26 23 27 23 2 24 28 24 0 24 0 25 28 25 29 25 0 26 29 26 30 26 30 27 29 27 31 27 30 28 31 28 32 28 32 29 31 29 33 29 32 30 33 30 11 30 11 31 33 31 34 31 11 32 34 32 10 32 5 33 35 33 3 33 3 34 35 34 36 34 3 35 36 35 37 35 37 36 36 36 38 36 37 37 38 37 39 37 39 38 38 38 14 38 39 39 14 39 40 39 40 40 14 40 13 40 40 41 13 41 26 41 26 42 13 42 41 42 26 43 41 43 27 43 42 44 43 44 44 44 44 45 43 45 45 45 46 46 47 46 48 46 49 47 50 47 51 47 51 48 50 48 47 48 47 49 50 49 52 49 47 50 52 50 53 50 48 51 54 51 46 51 46 52 54 52 55 52 46 53 55 53 56 53 56 54 55 54 57 54 58 55 59 55 60 55 60 56 59 56 61 56 60 57 61 57 62 57 62 58 61 58 63 58 62 59 63 59 64 59 65 60 66 60 67 60 60 40 68 40 58 40 58 61 68 61 69 61 58 62 69 62 53 62 53 63 69 63 70 63 53 64 70 64 47 64 47 65 70 65 71 65 47 66 71 66 48 66 72 67 73 67 74 67 74 68 73 68 75 68 76 69 42 69 77 69 65 70 78 70 66 70 66 71 78 71 79 71 66 72 79 72 80 72 80 73 79 73 81 73 80 74 81 74 82 74 82 75 81 75 83 75 82 76 83 76 84 76 84 77 83 77 85 77 84 78 85 78 86 78 86 79 85 79 63 79 86 80 63 80 87 80 87 81 63 81 61 81 51 82 88 82 49 82 49 83 88 83 89 83 49 84 89 84 67 84 67 85 89 85 90 85 67 86 90 86 65 86 91 87 92 87 93 87 75 88 94 88 74 88 74 89 94 89 95 89 74 90 95 90 57 90 57 91 95 91 96 91 57 92 96 92 56 92 56 93 96 93 97 93 93 94 92 94 98 94 64 95 63 95 77 95 77 96 63 96 99 96 77 97 99 97 76 97 97 63 100 63 56 63 56 98 100 98 101 98 56 99 101 99 102 99 102 100 101 100 91 100 102 101 91 101 103 101 103 21 91 21 93 21 72 102 77 102 73 102 73 79 77 79 42 79 73 103 42 103 104 103 104 104 42 104 105 104 92 105 106 105 98 105 98 106 106 106 107 106 98 104 107 104 108 104 108 107 107 107 109 107 108 108 109 108 110 108 105 109 42 109 110 109 110 110 42 110 44 110 110 111 44 111 108 111 111 112 112 112 113 112 114 113 115 113 116 113 117 114 118 114 119 114 119 115 118 115 113 115 119 116 113 116 120 116 120 117 113 117 112 117 118 118 121 118 113 118 113 119 121 119 122 119 113 120 122 120 115 120 115 121 122 121 123 121 115 122 123 122 116 122 124 123 125 123 126 123 126 124 125 124 127 124 126 125 127 125 128 125 128 126 127 126 129 126 128 127 129 127 130 127 130 128 129 128 131 128 130 129 131 129 132 129 132 130 131 130 133 130 132 131 133 131 134 131 134 132 133 132 135 132 113 133 136 133 111 133 111 134 136 134 137 134 111 135 137 135 124 135 124 136 137 136 138 136 124 137 138 137 125 137 139 138 140 138 141 138 141 139 140 139 135 139 141 140 135 140 142 140 142 118 135 118 133 118 142 141 133 141 143 141 141 142 144 142 139 142 139 143 144 143 145 143 139 144 145 144 117 144 117 145 145 145 146 145 117 146 146 146 118 146 143 147 133 147 147 147 147 148 133 148 148 148 147 149 148 149 149 149 150 150 151 150 152 150 152 151 151 151 153 151 154 152 155 152 116 152 116 153 155 153 156 153 116 154 156 154 114 154 157 155 158 155 159 155 160 156 161 156 162 156 162 157 161 157 163 157 162 158 163 158 159 158 159 159 163 159 164 159 159 160 164 160 157 160 149 161 159 161 147 161 147 162 159 162 158 162 147 163 158 163 165 163 165 164 158 164 166 164 165 165 166 165 154 165 154 166 166 166 167 166 154 167 167 167 155 167 168 168 169 168 115 168 115 169 169 169 170 169 170 170 171 170 115 170 115 171 171 171 172 171 115 172 172 172 113 172 173 173 174 173 162 173 162 174 174 174 152 174 162 175 152 175 160 175 160 176 152 176 153 176 175 177 176 177 177 177 177 178 176 178 178 178 177 179 178 179 179 179 179 180 178 180 180 180 179 181 180 181 181 181 182 182 183 182 184 182 184 183 183 183 185 183 184 184 185 184 175 184 175 177 185 177 186 177 175 185 186 185 176 185 174 186 187 186 152 186 152 187 187 187 188 187 152 188 188 188 180 188 180 189 188 189 189 189 180 190 189 190 181 190 162 191 190 191 173 191 173 192 190 192 191 192 173 193 191 193 192 193 192 194 191 194 193 194 192 195 193 195 182 195 182 196 193 196 194 196 182 197 194 197 183 197 195 198 196 198 43 198 43 199 196 199 45 199 197 200 198 200 199 200 199 201 198 201 200 201 199 202 200 202 201 202 202 203 180 203 197 203 197 204 180 204 203 204 197 205 203 205 198 205 200 206 204 206 201 206 201 207 204 207 205 207 201 208 205 208 206 208 206 209 205 209 207 209 206 210 207 210 208 210 208 211 207 211 209 211 208 212 209 212 196 212 196 213 209 213 210 213 196 214 210 214 45 214 211 215 195 215 152 215 152 216 195 216 43 216 152 162 43 162 150 162 150 217 43 217 212 217 150 218 212 218 168 218 168 219 212 219 213 219 168 220 213 220 169 220 202 221 214 221 180 221 180 222 214 222 215 222 180 223 215 223 152 223 152 224 215 224 216 224 152 225 216 225 211 225 194 226 193 226 31 226 31 226 193 226 33 226 159 227 103 227 162 227 162 228 103 228 93 228 162 229 93 229 190 229 103 230 159 230 149 230 103 231 149 231 102 231 102 232 149 232 148 232 102 233 148 233 56 233 56 234 148 234 133 234 56 235 133 235 46 235 47 236 46 236 131 236 131 237 46 237 133 237 47 238 131 238 129 238 47 239 129 239 51 239 51 240 129 240 127 240 51 241 127 241 88 241 88 242 127 242 125 242 88 243 125 243 89 243 89 244 125 244 138 244 89 245 138 245 90 245 90 246 138 246 137 246 90 247 137 247 65 247 65 248 137 248 136 248 65 249 136 249 78 249 78 250 136 250 113 250 78 251 113 251 79 251 79 252 113 252 172 252 79 253 172 253 81 253 81 254 172 254 171 254 81 255 171 255 83 255 83 256 171 256 170 256 83 257 170 257 85 257 63 258 85 258 169 258 169 259 85 259 170 259 63 260 169 260 213 260 63 261 213 261 99 261 99 262 213 262 212 262 99 263 212 263 76 263 76 264 212 264 43 264 76 265 43 265 42 265 17 266 18 266 207 266 207 267 18 267 209 267 178 268 14 268 180 268 180 269 14 269 38 269 180 270 38 270 203 270 62 271 122 271 60 271 60 272 122 272 121 272 60 273 121 273 68 273 68 274 121 274 118 274 68 275 118 275 69 275 69 276 118 276 146 276 69 277 146 277 70 277 70 278 146 278 145 278 70 279 145 279 71 279 71 280 145 280 144 280 71 281 144 281 48 281 48 282 144 282 141 282 48 283 141 283 54 283 54 284 141 284 142 284 54 285 142 285 55 285 55 286 142 286 143 286 55 287 143 287 57 287 57 288 143 288 147 288 57 289 147 289 74 289 74 290 147 290 165 290 74 291 165 291 72 291 72 291 165 291 154 291 72 292 154 292 77 292 77 293 154 293 116 293 77 294 116 294 64 294 64 295 116 295 123 295 64 296 123 296 62 296 62 297 123 297 122 297 104 298 168 298 73 298 73 299 168 299 115 299 73 300 115 300 75 300 75 301 115 301 114 301 75 302 114 302 94 302 94 303 114 303 156 303 94 304 156 304 95 304 95 305 156 305 155 305 95 306 155 306 96 306 96 307 155 307 167 307 96 308 167 308 97 308 97 309 167 309 166 309 97 310 166 310 100 310 100 311 166 311 158 311 100 312 158 312 101 312 101 313 158 313 157 313 101 314 157 314 91 314 91 315 157 315 164 315 91 316 164 316 92 316 92 317 164 317 163 317 92 318 163 318 106 318 106 319 163 319 161 319 106 320 161 320 107 320 107 321 161 321 160 321 107 322 160 322 109 322 109 323 160 323 153 323 109 324 153 324 110 324 110 325 153 325 151 325 110 326 151 326 105 326 105 327 151 327 150 327 105 328 150 328 104 328 104 329 150 329 168 329 84 330 119 330 82 330 82 331 119 331 120 331 82 332 120 332 80 332 80 333 120 333 112 333 80 334 112 334 66 334 66 335 112 335 111 335 66 277 111 277 67 277 67 278 111 278 124 278 67 336 124 336 49 336 49 337 124 337 126 337 49 281 126 281 50 281 50 338 126 338 128 338 50 339 128 339 52 339 52 340 128 340 130 340 52 285 130 285 53 285 53 341 130 341 132 341 53 342 132 342 58 342 58 343 132 343 134 343 58 344 134 344 59 344 59 345 134 345 135 345 59 346 135 346 61 346 61 347 135 347 140 347 61 348 140 348 87 348 87 349 140 349 139 349 87 294 139 294 86 294 86 350 139 350 117 350 86 351 117 351 84 351 84 297 117 297 119 297 8 352 10 352 108 352 108 353 10 353 98 353 93 354 98 354 10 354 33 355 193 355 34 355 34 356 193 356 191 356 34 357 191 357 10 357 10 358 191 358 190 358 10 359 190 359 93 359 209 360 18 360 210 360 210 361 18 361 20 361 210 362 20 362 45 362 45 363 20 363 8 363 45 364 8 364 44 364 44 365 8 365 108 365 182 366 30 366 192 366 192 367 30 367 32 367 192 368 32 368 173 368 173 369 32 369 11 369 173 370 11 370 174 370 174 371 11 371 9 371 174 372 9 372 187 372 187 373 9 373 7 373 187 374 7 374 188 374 188 375 7 375 6 375 188 376 6 376 189 376 189 377 6 377 25 377 189 378 25 378 181 378 181 379 25 379 27 379 181 380 27 380 179 380 179 380 27 380 41 380 179 381 41 381 177 381 177 382 41 382 13 382 177 383 13 383 175 383 175 384 13 384 1 384 175 385 1 385 184 385 184 386 1 386 0 386 184 387 0 387 182 387 182 388 0 388 30 388 215 389 26 389 216 389 216 390 26 390 24 390 216 391 24 391 211 391 211 392 24 392 23 392 211 393 23 393 195 393 195 394 23 394 22 394 195 395 22 395 196 395 196 373 22 373 21 373 196 374 21 374 208 374 208 375 21 375 19 375 208 376 19 376 206 376 206 396 19 396 16 396 206 397 16 397 201 397 201 398 16 398 4 398 201 399 4 399 199 399 199 400 4 400 3 400 199 401 3 401 197 401 197 382 3 382 37 382 197 402 37 402 202 402 202 384 37 384 39 384 202 403 39 403 214 403 214 404 39 404 40 404 214 405 40 405 215 405 215 406 40 406 26 406 17 407 207 407 205 407 17 408 205 408 15 408 15 409 205 409 204 409 15 410 204 410 5 410 5 411 204 411 200 411 5 412 200 412 35 412 35 413 200 413 198 413 35 414 198 414 36 414 36 415 198 415 203 415 36 416 203 416 38 416 14 417 178 417 176 417 14 418 176 418 12 418 12 419 176 419 186 419 12 420 186 420 2 420 2 421 186 421 185 421 2 422 185 422 28 422 28 423 185 423 183 423 28 424 183 424 29 424 29 425 183 425 194 425 29 426 194 426 31 426</p>
        </triangles>
      </mesh>
    </geometry>
    <geometry id="tail_pipe_assem_-_tptp_bearing-3_cp-1_001-mesh" name="tail_pipe_assem - tptp_bearing-3 cp-1.001">
      <mesh>
        <source id="tail_pipe_assem_-_tptp_bearing-3_cp-1_001-mesh-positions">
          <float_array id="tail_pipe_assem_-_tptp_bearing-3_cp-1_001-mesh-positions-array" count="651">44.79713 23.90931 36.76436 45.30431 24.20213 37.35 46.2062 24.72283 36.38664 45.30431 24.20213 48.95 44.79713 23.90931 49.53564 45.63142 24.39098 50.57705 43.41149 23.10931 39.53564 42.90431 22.81649 38.95 41.07322 21.75931 51.25046 42.71867 22.70931 38.15 41.07322 21.75931 35.04954 42.90431 22.81649 37.35 46.57523 24.93589 37.22295 45.48995 24.30931 38.15 46.70238 25.00931 38.15 44.90716 23.97283 51.00317 44.10431 23.50931 49.75 44.10431 23.50931 51.15 41.73994 22.14424 51.15 43.41149 23.10931 49.53564 41.09415 21.77139 51.24415 42.90431 22.81649 48.95 42.71867 22.70931 48.15 42.90431 22.81649 47.35 43.41149 23.10931 46.76436 44.10431 23.50931 39.75 44.10431 23.50931 46.55 44.79713 23.90931 39.53564 45.63142 24.39098 35.72295 44.90716 23.97283 35.29683 44.10431 23.50931 36.55 44.10431 23.50931 35.15 43.41149 23.10931 36.76436 41.73994 22.14424 35.15 41.09415 21.77139 35.05584 46.2062 24.72283 49.91336 46.57523 24.93589 49.07705 45.48995 24.30931 48.15 46.70238 25.00931 48.15 45.30431 24.20213 47.35 44.79713 23.90931 46.76436 45.30431 24.20213 38.95 37.01315 20.56992 53.40858 39.51315 16.2398 53.40858 39.98889 22.28797 51.52071 42.48889 17.95784 51.52071 33.33404 18.44579 32.30595 14.7145 7.695792 37.30595 26.83133 14.69145 41.34806 14.53732 7.593499 41.90302 15.13999 7.941447 41.34806 13.41422 6.945073 37.87577 15.8915 8.375331 41.15 16.64301 8.809216 41.34806 27.58284 15.12533 41.15 28.33435 15.55922 41.34806 34.58969 19.17074 32.15069 28.93701 15.90716 41.90302 17.24567 9.157164 41.90302 17.58012 9.350259 42.70495 26.83133 14.69145 44.95194 17.58012 9.350259 43.59504 27.58284 15.12533 45.15 33.33404 18.44579 53.99405 28.33435 15.55922 44.95194 10.69534 5.375331 43.15 14.20287 7.400404 43.59504 14.20287 7.400404 42.70495 26.22867 14.3435 44.39698 25.89422 14.1504 43.59504 25.89422 14.1504 42.70495 26.22867 14.3435 41.90302 29.27147 16.10026 43.59504 33.63043 18.61691 45.43386 29.27147 16.10026 42.70495 32.90209 18.1964 44.82283 35.84068 19.893 53.95023 28.93701 15.90716 44.39698 10.88147 5.48279 44.74148 11.4265 5.797466 46.21895 14.53732 7.593499 44.39698 12.29141 6.296819 47.47656 15.13999 7.941447 44.95194 13.41422 6.945073 48.42422 15.8915 8.375331 45.15 14.7145 7.695792 48.99405 16.64301 8.809216 44.95194 17.24567 9.157164 44.39698 12.29141 6.296819 38.82344 11.4265 5.797466 40.08105 10.88147 5.48279 41.55852 34.96118 19.38522 40.70463 35.78363 19.86006 41.12746 39.98889 22.28797 34.77929 32.45195 17.93651 43.92254 32.35784 17.88218 42.88868 32.63604 18.0428 41.9 33.23845 18.3906 41.12746 40.57322 22.62533 35.04954 34.58969 19.17074 54.14931 34.0609 18.86544 40.70463 34.51104 19.12533 40.65 35.84068 19.893 32.34976 37.01315 20.56992 32.89142 34.51104 19.12533 45.65 35.39165 19.63375 45.43386 36.38604 20.20786 41.9 36.66424 20.36849 42.88868 40.57322 22.62533 51.25046 36.57014 20.31415 43.92254 36.12 20.05426 44.82283 16.70288 3.070277 43.59504 17.03733 3.263372 44.39698 13.9265 1.467339 46.21895 35.40209 13.86627 44.82283 36.13043 14.28678 45.43386 31.43701 11.57704 44.39698 19.14301 4.479089 44.95194 28.72867 10.01337 44.39698 18.3915 4.045204 45.15 17.63999 3.61132 44.95194 29.33133 10.36132 44.95194 30.08284 10.7952 45.15 30.83435 11.22909 44.95194 16.70288 3.070277 42.70495 13.9265 1.467339 40.08105 17.03733 3.263372 41.90302 14.79141 1.966692 38.82344 17.63999 3.61132 41.34806 15.91422 2.614946 37.87577 18.3915 4.045204 41.15 17.2145 3.365665 37.30595 19.14301 4.479089 41.34806 35.83404 14.11566 32.30595 19.74567 4.827037 41.90302 20.08012 5.020132 42.70495 13.38147 1.152664 44.74148 13.19534 1.045204 43.15 13.38147 1.152664 41.55852 19.74567 4.827037 44.39698 20.08012 5.020132 43.59504 29.33133 10.36132 41.34806 30.08284 10.7952 41.15 30.83435 11.22909 41.34806 28.72867 10.01337 41.90302 28.39422 9.820278 42.70495 28.39422 9.820278 43.59504 31.43701 11.57704 41.90302 37.08969 14.84061 32.15069 38.34068 15.56287 32.34976 37.89165 15.30362 45.43386 38.62 15.72414 44.82283 41.94739 17.64521 45.4 39.07014 15.98402 43.92254 31.77147 11.77013 43.59504 34.85784 13.55205 42.88868 34.95195 13.60638 43.92254 37.01104 14.7952 40.65 36.5609 14.53531 40.70463 39.51315 16.2398 32.89142 39.16424 16.03836 42.88868 38.88604 15.87774 41.9 41.94739 17.64521 34.43575 38.28363 15.52994 41.12746 37.46118 15.05509 40.70463 31.77147 11.77013 42.70495 35.73845 14.06047 41.12746 35.13604 13.71267 41.9 37.01104 14.7952 45.65 35.83404 14.11566 53.99405 17.2145 3.365665 48.99405 15.91422 2.614946 48.42422 14.79141 1.966692 47.47656 44.90431 19.35239 37.35 44.71867 19.24521 38.15 47.30431 20.73803 37.35 48.57523 21.47179 37.22295 47.48995 20.84521 38.15 48.70238 21.5452 38.15 47.30431 20.73803 38.95 48.70238 21.5452 45.4 46.79713 20.4452 39.53564 46.10431 20.0452 36.55 46.90716 20.50873 35.29683 46.79713 20.4452 36.76436 47.63142 20.92688 35.72295 48.2062 21.25873 36.38664 44.90431 19.35239 38.95 45.41149 19.64521 39.53564 46.10431 20.0452 39.75 42.48889 17.95784 34.77929 43.09415 18.30729 35.05584 45.41149 19.64521 36.76436 43.73994 18.68014 35.15 46.10431 20.0452 35.15 44.71867 19.24521 48.15 44.90431 19.35239 48.95 47.48995 20.84521 48.15 48.57523 21.47179 49.07705 47.30431 20.73803 48.95 48.2062 21.25873 49.91336 46.79713 20.4452 49.53564 47.30431 20.73803 47.35 48.70238 21.5452 48.15 47.63142 20.92688 50.57705 46.90716 20.50873 51.00317 46.10431 20.0452 49.75 46.10431 20.0452 51.15 45.41149 19.64521 49.53564 43.73994 18.68014 51.15 43.09415 18.30729 51.24415 44.90431 19.35239 47.35 38.34068 15.56287 53.95023 37.08969 14.84061 54.14931 46.79713 20.4452 46.76436 46.10431 20.0452 46.55 45.41149 19.64521 46.76436</float_array>
          <technique_common>
            <accessor source="#tail_pipe_assem_-_tptp_bearing-3_cp-1_001-mesh-positions-array" count="217" stride="3">
              <param name="X" type="float"/>
              <param name="Y" type="float"/>
              <param name="Z" type="float"/>
            </accessor>
          </technique_common>
        </source>
        <source id="tail_pipe_assem_-_tptp_bearing-3_cp-1_001-mesh-normals">
          <float_array id="tail_pipe_assem_-_tptp_bearing-3_cp-1_001-mesh-normals-array" count="1305">-0.499997 0.8660272 -3.2491e-6 -0.499997 0.8660272 0 -0.5000054 0.8660224 -9.03763e-7 -0.499994 0.8660289 2.4237e-6 -0.4999998 0.8660255 0 -0.5000015 0.8660246 -4.80193e-6 -0.4999987 0.8660262 0 -0.4999982 0.8660265 0 -0.5000005 0.8660252 -2.93923e-6 -0.5000011 0.8660249 -1.11633e-6 -0.5000026 0.866024 -6.35117e-6 -0.4999954 0.8660282 0 -0.4999977 0.8660267 0 -0.5000031 0.8660237 -2.23705e-6 -0.499999 0.866026 -7.46445e-6 -0.5000012 0.8660247 2.97134e-6 -0.5001602 0.8659329 -1.80628e-4 -0.4999931 0.8660294 3.49228e-6 -0.5000119 0.8660185 -1.22644e-5 -0.5000002 0.8660254 5.35843e-7 -0.4999998 0.8660256 0 -0.5000011 0.8660248 0 -0.5000001 0.8660254 0 -0.4999943 0.8660288 0 -0.5000049 0.8660226 0 -0.5000002 0.8660254 0 -0.5000016 0.8660246 6.3512e-6 -0.500001 0.8660248 0 -0.4999995 0.8660258 0 -0.5000002 0.8660254 1.73103e-6 -0.5000017 0.8660244 -1.83769e-6 -0.4999962 0.8660276 3.77955e-6 -0.5002302 0.8658926 1.66532e-4 -0.4999981 0.8660265 0 -0.4999961 0.8660277 0 -0.5000007 0.866025 2.2044e-6 -0.5000016 0.8660246 0 -0.4999992 0.866026 0 -0.5 0.8660255 -1.20463e-6 -0.5000025 0.8660241 3.16309e-7 -0.4999971 0.8660271 0 -0.4999545 0.8660516 1.46533e-5 -0.5000136 0.8660176 -1.57229e-6 0.4170171 0.2407654 0.8764297 0.4170184 0.2407661 0.8764289 -0.4999996 0.8660256 0 -0.5000011 0.8660248 0 -0.4999994 0.8660258 -3.0042e-7 -0.4999995 0.8660257 0 -0.5000013 0.8660248 -3.10992e-7 -0.5000008 0.866025 0 -0.4999997 0.8660256 6.36498e-7 -0.4999986 0.8660262 1.24931e-6 -0.5000005 0.8660252 -1.46593e-6 -0.5000012 0.8660249 -1.98196e-6 -0.5000012 0.8660249 0 -0.500036 0.8660048 0 -0.4999996 0.8660257 -3.3235e-7 -0.4999997 0.8660257 0 -0.4999952 0.8660281 3.79492e-6 -0.4999995 0.8660258 -1.6856e-6 -0.5000007 0.8660252 3.49602e-6 -0.5000014 0.8660247 0 -0.4999997 0.8660256 0 -0.5000017 0.8660244 -2.30033e-7 -0.5000028 0.8660239 1.80322e-7 -0.4999993 0.8660259 0 -0.4999876 0.8660326 0 -0.4999988 0.8660262 -1.76897e-6 -0.4999982 0.8660265 0 -0.5000006 0.8660251 -5.97172e-7 -0.5000039 0.8660233 0 -0.5 0.8660254 -3.00984e-7 -0.4999969 0.8660272 0 -0.5000002 0.8660252 0 -0.4999979 0.8660267 0 -0.5000005 0.8660252 0 -0.5000011 0.8660248 6.21982e-7 -0.5000009 0.866025 0 -0.4999963 0.8660276 0 -0.5000028 0.8660238 0 -0.4999995 0.8660257 -2.95697e-7 -0.5 0.8660254 3.00984e-7 -0.4999989 0.8660261 -1.0643e-6 -0.5000002 0.8660253 5.97172e-7 -0.4999992 0.8660259 -1.50183e-7 -0.5000008 0.8660249 -2.85379e-6 -0.5000024 0.866024 -8.45789e-7 -0.4999995 0.8660257 5.47495e-6 -0.5000009 0.8660249 -2.71061e-6 -0.4999999 0.8660256 0 -0.5000021 0.8660242 1.13558e-6 -0.5 0.8660256 -2.72694e-6 -0.4999985 0.8660264 1.60682e-6 -0.4999968 0.8660273 -8.71836e-7 -0.5000029 0.8660238 7.43758e-7 -0.4999982 0.8660265 -4.84997e-7 -0.5000038 0.8660233 0 -0.4999979 0.8660266 0 -0.5000121 0.8660184 8.67355e-7 -0.4999961 0.8660277 6.43213e-7 -0.5 0.8660255 -4.87191e-7 -0.5000001 0.8660255 0 -0.5000006 0.8660251 7.7913e-7 -0.4999983 0.8660265 0 -0.5000025 0.866024 8.96134e-7 -0.5000025 0.866024 1.79508e-6 -0.4999962 0.8660276 -2.73223e-7 -0.4999998 0.8660255 0 -0.4999972 0.8660271 0 -0.5000015 0.8660247 -9.57227e-7 -0.4999995 0.8660258 4.85889e-7 -0.4999997 0.8660256 -2.42601e-7 -0.5000001 0.8660253 3.33069e-6 0.5000012 -0.8660247 0 0.5000013 -0.8660247 -3.12747e-6 0.5000081 -0.8660209 0 0.5000032 -0.8660235 0 0.4999852 -0.866034 1.95753e-6 0.5000012 -0.8660249 2.92418e-7 0.4999963 -0.8660276 1.41899e-6 0.5000006 -0.8660251 2.0631e-6 0.5000049 -0.8660227 0 0.5000089 -0.8660204 -3.51171e-6 0.5 -0.8660255 1.79014e-6 0.5000021 -0.8660242 0 0.4999998 -0.8660255 -1.50492e-7 0.5000033 -0.8660236 0 0.4999984 -0.8660264 0 0.5000005 -0.8660251 -5.59698e-7 0.5000002 -0.8660253 0 0.5 -0.8660255 0 0.5 -0.8660255 0 0.5000016 -0.8660245 0 0.4999993 -0.8660259 1.64037e-6 0.4999996 -0.8660256 0 0.4999975 -0.8660269 0 0.5000044 -0.866023 0 0.4999997 -0.8660256 0 0.4999982 -0.8660266 0 0.500002 -0.8660243 0 0.4999985 -0.8660262 0 0.5000148 -0.8660169 -1.62617e-5 0.4999996 -0.8660257 0 0.499998 -0.8660266 8.4866e-7 0.500001 -0.8660249 0 0.4999971 -0.8660272 -3.88987e-7 0.5000007 -0.8660252 0 0.5000014 -0.8660247 0 0.4999999 -0.8660255 -5.24536e-7 0.4999997 -0.8660257 -8.03411e-7 0.5000009 -0.8660249 -5.81226e-7 0.4999998 -0.8660255 0 0.4999999 -0.8660256 5.3859e-6 0.4999973 -0.8660271 -2.28333e-6 0.5000026 -0.866024 -2.95119e-6 0.4999982 -0.8660265 -1.29097e-6 0.4999986 -0.8660262 1.46697e-6 0.4999995 -0.8660258 0 0.5000007 -0.866025 0 0.4999979 -0.8660266 -4.81467e-7 0.5000007 -0.8660251 0 0.500001 -0.8660249 2.26475e-7 0.5000004 -0.8660252 6.82726e-7 0.4999986 -0.8660262 8.84484e-7 0.5 -0.8660254 -3.6208e-7 0.5000036 -0.8660233 1.46507e-6 0.4999651 -0.8660456 -4.34775e-6 0.4999996 -0.8660258 0 0.5000025 -0.866024 -1.04666e-6 0.5000007 -0.866025 3.61615e-6 0.4999972 -0.866027 0 0.4999998 -0.8660256 0 0.5000029 -0.8660238 1.71528e-6 0.4999979 -0.8660267 -2.7511e-7 0.4999994 -0.8660258 -4.61997e-7 0.4999966 -0.8660274 2.27323e-6 0.5000002 -0.8660253 0 0.4999997 -0.8660256 0 0.4999988 -0.8660261 0 0.4999988 -0.8660261 -3.17558e-6 0.5000002 -0.8660253 4.77624e-6 0.5000012 -0.8660249 0 0.5000019 -0.8660244 0 0.4999954 -0.8660281 0 0.5000004 -0.8660252 2.3817e-6 0.5000002 -0.8660254 2.97689e-6 0.5 -0.8660254 0 0.4999993 -0.8660259 1.48844e-6 0.4999992 -0.8660259 -1.85445e-6 0.4999992 -0.866026 -9.9049e-7 0.4999998 -0.8660255 0 0.500003 -0.8660237 -4.42779e-6 0.5000001 -0.8660254 3.69423e-7 0.4999863 -0.8660334 0 0.5000106 -0.8660194 7.44113e-6 0.4999944 -0.8660287 -2.97135e-6 0.5000118 -0.8660185 3.73221e-6 0.4999959 -0.8660278 -4.47412e-6 0.5000008 -0.866025 0 0.500001 -0.8660248 0 0.4999975 -0.8660269 -2.57058e-6 0.4999979 -0.8660267 6.41533e-6 0.4999937 -0.8660292 3.17557e-6 0.4999987 -0.8660262 -1.48844e-6 0.499997 -0.8660272 -3.2491e-6 0.4999945 -0.8660287 0 0.5000006 -0.8660251 0 0.5000007 -0.866025 -4.77621e-6 0.5000028 -0.8660238 2.86702e-6 0.5000013 -0.8660247 -2.97689e-6 0.500004 -0.8660232 -3.1756e-6 0.4999944 -0.8660287 0 0.4999957 -0.866028 0 0.5000015 -0.8660247 1.73103e-6 0.4999976 -0.8660269 0 0.5000019 -0.8660244 2.51969e-6 0.500005 -0.8660227 -7.44116e-6 0.4999981 -0.8660265 2.42242e-6 0.5000004 -0.8660252 -9.14872e-7 0.4999998 -0.8660256 0 0.500002 -0.8660243 0 0.500002 -0.8660243 4.3488e-7 0.4999999 -0.8660255 -3.1025e-7 0.5000002 -0.8660253 0 0.5000025 -0.866024 -1.22025e-6 0.5000009 -0.866025 1.70109e-6 0.499998 -0.8660266 9.78673e-7 0.5000021 -0.8660243 1.82139e-6 0 0 -1 0.417017 0.2407653 -0.8764296 0.4170179 0.240766 -0.8764291 0.4170151 0.2407677 -0.87643 0.3216966 0.1857315 -0.9284477 0.3216962 0.185731 -0.928448 0.1182307 0.06826108 -0.9906372 0.1182338 0.06826108 -0.9906368 -0.09220957 -0.05323827 -0.9943155 -0.09221118 -0.05323827 -0.9943153 -0.1961675 -0.1132567 -0.9740078 -0.1961664 -0.1132567 -0.9740082 -0.3072904 -0.1774123 -0.9349319 -0.3072801 -0.1774129 -0.934935 -0.5110469 -0.295051 -0.8073265 -0.5110432 -0.2950519 -0.8073286 -0.6781925 -0.3915527 -0.6218854 -0.67819 -0.3915539 -0.6218874 -0.7967532 -0.4600048 -0.391893 -0.7967524 -0.4600058 -0.3918935 -0.8582356 -0.4955013 -0.1338286 -0.8582347 -0.4955028 -0.1338291 -0.858236 -0.495501 0.1338282 -0.8582351 -0.4955024 0.1338284 -0.7967533 -0.4600045 0.3918929 -0.7967525 -0.4600058 0.3918933 -0.6781906 -0.3915538 0.6218869 -0.6781878 -0.3915549 0.6218891 -0.5110474 -0.295051 0.8073261 -0.511043 -0.2950517 0.8073287 -0.3072913 -0.1774123 0.9349315 -0.3072835 -0.1774127 0.934934 -0.1961664 -0.1132567 0.9740081 -0.1961656 -0.1132568 0.9740083 -0.092206 -0.05323827 0.9943158 -0.09221529 -0.05323827 0.9943149 0.1182317 0.06826239 0.990637 0.1182338 0.06826239 0.9906368 0.3216904 0.1857303 0.9284501 0.3216965 0.1857302 0.928448 0 0 1 0.8660255 0.4999999 0 0.8660255 0.5 0 0.8660253 0.5000001 0 0.192709 0.1112587 -0.9749281 0.192704 0.1112588 -0.9749292 0.5399584 0.3117444 -0.7818316 0.5399613 0.3117444 -0.7818294 0.7802631 0.4504854 -0.4338806 0.780262 0.4504858 -0.4338825 0.8660262 0.4999988 0 0.8660245 0.5000017 0 0.7802664 0.4504808 0.4338795 0.7802587 0.4504879 0.4338861 0.5399543 0.311746 0.7818338 0.5399618 0.3117437 0.7818295 0.1927022 0.1112608 0.9749292 0.192714 0.1112608 0.974927 -0.1927086 -0.1112607 0.974928 -0.1927069 -0.1112606 0.9749283 -0.5399632 -0.3117432 0.7818286 -0.5399541 -0.311747 0.7818334 -0.7802631 -0.4504837 0.4338824 -0.7802618 -0.4504846 0.4338838 -0.8660262 -0.4999988 0 -0.7802605 -0.4504879 -0.433883 -0.7802636 -0.4504837 -0.4338814 -0.5399591 -0.3117448 -0.7818308 -0.5399564 -0.3117459 -0.7818323 -0.1927021 -0.1112586 -0.9749295 -0.1927078 -0.1112585 -0.9749284 0.1800486 0.1039546 -0.9781492 0.1800563 0.103954 -0.9781479 0.5090385 0.2938933 -0.8090159 0.5090393 0.2938926 -0.8090156 0.7500005 0.4330127 -0.4999994 0.7500004 0.4330122 -0.4999999 0.8612824 0.4972593 -0.1045272 0.8612788 0.4972651 -0.1045286 0.82364 0.4755273 0.3090162 0.8236415 0.4755272 0.3090124 0.6435818 0.3715709 0.6691319 0.6435773 0.3715727 0.6691353 0.3522415 0.2033682 0.9135466 0.3522481 0.2033674 0.9135442 0.09052938 0.05226719 0.9945213 0.09052765 0.05226707 0.9945215 -0.09052914 -0.05226707 0.9945214 -0.09053093 -0.05226725 0.9945212 -0.3522461 -0.2033675 0.9135449 -0.3522394 -0.2033687 0.9135473 -0.6435791 -0.3715721 0.6691339 -0.6435816 -0.3715725 0.6691312 -0.8236423 -0.4755252 0.3090133 -0.8236371 -0.4755311 0.3090181 -0.8612823 -0.4972592 -0.1045287 -0.861281 -0.4972612 -0.104529 -0.7500005 -0.4330127 -0.4999994 -0.7499997 -0.4330127 -0.5000006 -0.5090385 -0.2938933 -0.8090159 -0.5090365 -0.2938935 -0.809017 -0.180059 -0.1039538 -0.9781475 -0.1800513 -0.1039545 -0.9781488 0.1927083 0.1112583 -0.9749283 0.1927049 0.1112589 -0.9749289 0.5399539 0.3117458 -0.7818341 0.5399639 0.3117442 -0.7818278 0.7802633 0.450486 -0.4338799 0.780261 0.4504879 -0.4338819 0.7802668 0.4504819 0.4338776 0.7802615 0.4504866 0.4338826 0.5399494 0.3117471 0.7818366 0.5399681 0.311743 0.7818254 0.1926953 0.1112609 0.9749306 0.1927145 0.1112606 0.9749268 -0.1927087 -0.1112607 0.974928 -0.1927068 -0.1112606 0.9749283 -0.5399637 -0.3117435 0.7818281 -0.5399562 -0.3117454 0.7818326 -0.7802589 -0.4504888 0.4338846 -0.7802655 -0.4504832 0.4338787 -0.8660245 -0.5000017 0 -0.7802664 -0.4504833 -0.4338769 -0.7802627 -0.4504866 -0.4338805 -0.5399587 -0.3117446 -0.7818312 -0.5399575 -0.3117451 -0.7818319 -0.1927078 -0.1112585 -0.9749284 0.8660255 0.5 0 0.8660289 0.4999942 0 0.3220003 0.1859061 -0.9283074 0.1084896 0.06263428 -0.9921225 0.1084823 0.0626344 -0.9921233 0.2188969 0.1262514 -0.9675458 0.3182663 0.1846283 -0.9298489 0.3220028 0.1859056 -0.9283068 0.1084896 0.06263428 0.9921225 0.1084796 0.0626344 0.9921236 0.3186469 0.1839716 0.9298488 0.2074298 0.1459692 0.9672983 0.3219962 0.1859061 0.9283089 0.322005 0.1859057 0.9283059 0.2241503 0.1294094 0.9659245 0.2241423 0.1294098 0.9659262 0.6123678 0.3535559 0.7071096 0.6123745 0.3535518 0.7071059 0.8365157 0.4829639 0.2588198 0.8365147 0.4829648 0.2588211 0.8365175 0.4829619 -0.2588174 0.8365173 0.4829618 -0.2588183 0.6123687 0.3535538 -0.7071098 0.6123761 0.3535531 -0.7071038 0.2241459 0.1294095 -0.9659253 0.224139 0.1294099 -0.965927 -0.2241371 -0.1294098 -0.9659274 -0.2241442 -0.1294096 -0.9659258 -0.6123745 -0.3535518 -0.7071059 -0.6123686 -0.353554 -0.7071098 -0.8365175 -0.4829619 -0.2588174 -0.8365172 -0.4829618 -0.2588185 -0.8365157 -0.4829639 0.2588198 -0.8365161 -0.4829627 0.2588202 -0.6123716 -0.3535528 0.7071079 -0.6123712 -0.3535532 0.7071081 -0.2241415 -0.1294097 0.9659264 -0.2241497 -0.1294094 0.9659245 0.2241415 0.1294097 0.9659264 0.2241494 0.1294096 0.9659246 0.6123736 0.353554 0.7071056 0.6123659 0.3535547 0.7071118 0.8365184 0.4829602 0.2588177 0.8365153 0.4829639 0.2588206 0.8365147 0.4829657 -0.2588194 0.8365166 0.4829627 -0.2588188 0.6123716 0.3535528 -0.7071079 0.6123732 0.353554 -0.7071058 0.2241503 0.1294094 -0.9659245 0.2241461 0.1294097 -0.9659253 -0.2241503 -0.1294094 -0.9659245 -0.2241459 -0.1294095 -0.9659253 -0.6123716 -0.3535528 -0.7071079 -0.6123729 -0.3535525 -0.7071068 -0.8365151 -0.4829645 -0.25882 -0.8365182 -0.4829599 0.2588188 -0.6123668 -0.3535547 0.7071111 -0.2241503 -0.1294094 0.9659245 -0.2241426 -0.1294096 0.9659261 0.135482 0.0782175 0.9876875 0.1354681 0.07821768 0.9876895 0.393171 0.2269964 0.8910046 0.3931722 0.2269966 0.891004 0.6123729 0.3535512 0.7071075 0.6123655 0.3535534 0.7071129 0.7716372 0.445501 0.4539875 0.7716365 0.445503 0.453987 0.8553612 0.4938481 0.1564333 0.8553652 0.4938415 0.1564326 0.8553635 0.4938442 -0.1564327 0.8553617 0.4938468 -0.1564349 0.7716367 0.4455015 -0.453988 0.7716332 0.4455058 -0.4539899 0.612372 0.3535515 -0.7071081 0.6123706 0.3535516 -0.7071093 0.3931683 0.226997 -0.8910056 0.393168 0.2269965 -0.8910059 0.1354851 0.0782175 -0.9876872 0.1354721 0.07821762 -0.9876888</float_array>
          <technique_common>
            <accessor source="#tail_pipe_assem_-_tptp_bearing-3_cp-1_001-mesh-normals-array" count="435" stride="3">
              <param name="X" type="float"/>
              <param name="Y" type="float"/>
              <param name="Z" type="float"/>
            </accessor>
          </technique_common>
        </source>
        <vertices id="tail_pipe_assem_-_tptp_bearing-3_cp-1_001-mesh-vertices">
          <input semantic="POSITION" source="#tail_pipe_assem_-_tptp_bearing-3_cp-1_001-mesh-positions"/>
        </vertices>
        <triangles material="Material_001-material" count="450">
          <input semantic="VERTEX" source="#tail_pipe_assem_-_tptp_bearing-3_cp-1_001-mesh-vertices" offset="0"/>
          <input semantic="NORMAL" source="#tail_pipe_assem_-_tptp_bearing-3_cp-1_001-mesh-normals" offset="1"/>
          <p>0 0 1 0 2 0 3 1 4 1 5 1 6 2 7 2 8 2 8 3 7 3 9 3 8 4 9 4 10 4 10 5 9 5 11 5 2 6 1 6 12 6 12 7 1 7 13 7 12 8 13 8 14 8 5 9 4 9 15 9 15 10 4 10 16 10 15 11 16 11 17 11 17 12 16 12 18 12 18 13 16 13 19 13 18 14 19 14 20 14 20 15 19 15 21 15 20 16 21 16 8 16 21 17 22 17 8 17 8 18 22 18 23 18 8 19 23 19 6 19 6 20 23 20 24 20 6 21 24 21 25 21 25 22 24 22 26 22 25 23 26 23 27 23 2 24 28 24 0 24 0 25 28 25 29 25 0 26 29 26 30 26 30 27 29 27 31 27 30 28 31 28 32 28 32 29 31 29 33 29 32 30 33 30 11 30 11 31 33 31 34 31 11 32 34 32 10 32 5 33 35 33 3 33 3 6 35 6 36 6 3 34 36 34 37 34 37 35 36 35 38 35 37 36 38 36 39 36 39 37 38 37 14 37 39 38 14 38 40 38 40 39 14 39 13 39 40 40 13 40 26 40 26 41 13 41 41 41 26 42 41 42 27 42 42 43 43 43 44 43 44 44 43 44 45 44 46 45 47 45 48 45 49 46 50 46 51 46 51 47 50 47 47 47 47 48 50 48 52 48 47 49 52 49 53 49 48 50 54 50 46 50 46 51 54 51 55 51 46 52 55 52 56 52 56 53 55 53 57 53 58 54 59 54 60 54 60 55 59 55 61 55 60 56 61 56 62 56 62 57 61 57 63 57 62 58 63 58 64 58 65 21 66 21 67 21 60 59 68 59 58 59 58 60 68 60 69 60 58 61 69 61 53 61 53 62 69 62 70 62 53 63 70 63 47 63 47 64 70 64 71 64 47 65 71 65 48 65 72 66 73 66 74 66 74 67 73 67 75 67 76 68 42 68 77 68 65 69 78 69 66 69 66 70 78 70 79 70 66 71 79 71 80 71 80 72 79 72 81 72 80 73 81 73 82 73 82 74 81 74 83 74 82 75 83 75 84 75 84 76 83 76 85 76 84 77 85 77 86 77 86 78 85 78 63 78 86 79 63 79 87 79 87 80 63 80 61 80 51 81 88 81 49 81 49 82 88 82 89 82 49 83 89 83 67 83 67 84 89 84 90 84 67 85 90 85 65 85 91 21 92 21 93 21 75 86 94 86 74 86 74 87 94 87 95 87 74 88 95 88 57 88 57 89 95 89 96 89 57 90 96 90 56 90 56 91 96 91 97 91 93 92 92 92 98 92 64 93 63 93 77 93 77 94 63 94 99 94 77 95 99 95 76 95 97 96 100 96 56 96 56 97 100 97 101 97 56 98 101 98 102 98 102 99 101 99 91 99 102 100 91 100 103 100 103 101 91 101 93 101 72 102 77 102 73 102 73 103 77 103 42 103 73 104 42 104 104 104 104 105 42 105 105 105 92 106 106 106 98 106 98 107 106 107 107 107 98 108 107 108 108 108 108 109 107 109 109 109 108 110 109 110 110 110 105 111 42 111 110 111 110 112 42 112 44 112 110 113 44 113 108 113 111 114 112 114 113 114 114 115 115 115 116 115 117 116 118 116 119 116 119 117 118 117 113 117 119 118 113 118 120 118 120 119 113 119 112 119 118 120 121 120 113 120 113 121 121 121 122 121 113 122 122 122 115 122 115 123 122 123 123 123 115 124 123 124 116 124 124 125 125 125 126 125 126 126 125 126 127 126 126 127 127 127 128 127 128 128 127 128 129 128 128 129 129 129 130 129 130 130 129 130 131 130 130 131 131 131 132 131 132 132 131 132 133 132 132 133 133 133 134 133 134 134 133 134 135 134 113 135 136 135 111 135 111 136 136 136 137 136 111 137 137 137 124 137 124 138 137 138 138 138 124 139 138 139 125 139 139 140 140 140 141 140 141 141 140 141 135 141 141 142 135 142 142 142 142 143 135 143 133 143 142 144 133 144 143 144 141 145 144 145 139 145 139 146 144 146 145 146 139 147 145 147 117 147 117 148 145 148 146 148 117 149 146 149 118 149 143 150 133 150 147 150 147 151 133 151 148 151 147 152 148 152 149 152 150 153 151 153 152 153 152 154 151 154 153 154 154 155 155 155 116 155 116 156 155 156 156 156 116 157 156 157 114 157 157 158 158 158 159 158 160 159 161 159 162 159 162 160 161 160 163 160 162 161 163 161 159 161 159 162 163 162 164 162 159 163 164 163 157 163 149 164 159 164 147 164 147 165 159 165 158 165 147 166 158 166 165 166 165 167 158 167 166 167 165 168 166 168 154 168 154 169 166 169 167 169 154 170 167 170 155 170 168 171 169 171 115 171 115 172 169 172 170 172 170 173 171 173 115 173 115 174 171 174 172 174 115 175 172 175 113 175 173 176 174 176 162 176 162 177 174 177 152 177 162 178 152 178 160 178 160 179 152 179 153 179 175 180 176 180 177 180 177 181 176 181 178 181 177 182 178 182 179 182 179 183 178 183 180 183 179 184 180 184 181 184 182 185 183 185 184 185 184 186 183 186 185 186 184 187 185 187 175 187 175 148 185 148 186 148 175 188 186 188 176 188 174 189 187 189 152 189 152 190 187 190 188 190 152 191 188 191 180 191 180 192 188 192 189 192 180 193 189 193 181 193 162 194 190 194 173 194 173 195 190 195 191 195 173 196 191 196 192 196 192 197 191 197 193 197 192 198 193 198 182 198 182 199 193 199 194 199 182 200 194 200 183 200 195 201 196 201 43 201 43 202 196 202 45 202 197 203 198 203 199 203 199 204 198 204 200 204 199 205 200 205 201 205 202 206 180 206 197 206 197 207 180 207 203 207 197 208 203 208 198 208 200 209 204 209 201 209 201 210 204 210 205 210 201 211 205 211 206 211 206 212 205 212 207 212 206 213 207 213 208 213 208 214 207 214 209 214 208 215 209 215 196 215 196 216 209 216 210 216 196 217 210 217 45 217 211 218 195 218 152 218 152 219 195 219 43 219 152 220 43 220 150 220 150 221 43 221 212 221 150 222 212 222 168 222 168 223 212 223 213 223 168 224 213 224 169 224 202 135 214 135 180 135 180 225 214 225 215 225 180 226 215 226 152 226 152 227 215 227 216 227 152 228 216 228 211 228 194 229 193 229 31 229 31 229 193 229 33 229 159 230 103 230 162 230 162 231 103 231 93 231 162 232 93 232 190 232 103 233 159 233 149 233 103 234 149 234 102 234 102 235 149 235 148 235 102 236 148 236 56 236 56 237 148 237 133 237 56 238 133 238 46 238 47 239 46 239 131 239 131 240 46 240 133 240 47 241 131 241 129 241 47 242 129 242 51 242 51 243 129 243 127 243 51 244 127 244 88 244 88 245 127 245 125 245 88 246 125 246 89 246 89 247 125 247 138 247 89 248 138 248 90 248 90 249 138 249 137 249 90 250 137 250 65 250 65 251 137 251 136 251 65 252 136 252 78 252 78 253 136 253 113 253 78 254 113 254 79 254 79 255 113 255 172 255 79 256 172 256 81 256 81 257 172 257 171 257 81 258 171 258 83 258 83 259 171 259 170 259 83 260 170 260 85 260 63 261 85 261 169 261 169 262 85 262 170 262 63 263 169 263 213 263 63 264 213 264 99 264 99 265 213 265 212 265 99 266 212 266 76 266 76 267 212 267 43 267 76 268 43 268 42 268 17 269 18 269 207 269 207 269 18 269 209 269 178 270 14 270 180 270 180 271 14 271 38 271 180 272 38 272 203 272 62 273 122 273 60 273 60 274 122 274 121 274 60 275 121 275 68 275 68 276 121 276 118 276 68 277 118 277 69 277 69 278 118 278 146 278 69 279 146 279 70 279 70 280 146 280 145 280 70 281 145 281 71 281 71 282 145 282 144 282 71 283 144 283 48 283 48 284 144 284 141 284 48 285 141 285 54 285 54 286 141 286 142 286 54 287 142 287 55 287 55 288 142 288 143 288 55 289 143 289 57 289 57 290 143 290 147 290 57 291 147 291 74 291 74 292 147 292 165 292 74 293 165 293 72 293 72 293 165 293 154 293 72 294 154 294 77 294 77 295 154 295 116 295 77 296 116 296 64 296 64 297 116 297 123 297 64 298 123 298 62 298 62 299 123 299 122 299 104 300 168 300 73 300 73 301 168 301 115 301 73 302 115 302 75 302 75 303 115 303 114 303 75 304 114 304 94 304 94 305 114 305 156 305 94 306 156 306 95 306 95 307 156 307 155 307 95 308 155 308 96 308 96 309 155 309 167 309 96 310 167 310 97 310 97 311 167 311 166 311 97 312 166 312 100 312 100 313 166 313 158 313 100 314 158 314 101 314 101 315 158 315 157 315 101 316 157 316 91 316 91 317 157 317 164 317 91 318 164 318 92 318 92 319 164 319 163 319 92 320 163 320 106 320 106 321 163 321 161 321 106 322 161 322 107 322 107 323 161 323 160 323 107 324 160 324 109 324 109 325 160 325 153 325 109 326 153 326 110 326 110 327 153 327 151 327 110 328 151 328 105 328 105 329 151 329 150 329 105 330 150 330 104 330 104 331 150 331 168 331 84 332 119 332 82 332 82 333 119 333 120 333 82 334 120 334 80 334 80 335 120 335 112 335 80 336 112 336 66 336 66 337 112 337 111 337 66 279 111 279 67 279 67 280 111 280 124 280 67 338 124 338 49 338 49 339 124 339 126 339 49 340 126 340 50 340 50 341 126 341 128 341 50 342 128 342 52 342 52 343 128 343 130 343 52 344 130 344 53 344 53 345 130 345 132 345 53 346 132 346 58 346 58 347 132 347 134 347 58 348 134 348 59 348 59 349 134 349 135 349 59 293 135 293 61 293 61 350 135 350 140 350 61 351 140 351 87 351 87 352 140 352 139 352 87 353 139 353 86 353 86 354 139 354 117 354 86 298 117 298 84 298 84 355 117 355 119 355 8 356 10 356 108 356 108 357 10 357 98 357 93 358 98 358 10 358 33 359 193 359 34 359 34 360 193 360 191 360 34 361 191 361 10 361 10 362 191 362 190 362 10 363 190 363 93 363 209 364 18 364 210 364 210 365 18 365 20 365 210 366 20 366 45 366 45 367 20 367 8 367 45 368 8 368 44 368 44 369 8 369 108 369 182 370 30 370 192 370 192 371 30 371 32 371 192 372 32 372 173 372 173 373 32 373 11 373 173 374 11 374 174 374 174 375 11 375 9 375 174 376 9 376 187 376 187 377 9 377 7 377 187 378 7 378 188 378 188 379 7 379 6 379 188 380 6 380 189 380 189 381 6 381 25 381 189 382 25 382 181 382 181 383 25 383 27 383 181 384 27 384 179 384 179 385 27 385 41 385 179 386 41 386 177 386 177 387 41 387 13 387 177 388 13 388 175 388 175 389 13 389 1 389 175 390 1 390 184 390 184 391 1 391 0 391 184 392 0 392 182 392 182 393 0 393 30 393 215 394 26 394 216 394 216 395 26 395 24 395 216 396 24 396 211 396 211 397 24 397 23 397 211 398 23 398 195 398 195 399 23 399 22 399 195 400 22 400 196 400 196 401 22 401 21 401 196 402 21 402 208 402 208 403 21 403 19 403 208 404 19 404 206 404 206 405 19 405 16 405 206 406 16 406 201 406 201 407 16 407 4 407 201 408 4 408 199 408 199 409 4 409 3 409 199 386 3 386 197 386 197 410 3 410 37 410 197 388 37 388 202 388 202 411 37 411 39 411 202 390 39 390 214 390 214 412 39 412 40 412 214 413 40 413 215 413 215 414 40 414 26 414 17 415 207 415 205 415 17 416 205 416 15 416 15 417 205 417 204 417 15 418 204 418 5 418 5 419 204 419 200 419 5 420 200 420 35 420 35 421 200 421 198 421 35 422 198 422 36 422 36 423 198 423 203 423 36 424 203 424 38 424 14 425 178 425 176 425 14 426 176 426 12 426 12 427 176 427 186 427 12 428 186 428 2 428 2 429 186 429 185 429 2 430 185 430 28 430 28 431 185 431 183 431 28 432 183 432 29 432 29 433 183 433 194 433 29 434 194 434 31 434</p>
        </triangles>
      </mesh>
    </geometry>
    <geometry id="tail_pipe_assem_-_tptp_bearing-1_via_unit_needle_pulley-2_001-mesh" name="tail_pipe_assem - tptp_bearing-1 via_unit_needle_pulley-2.001">
      <mesh>
        <source id="tail_pipe_assem_-_tptp_bearing-1_via_unit_needle_pulley-2_001-mesh-positions">
          <float_array id="tail_pipe_assem_-_tptp_bearing-1_via_unit_needle_pulley-2_001-mesh-positions-array" count="1260">53.26185 68.50109 42.96535 53.26185 67.4999 43.34181 53.26185 67.44772 42.47843 53.26185 63.52927 47.14992 53.26185 63.05299 48.12957 53.26185 62.66883 47.06173 53.26185 62.21793 47.98164 53.26185 61.84746 46.79063 53.26185 61.41989 47.69471 53.26185 61.10357 46.34931 53.26185 66.23725 40.22903 53.26185 67.27603 39.86738 53.26185 66.80129 40.88478 53.26185 67.77655 40.55199 53.26185 67.21116 41.64646 53.26185 68.15415 41.31134 53.26185 68.39801 42.12358 53.26185 63.04739 39.1762 53.26185 63.53208 38.15007 53.26185 63.91233 39.17084 53.26185 64.37667 38.22666 53.26185 64.7582 39.35155 53.26185 65.19618 38.44487 53.26185 65.54544 39.70986 53.26185 65.96702 38.79845 53.26185 66.66701 39.27721 53.26185 66.56913 45.72061 53.26185 66.94422 46.77881 53.26185 65.94487 46.31931 53.26185 66.28147 47.30793 53.26185 65.20652 46.76983 53.26185 65.53884 47.71743 53.26185 64.38857 47.05108 53.26185 64.73767 47.99554 53.26185 63.90103 48.13425 53.26185 60.73576 40.26311 53.26185 60.38491 39.24255 53.26185 61.42109 39.73541 53.26185 61.09014 38.77154 53.26185 62.20383 39.36737 53.26185 61.86483 38.42649 53.26185 62.68669 38.21733 53.26185 59.51178 43.39129 53.26185 58.51025 42.91024 53.26185 59.55326 42.52733 53.26185 58.6226 42.06966 53.26185 59.77949 41.69249 53.26185 58.87541 41.26015 53.26185 60.1799 40.9258 53.26185 59.26138 40.50502 53.26185 59.76942 39.82597 53.26185 68.49874 43.38976 53.26185 68.46042 43.81244 53.26185 67.36525 44.19622 53.26185 68.27719 44.64046 53.26185 67.05009 45.0017 53.26185 67.95664 45.42561 53.26185 67.50802 46.1453 53.26185 60.68181 47.27704 53.26185 60.02494 46.74064 53.26185 60.47195 45.75838 53.26185 59.46817 46.10094 53.26185 59.98212 45.04549 53.26185 59.02751 45.37635 53.26185 59.657 44.24397 53.26185 58.71566 44.58771 53.26185 58.54156 43.75772 50.26185 68.38639 44.23034 48.26185 68.38639 44.23034 50.26185 68.36312 44.3306 48.26185 68.36312 44.3306 50.26185 68.13359 45.03985 48.26185 68.13359 45.03985 50.26185 68.05189 45.22876 48.26185 68.05189 45.22876 50.26185 67.74761 45.79498 48.26185 67.74761 45.79498 50.26185 67.5763 46.05179 48.26185 67.5763 46.05179 50.26185 67.23958 46.47403 48.26185 67.23958 46.47403 50.26185 66.95355 46.76995 48.26185 66.95355 46.76995 50.26185 66.62409 47.05744 48.26185 66.62409 47.05744 50.26185 66.20614 47.35727 48.26185 66.20614 47.35727 50.26185 65.91886 47.52845 48.26185 65.91886 47.52845 50.26185 65.36109 47.79253 48.26185 65.36109 47.79253 50.26185 65.14417 47.8735 48.26185 65.14417 47.8735 50.26185 64.44894 48.05999 48.26185 64.44894 48.05999 50.26185 64.32231 48.08266 48.26185 64.32231 48.08266 50.26185 63.50264 48.15 48.26185 63.50264 48.15 50.26185 63.47691 48.14992 48.26185 63.47691 48.14992 50.26185 62.63232 48.07334 48.26185 62.63232 48.07334 50.26185 62.55642 48.05929 48.26185 62.55642 48.05929 50.26185 61.81282 47.85512 48.26185 61.81282 47.85512 50.26185 61.64446 47.79115 48.26185 61.64446 47.79115 50.26185 61.04198 47.50155 48.26185 61.04198 47.50155 50.26185 60.79973 47.35527 48.26185 60.79973 47.35527 50.26185 60.34198 47.02279 48.26185 60.34198 47.02279 50.26185 60.05276 46.76739 48.26185 60.05276 46.76739 50.26185 59.73297 46.43262 48.26185 59.73297 46.43262 50.26185 59.43054 46.04877 48.26185 59.43054 46.04877 50.26185 59.23245 45.74801 48.26185 59.23245 45.74801 50.26185 58.95557 45.22539 48.26185 58.95557 45.22539 50.26185 58.85484 44.98866 48.26185 58.85484 44.98866 50.26185 58.645 44.32699 48.26185 58.645 44.32699 50.26185 58.61098 44.17641 48.26185 58.61098 44.17641 50.26185 58.51007 43.38606 48.26185 58.51007 43.38606 50.26185 58.50791 43.33464 48.26185 58.50791 43.33464 50.26185 58.54857 42.48756 48.26185 58.54857 42.48756 50.26185 58.55565 42.43659 48.26185 58.55565 42.43659 50.26185 58.73181 41.65953 48.26185 58.73181 41.65953 50.26185 58.7801 41.51291 48.26185 58.7801 41.51291 50.26185 59.05235 40.87438 48.26185 59.05235 40.87438 50.26185 59.1753 40.64839 48.26185 59.1753 40.64839 50.26185 59.50097 40.1547 48.26185 59.50097 40.1547 50.26185 59.72696 39.87429 48.26185 59.72696 39.87429 50.26185 60.06477 39.52119 48.26185 60.06477 39.52119 50.26185 60.41516 39.21859 48.26185 60.41516 39.21859 50.26185 60.72752 38.99207 48.26185 60.72752 38.99207 50.26185 61.21501 38.70497 48.26185 61.21501 38.70497 50.26185 61.47016 38.58256 48.26185 61.47016 38.58256 50.26185 62.09761 38.35201 48.26185 62.09761 38.35201 50.26185 62.27132 38.30446 48.26185 62.27132 38.30446 50.26185 63.03106 38.17246 48.26185 63.03106 38.17246 50.26185 63.10795 38.16575 48.26185 63.10795 38.16575 50.26185 63.956 38.17042 48.26185 63.956 38.17042 50.26185 63.98162 38.17282 48.26185 63.98162 38.17282 50.26185 64.79106 38.31836 48.26185 64.79106 38.31836 50.26185 64.91494 38.35306 48.26185 64.91494 38.35306 50.26185 65.58911 38.60529 48.26185 65.58911 38.60529 50.26185 65.79728 38.70667 48.26185 65.79728 38.70667 50.26185 66.32718 39.02296 48.26185 66.32718 39.02296 50.26185 66.59675 39.22088 48.26185 66.59675 39.22088 50.26185 66.98406 39.55936 48.26185 66.98406 39.55936 50.26185 67.28446 39.8771 48.26185 67.28446 39.8771 50.26185 67.54083 40.19905 48.26185 67.54083 40.19905 50.26185 67.83555 40.6516 48.26185 67.83555 40.6516 50.26185 67.98148 40.92364 48.26185 67.98148 40.92364 50.26185 68.23011 41.51641 48.26185 68.23011 41.51641 50.26185 68.29334 41.71228 48.26185 68.29334 41.71228 50.26185 68.45387 42.44026 48.26185 68.45387 42.44026 50.26185 68.46743 42.54228 48.26185 68.46743 42.54228 50.26185 68.49874 43.38976 48.26185 68.49874 43.38976 51.76185 70.00006 42.90996 51.76185 69.95631 42.35996 51.76185 69.86607 41.81566 51.76185 69.72999 41.28097 51.76185 69.54906 40.75974 51.76185 69.32457 40.25574 51.76185 69.05815 39.77259 51.76185 68.75173 39.31377 51.76185 68.40749 38.88259 51.76185 68.02792 38.48217 51.76185 67.61576 38.11537 51.76185 67.17399 37.78485 51.76185 66.70578 37.49298 51.76185 66.21449 37.24187 51.76185 65.70368 37.03334 51.76185 65.17704 36.86886 51.76185 64.63833 36.74965 51.76185 64.09146 36.67655 51.76185 63.54035 36.6501 51.76185 62.98899 36.67047 51.76185 62.44135 36.73753 51.76185 61.90136 36.85079 51.76185 61.37293 37.00944 51.76185 60.85985 37.21233 51.76185 60.36583 37.45801 51.76185 59.89442 37.74469 51.76185 59.44903 38.07032 51.76185 59.03285 38.43254 51.76185 58.64889 38.82876 51.76185 58.29991 39.25611 51.76185 57.98844 39.71152 51.76185 57.71671 40.1917 51.76185 57.48668 40.69319 51.76185 57.30001 41.21239 51.76185 57.15804 41.74555 51.76185 57.0618 42.28883 51.76185 57.01197 42.83831 51.76185 57.00893 43.39004 51.76185 57.05269 43.94004 51.76185 57.14293 44.48434 51.76185 57.27901 45.01903 51.76185 57.45994 45.54026 51.76185 57.68442 46.04426 51.76185 57.95084 46.52741 51.76185 58.25727 46.98622 51.76185 58.60151 47.4174 51.76185 58.98107 47.81783 51.76185 59.39323 48.18463 51.76185 59.83501 48.51515 51.76185 60.30322 48.80702 51.76185 60.7945 49.05812 51.76185 61.30531 49.26666 51.76185 61.83196 49.43113 51.76185 62.37067 49.55035 51.76185 62.91754 49.62344 51.76185 63.46864 49.6499 51.76185 64.02 49.62952 51.76185 64.56764 49.56246 51.76185 65.10763 49.4492 51.76185 65.63607 49.29055 51.76185 66.14914 49.08766 51.76185 66.64316 48.84199 51.76185 67.11457 48.55531 51.76185 67.55997 48.22968 51.76185 67.97615 47.86745 51.76185 68.3601 47.47124 51.76185 68.70908 47.04388 51.76185 69.02056 46.58848 51.76185 69.29228 46.1083 51.76185 69.52232 45.6068 51.76185 69.70899 45.0876 51.76185 69.85095 44.55445 51.76185 69.9472 44.01117 51.76185 69.99702 43.46169 45.26185 59.55326 42.52733 45.26185 58.51025 42.91024 45.26185 59.51178 43.39129 45.26185 58.54156 43.75772 45.26185 59.657 44.24397 45.26185 58.71566 44.58771 45.26185 59.98212 45.04549 45.26185 59.02751 45.37635 45.26185 60.47195 45.75838 45.26185 68.46042 43.81244 45.26185 67.4999 43.34181 45.26185 67.36525 44.19622 45.26185 59.46817 46.10094 45.26185 60.02494 46.74064 45.26185 61.10357 46.34931 45.26185 60.68181 47.27704 45.26185 61.84746 46.79063 45.26185 61.41989 47.69471 45.26185 62.66883 47.06173 45.26185 61.42109 39.73541 45.26185 60.38491 39.24255 45.26185 60.73576 40.26311 45.26185 59.76942 39.82597 45.26185 60.1799 40.9258 45.26185 59.26138 40.50502 45.26185 59.77949 41.69249 45.26185 58.87541 41.26015 45.26185 58.6226 42.06966 45.26185 68.49874 43.38976 45.26185 68.50109 42.96535 45.26185 67.44772 42.47843 45.26185 68.39801 42.12358 45.26185 67.21116 41.64646 45.26185 68.15415 41.31134 45.26185 66.80129 40.88478 45.26185 63.91233 39.17084 45.26185 63.53208 38.15007 45.26185 63.04739 39.1762 45.26185 62.68669 38.21733 45.26185 62.20383 39.36737 45.26185 61.86483 38.42649 45.26185 61.09014 38.77154 45.26185 67.77655 40.55199 45.26185 67.27603 39.86738 45.26185 66.23725 40.22903 45.26185 66.66701 39.27721 45.26185 65.54544 39.70986 45.26185 65.96702 38.79845 45.26185 64.7582 39.35155 45.26185 65.19618 38.44487 45.26185 64.37667 38.22666 45.26185 62.21793 47.98164 45.26185 63.05299 48.12957 45.26185 63.52927 47.14992 45.26185 63.90103 48.13425 45.26185 64.38857 47.05108 45.26185 64.73767 47.99554 45.26185 65.20652 46.76983 45.26185 65.53884 47.71743 45.26185 65.94487 46.31931 45.26185 66.28147 47.30793 45.26185 66.94422 46.77881 45.26185 66.56913 45.72061 45.26185 67.50802 46.1453 45.26185 67.05009 45.0017 45.26185 67.95664 45.42561 45.26185 68.27719 44.64046 46.76185 69.9472 44.01117 46.76185 69.85095 44.55445 46.76185 69.70899 45.0876 46.76185 69.52232 45.6068 46.76185 69.29228 46.1083 46.76185 69.02056 46.58848 46.76185 68.70908 47.04388 46.76185 68.3601 47.47124 46.76185 67.97615 47.86745 46.76185 67.55997 48.22968 46.76185 67.11457 48.55531 46.76185 66.64316 48.84199 46.76185 66.14914 49.08766 46.76185 65.63607 49.29055 46.76185 65.10763 49.4492 46.76185 64.56764 49.56246 46.76185 64.02 49.62952 46.76185 63.46864 49.6499 46.76185 62.91754 49.62344 46.76185 62.37067 49.55035 46.76185 61.83196 49.43113 46.76185 61.30531 49.26666 46.76185 60.7945 49.05812 46.76185 60.30322 48.80702 46.76185 59.83501 48.51515 46.76185 59.39323 48.18463 46.76185 58.98107 47.81783 46.76185 58.60151 47.4174 46.76185 58.25727 46.98622 46.76185 57.95084 46.52741 46.76185 57.68442 46.04426 46.76185 57.45994 45.54026 46.76185 57.27901 45.01903 46.76185 57.14293 44.48434 46.76185 57.05269 43.94004 46.76185 57.00893 43.39004 46.76185 57.01197 42.83831 46.76185 57.0618 42.28883 46.76185 57.15804 41.74555 46.76185 57.30001 41.21239 46.76185 57.48668 40.69319 46.76185 57.71671 40.1917 46.76185 57.98844 39.71152 46.76185 58.29991 39.25611 46.76185 58.64889 38.82876 46.76185 59.03285 38.43254 46.76185 59.44903 38.07032 46.76185 59.89442 37.74469 46.76185 60.36583 37.45801 46.76185 60.85985 37.21233 46.76185 61.37293 37.00944 46.76185 61.90136 36.85079 46.76185 62.44135 36.73753 46.76185 62.98899 36.67047 46.76185 63.54035 36.6501 46.76185 64.09146 36.67655 46.76185 64.63833 36.74965 46.76185 65.17704 36.86886 46.76185 65.70368 37.03334 46.76185 66.21449 37.24187 46.76185 66.70578 37.49298 46.76185 67.17399 37.78485 46.76185 67.61576 38.11537 46.76185 68.02792 38.48217 46.76185 68.40749 38.88259 46.76185 68.75173 39.31377 46.76185 69.05815 39.77259 46.76185 69.32457 40.25574 46.76185 69.54906 40.75974 46.76185 69.72999 41.28097 46.76185 69.86607 41.81566 46.76185 69.95631 42.35996 46.76185 70.00006 42.90996 46.76185 69.99702 43.46169</float_array>
          <technique_common>
            <accessor source="#tail_pipe_assem_-_tptp_bearing-1_via_unit_needle_pulley-2_001-mesh-positions-array" count="420" stride="3">
              <param name="X" type="float"/>
              <param name="Y" type="float"/>
              <param name="Z" type="float"/>
            </accessor>
          </technique_common>
        </source>
        <source id="tail_pipe_assem_-_tptp_bearing-1_via_unit_needle_pulley-2_001-mesh-normals">
          <float_array id="tail_pipe_assem_-_tptp_bearing-1_via_unit_needle_pulley-2_001-mesh-normals-array" count="2121">1 0 0 1 -4.56921e-6 0 1 -8.61928e-6 0 1 -8.67739e-6 0 1 9.12064e-6 0 1 -2.27446e-6 0 1 1.75245e-5 0 1 -4.47934e-6 0 1 -1.79642e-5 0 1 8.7491e-6 0 1 -4.57775e-6 0 1 4.30956e-6 0 1 4.57781e-6 0 1 -4.32702e-6 0 1 -4.54232e-6 0 1 6.70223e-6 0 1 -5.44895e-6 0 1 2.71901e-6 0 1 4.31254e-6 0 1 4.50985e-6 0 1 -8.88691e-6 0 1 -4.4177e-6 0 1 5.71147e-7 0 1 4.3093e-6 0 1 9.07019e-6 0 1 -4.40366e-6 0 1 -8.91256e-6 0 1 -4.5273e-6 0 1 -4.45843e-6 0 1 -9.14532e-6 0 1 -8.74218e-6 0 0 0.974105 0.2260964 0 0.9740723 0.2262371 0 0.9514214 0.307892 0 0.9514154 0.3079105 0 0.9178497 0.396928 0 0.8808695 0.4733594 0 0.8318945 0.554934 0 0.7818381 0.6234815 0 0.7818245 0.6234987 0 0.7190219 0.6949874 0 0.6574862 0.7534666 0 0.582906 0.8125396 0 0.582892 0.8125497 0 0.511895 0.8590481 0 0.5118749 0.8590601 0 0.4279085 0.903822 0 0.4279181 0.9038175 0 0.3497139 0.9368566 0 0.3497364 0.9368482 0 0.259085 0.9658545 0 0.2590798 0.965856 0 0.1762257 0.9843499 0 0.08187228 0.9966428 0 0.08187156 0.9966429 0 -0.002964675 0.9999957 0 -0.002965569 0.9999956 0 -0.09030091 0.9959145 0 -0.09030008 0.9959146 0 -0.1820025 0.9832981 0 -0.1820202 0.9832948 0 -0.2647641 0.9643132 0 -0.2647666 0.9643125 0 -0.3552193 0.9347831 0 -0.3552333 0.9347777 0 -0.4332215 0.9012875 0 -0.516928 0.856029 0 -0.5169399 0.8560218 0 -0.5876741 0.8090978 0 -0.661915 0.749579 0 -0.7231002 0.6907432 0 -0.7854915 0.6188725 0 -0.7854839 0.6188822 0 -0.83514 0.5500375 0 -0.8836451 0.4681574 0 -0.920172 0.3915146 0 -0.9201612 0.3915396 0 -0.9532133 0.3022989 0 -0.953213 0.3022997 0 -0.9754158 0.2203723 0 -0.9754264 0.2203253 0 -0.9919471 0.1266535 0 -0.9991132 0.04210537 0 -0.9991194 0.04195737 0 -0.9988498 -0.0479502 0 -0.9904892 -0.1375905 0 -0.9752545 -0.2210853 0 -0.9752525 -0.2210944 0 -0.9498213 -0.3127933 0 -0.9198727 -0.3922174 0 -0.87843 -0.4778711 0 -0.8784175 -0.477894 0 -0.8347355 -0.5506511 0 -0.7786089 -0.6275096 0 -0.722589 -0.691278 0 -0.653607 -0.7568342 0 -0.5870654 -0.8095395 0 -0.5074612 -0.8616747 0 -0.5074671 -0.8616712 0 -0.4325522 -0.9016089 0 -0.4325417 -0.9016139 0 -0.3448981 -0.9386402 0 -0.3448944 -0.9386415 0 -0.2640457 -0.9645103 0 -0.2640349 -0.9645131 0 -0.1711737 -0.9852409 0 -0.08697932 -0.9962102 0 -0.08698791 -0.9962095 0 0.005514681 -0.9999848 0 0.005514681 -0.9999848 0 0.09298235 -0.9956678 0 0.09295493 -0.9956703 0 0.1769695 -0.9842163 0 0.1769663 -0.9842169 0 0.2697355 -0.9629346 0 0.2697047 -0.9629431 0 0.3504171 -0.9365938 0 0.4378448 -0.8990506 0 0.5125318 -0.8586683 0 0.5125209 -0.8586748 0 0.591829 -0.8060637 0 0.5918071 -0.8060796 0 0.6580446 -0.752979 0 0.6580593 -0.7529662 0 0.7266542 -0.6870033 0 0.782274 -0.6229347 0 0.7822919 -0.622912 0 0.8379638 -0.5457258 0 0.8812327 -0.472683 0 0.881212 -0.4727213 0 0.9221681 -0.3867895 0 0.9221596 -0.3868097 0 0.9516611 -0.3071501 0 0.9516395 -0.3072172 0 0.9765412 -0.2153307 0 0.9765369 -0.2153502 0 0.9912751 -0.1318092 0 0.9993182 -0.03692078 0 0.9911859 0.1324796 -0.7113146 0.7023946 -0.02595055 -0.7067927 0.7051919 -0.05611091 -0.7070779 0.7009706 -0.09317266 -0.706008 0.6986649 -0.1158456 -0.7102852 0.687399 -0.1515837 -0.7067843 0.6855754 -0.1744777 -0.7070434 0.6729915 -0.2171915 -0.7057213 0.6693123 -0.2323328 -0.7092134 0.6501188 -0.2726937 -0.7067845 0.6462258 -0.2878332 -0.7069411 0.6232667 -0.3343247 -0.7059403 0.620227 -0.3420042 -0.7080932 0.5916926 -0.3853622 -0.7067852 0.5882896 -0.3928996 -0.7068132 0.5533868 -0.4406567 -0.7066651 0.5529437 -0.4414496 -0.706936 0.5139513 -0.4858967 -0.7067861 0.5134139 -0.4866824 -0.7066417 0.465623 -0.5327783 -0.7078785 0.4695695 -0.5276483 -0.7057229 0.4192917 -0.5710953 -0.7067912 0.4237936 -0.5664321 -0.706439 0.3627603 -0.6077409 -0.7095775 0.3727427 -0.5979655 -0.7044914 0.3107532 -0.638063 -0.7067816 0.3219639 -0.6299198 -0.7067917 0.2673799 -0.6549454 -0.7100163 0.246764 -0.6595335 -0.705893 0.2111524 -0.6761137 -0.7070778 0.1906732 -0.680944 -0.7067801 0.1528601 -0.6907212 -0.711068 0.1244289 -0.6920258 -0.706546 0.09376305 -0.7014281 -0.7069845 0.06569284 -0.7041715 -0.7067878 0.0339266 -0.7066117 -0.7113191 0.003869771 -0.7028586 -0.7067872 -0.02612411 -0.7069438 -0.7070856 -0.06160002 -0.7044398 -0.7061527 -0.08605426 -0.7028108 -0.7105444 -0.1204487 -0.6932669 -0.7067934 -0.1452171 -0.6923547 -0.7070541 -0.1867316 -0.68206 -0.7057398 -0.2037152 -0.678551 -0.7094861 -0.2430661 -0.6614744 -0.7067875 -0.2601297 -0.6578632 -0.7069576 -0.3059409 -0.6376608 -0.7058361 -0.3154151 -0.6342782 -0.7083796 -0.3581781 -0.6081997 -0.7067883 -0.367585 -0.6044267 -0.7068536 -0.4152603 -0.5726404 -0.7064282 -0.4177199 -0.571375 -0.7072343 -0.462086 -0.5350666 -0.7067882 -0.4644413 -0.5336148 -0.7066817 -0.5112537 -0.4891021 -0.7075259 -0.5075017 -0.4917818 -0.7060398 -0.5513857 -0.4443891 -0.7067871 -0.5479397 -0.4474531 -0.706492 -0.5907609 -0.389706 -0.7091082 -0.5819981 -0.39805 -0.7048056 -0.6231512 -0.3390158 -0.7067879 -0.6156824 -0.348405 -0.7067899 -0.6430062 -0.2949425 -0.7097486 -0.6480082 -0.2763012 -0.7058076 -0.6666284 -0.2396711 -0.7070645 -0.6716611 -0.2212037 -0.7067903 -0.6836032 -0.1820281 -0.7108025 -0.6859855 -0.1555114 -0.7063324 -0.6970276 -0.1234795 -0.7071428 -0.7003461 -0.09728628 -0.706784 -0.704539 -0.06388533 -0.7113153 -0.7020644 -0.03370714 -0.7067896 -0.7074131 -0.003899812 -0.707055 -0.7065314 0.02977514 -0.7063328 -0.7056498 0.05614709 -0.7108055 -0.6977246 0.08908414 -0.7067832 -0.6979037 0.1157064 -0.7070743 -0.6897574 0.1558228 -0.7058048 -0.6865225 0.1747187 -0.709753 -0.6714919 0.2129538 -0.7067877 -0.6683074 0.231984 -0.7069731 -0.6507782 0.2769055 -0.7057781 -0.6471478 0.2882308 -0.7086548 -0.6234602 0.3303116 -0.7067881 -0.6194869 0.3415943 -0.7068786 -0.5907222 0.389063 -0.7062435 -0.5887312 0.3932119 -0.7075201 -0.5551047 0.437349 -0.7067914 -0.5528413 0.4413757 -0.7067249 -0.5115878 0.4886899 -0.7072104 -0.5131125 0.4863837 -0.7063438 -0.4685506 0.5306023 -0.7067855 -0.4703066 0.5284563 -0.7065395 -0.4158794 0.5725786 -0.7086733 -0.4226641 0.5649223 -0.7051138 -0.3665506 0.6070051 -0.7067933 -0.37422 0.6003354 -0.7067816 -0.3219639 0.6299198 -0.7094857 -0.3052986 0.6351558 -0.7057442 -0.2677862 0.6559084 -0.7070563 -0.2511599 0.6610522 -0.7067893 -0.2108821 0.6752611 -0.7105427 -0.1863065 0.6785417 -0.7061586 -0.1529872 0.6913284 -0.707065 -0.1287775 0.6953241 -0.7067916 -0.09371942 0.7011864 -0.7113122 -0.06347727 0.7000041 -0.7067878 -0.03392595 0.7066117 -0.7071579 -0.001956999 0.707053 -0.7065437 0.02614611 0.7071863 -0.7110603 0.05756551 0.7007707 -0.7067868 0.08597737 0.7021826 -0.7071153 0.1246438 0.6960258 -0.7058879 0.1454 0.6932397 -0.7100121 0.1824434 0.680145 -0.7067878 0.2034181 0.6775485 -0.7070126 0.2473101 0.6625488 -0.705744 0.2605327 0.6588233 -0.7089269 0.3018021 0.6374465 -0.706787 0.3149978 0.633426 -0.7068979 0.362071 0.6076183 -0.7060807 0.3679472 0.605033 -0.7078136 0.4117655 0.5739766 -0.7067885 0.4175053 0.5710862 -0.7067681 0.4651332 0.5330385 -0.7069261 0.4643573 0.5335053 -0.7066283 0.508757 0.4917751 -0.7067946 0.5080302 0.4922872 -0.7065833 0.5532443 0.4412039 -0.7082638 0.5468022 0.4465086 -0.7054091 0.5896354 0.393355 -0.7067971 0.5839133 0.3993535 -0.7063696 0.6235105 0.3350772 -0.7100836 0.6128025 0.3467771 -0.7041677 0.651703 0.2818355 -0.7067903 0.643007 0.2949399 -0.7067929 0.6657071 0.2393279 -0.7102812 0.6697173 0.2167474 -0.7060049 0.6843606 0.1822298 -0.7070937 0.6888171 0.1598421 -0.706785 0.6965804 0.1234133 -0.7113155 0.6966772 0.09312045 -0.7067829 0.7045412 0.06387251 -0.7067877 0.7074151 0.003912866 0.7113103 -0.6966823 -0.0931214 0.706793 -0.696577 -0.1233866 0.7067887 -0.6836045 -0.1820293 0.7113085 -0.6709236 -0.2095277 0.7067935 -0.6656987 -0.2393498 0.706787 -0.64301 -0.2949413 0.7113181 -0.6258569 -0.3198903 0.7067875 -0.6156812 -0.348408 0.7067857 -0.5839136 -0.3993731 0.7113183 -0.5627917 -0.4210605 0.7067892 -0.5479431 -0.4474456 0.706784 -0.5080249 -0.4923081 0.7113168 -0.483536 -0.510119 0.7067825 -0.4644386 -0.5336247 0.7067958 -0.4175134 -0.5710713 0.7113101 -0.390376 -0.5845038 0.70679 -0.3675793 -0.6044281 0.7067919 -0.3149957 -0.6334216 0.7113099 -0.2859791 -0.6420704 0.7067896 -0.2601447 -0.6578551 0.7067874 -0.2034212 -0.6775481 0.7113149 -0.1733508 -0.6811613 0.706793 -0.145222 -0.6923542 0.7067801 -0.08598059 -0.702189 0.7113134 -0.05574595 -0.7006608 0.7067943 -0.02612531 -0.7069365 0.7067813 0.03392344 -0.7066183 0.7113183 0.06346911 -0.6999986 0.7067887 0.09372651 -0.7011884 0.7067812 0.1528505 -0.6907222 0.7113218 0.1808631 -0.679198 0.7067787 0.2108786 -0.6752734 0.7067905 0.267386 -0.6549443 0.7113149 0.2930459 -0.6388702 0.7067879 0.3219508 -0.6299196 0.7067865 0.374226 -0.6003398 0.7113126 0.3967999 -0.5801589 0.706785 0.4237931 -0.5664401 0.7067919 0.4703088 -0.5284456 0.7113167 0.4891326 -0.5047553 0.7067914 0.5134165 -0.4866719 0.7067859 0.5528494 -0.4413744 0.711316 0.5674037 -0.4148286 0.7067798 0.5882952 -0.3929011 0.7067885 0.619485 -0.3415969 0.7113141 0.629348 -0.3129752 0.7067862 0.6462243 -0.2878325 0.7067931 0.6683063 -0.2319706 0.7113145 0.6731896 -0.2021078 0.7067871 0.6855725 -0.1744778 0.7067905 0.6978968 -0.1157042 0.7113161 0.69766 -0.08543986 0.7067905 0.7051962 -0.05608463 0.7067813 0.7074214 0.003882944 0.7067909 0.7074118 0.003912866 0.7067782 0.7045443 0.06389033 0.7067966 0.7045288 0.06385821 0.706785 0.6965804 0.1234133 0.7113176 0.6862695 0.1518597 0.7067855 0.6836079 0.1820293 0.7067837 0.6657079 0.2393531 0.7113074 0.6507414 0.2656642 0.7067921 0.643006 0.294938 0.7067905 0.6156778 0.3484079 0.7113106 0.5964727 0.3718301 0.7067915 0.583918 0.3993567 0.7067891 0.5479394 0.4474502 0.7113077 0.5250624 0.4672804 0.7067957 0.5080199 0.4922965 0.7067825 0.4644386 0.5336247 0.7113134 0.4385358 0.5492901 0.7067883 0.4175202 0.5710756 0.7067894 0.3675691 0.6044351 0.7113163 0.3393989 0.6154978 0.7067856 0.3150037 0.6334247 0.7067928 0.2601435 0.6578521 0.7113187 0.2304878 0.6640037 0.7067909 0.2034187 0.6775452 0.706786 0.1452254 0.6923605 0.7113087 0.1149647 0.693414 0.7067988 0.08598107 0.7021701 0.7067806 0.0261259 0.7069502 0.7113149 -0.003878235 0.7028628 0.7067927 -0.03392493 0.7066068 0.7067914 -0.09372347 0.7011861 0.711313 -0.1226034 0.6920999 0.7067861 -0.1528507 0.6907172 0.7067805 -0.210887 0.6752689 0.7113224 -0.2378056 0.6614143 0.7067878 -0.2673842 0.6549479 0.7067937 -0.3219534 0.6299117 0.7113074 -0.3461678 0.6117269 0.7067966 -0.3742183 0.6003327 0.7067879 -0.4237956 0.5664346 0.7113174 -0.4445668 0.5444152 0.7067833 -0.4702998 0.5284653 0.7067963 -0.513413 0.4866685 0.7113125 -0.5301879 0.4614493 0.7067839 -0.5528497 0.4413772 0.7067865 -0.5882825 0.3929079 0.7113158 -0.6005414 0.3652123 0.7067885 -0.619485 0.3415969 0.7067921 -0.6462238 0.2878192 0.7113142 -0.6536248 0.2584704 0.7067828 -0.668312 0.2319856 0.7067957 -0.6855643 0.1744749 0.711313 -0.6879041 0.1442978 0.7067964 -0.697893 0.1156908 0.7067787 -0.705206 0.05611151 0.7113208 -0.7023882 0.02595049 0.7067863 -0.7074164 -0.003899872 0.7067889 -0.7045341 -0.06388461 -1 -4.3093e-6 0 -1 0 0 -1 4.40358e-6 0 -1 -8.62508e-6 0 -1 8.74218e-6 0 -1 8.98027e-6 0 -1 -9.12064e-6 0 -1 4.45847e-6 0 -1 -5.71147e-7 0 -1 4.51883e-6 0 -1 -4.43107e-6 0 -1 2.20191e-6 0 -1 -4.57264e-6 0 -1 4.57775e-6 0 -1 -4.4681e-6 0 -1 2.1796e-6 0 -1 4.56921e-6 0 -1 -2.71901e-6 0 -1 5.68611e-6 0 -1 -6.71911e-6 0 -1 8.98226e-6 0 -1 -4.57781e-6 0 -1 -8.61909e-6 0 -1 4.57266e-6 0 -1 8.67739e-6 0 0.7113159 0.6966766 0.09312051 0.707098 0.6888125 0.1598431 0.7060049 0.6843606 0.1822298 0.7102837 0.6697148 0.2167466 0.7067929 0.6657071 0.2393279 0.7070145 0.6490898 0.2807366 0.7057284 0.6439754 0.2953695 0.7092043 0.6210084 0.3337333 0.7069539 0.5883824 0.392457 0.7059347 0.5846064 0.3998644 0.708097 0.552064 0.4402546 0.7067825 0.5479445 0.4474544 0.7068129 0.5086507 0.4916198 0.706657 0.5081095 0.4924031 0.7069368 0.4650223 0.5329114 0.7067923 0.4644451 0.5336061 0.7066485 0.4124402 0.5749269 0.707872 0.4168707 0.5702071 0.7057272 0.362653 0.6086311 0.7067933 0.3675776 0.6044253 0.7064283 0.3028683 0.6397109 0.7095758 0.3137575 0.6309188 0.7045075 0.2482067 0.664878 0.7067952 0.2601314 0.6578543 0.7067866 0.2034267 0.6775473 0.7100123 0.1824434 0.6801449 0.7058875 0.1454032 0.6932393 0.7071219 0.1245884 0.696029 0.7067862 0.08598786 0.7021819 0.7110608 0.05756545 0.7007701 0.7065439 0.0261352 0.7071865 0.7071574 -0.002236604 0.7070526 0.7067878 -0.03392308 0.7066118 0.7113126 -0.06346887 0.7000045 0.7070735 -0.1286858 0.6953324 0.706159 -0.152984 0.6913288 0.7105436 -0.1862977 0.6785433 0.7067892 -0.2108829 0.6752611 0.7070492 -0.2511973 0.6610456 0.7057454 -0.2677801 0.6559095 0.7094847 -0.3053077 0.6351525 0.7067831 -0.3219581 0.6299211 0.7069651 -0.3655872 0.6054307 0.7058436 -0.3747295 0.6011345 0.7083793 -0.4147889 0.5710946 0.7067892 -0.423799 0.5664305 0.7068459 -0.4682281 0.5302184 0.7064333 -0.4705303 0.528728 0.7072263 -0.5112255 0.4883438 0.7067865 -0.5134201 0.4866753 0.7066913 -0.5557529 0.4378655 0.707524 -0.5522725 0.4409137 0.7060354 -0.5914266 0.3895236 0.7067884 -0.5882819 0.3929053 0.7064889 -0.6253764 0.3313276 0.7091097 -0.6174474 0.3404733 0.7048147 -0.6527677 0.277724 0.7067862 -0.6462243 0.2878325 0.7067877 -0.6683074 0.231984 0.7097519 -0.6714927 0.2129549 0.7058048 -0.6865225 0.1747187 0.7070743 -0.6897574 0.1558228 0.70678 -0.697907 0.1157059 0.7108094 -0.6977207 0.08908408 0.7063311 -0.7056514 0.05614691 0.7070553 -0.7065311 0.02977514 0.7067928 -0.7074099 -0.003899812 0.7113153 -0.7020644 -0.03370714 0.706784 -0.704539 -0.06388533 0.7071428 -0.7003461 -0.09728628 0.7063324 -0.6970276 -0.1234795 0.7108021 -0.6859856 -0.1555123 0.7067903 -0.6836032 -0.1820281 0.707059 -0.6716676 -0.221202 0.7058076 -0.6666284 -0.2396711 0.7097455 -0.6480113 -0.276302 0.7069945 -0.6212366 -0.3379704 0.7057703 -0.6165645 -0.3489078 0.7086585 -0.5889499 -0.3885113 0.7067894 -0.5839167 -0.3993622 0.7068809 -0.550732 -0.4438622 0.7062381 -0.5483641 -0.4477998 0.7075179 -0.5106459 -0.4885277 0.7067908 -0.5080233 -0.4922998 0.7067206 -0.4624184 -0.535458 0.7072191 -0.4641612 -0.5332874 0.7063385 -0.4155657 -0.5730544 0.706788 -0.4175066 -0.5710858 0.7065371 -0.3591281 -0.6097805 0.7086721 -0.3665996 -0.6028172 0.7051115 -0.306706 -0.639335 0.706783 -0.3149996 -0.6334296 0.7067851 -0.2601419 -0.6578609 0.7094884 -0.2430558 -0.6614757 0.7057404 -0.2037113 -0.6785516 0.7070541 -0.1867316 -0.68206 0.7067931 -0.1452203 -0.6923544 0.7105448 -0.1204396 -0.693268 0.7061521 -0.08606481 -0.7028101 0.707093 -0.06141442 -0.7044486 0.7067869 -0.02613925 -0.7069435 0.7113186 0.00388664 -0.7028591 0.7067878 0.03392374 -0.7066118 0.7069845 0.06569284 -0.7041715 0.7065466 0.09375417 -0.7014287 0.711068 0.1244289 -0.6920258 0.7067819 0.1528441 -0.6907229 0.7070627 0.1907811 -0.6809296 0.7058939 0.211147 -0.6761145 0.710016 0.2467641 -0.6595338 0.7067917 0.2673799 -0.6549454 0.7070109 0.3096668 -0.6358003 0.7057282 0.3224371 -0.6308583 0.708934 0.3614649 -0.6056037 0.7067942 0.3742336 -0.600326 0.7069071 0.4185923 -0.5701428 0.7060754 0.4242216 -0.5670041 0.7078018 0.4648455 -0.5319166 0.7067953 0.4703066 -0.5284432 0.706758 0.5140641 -0.4860363 0.7069272 0.5133245 -0.4865716 0.7066451 0.5535197 -0.4407591 0.7067891 0.5528469 -0.4413723 0.7065817 0.592961 -0.3861861 0.708261 0.587062 -0.3920775 0.7054232 0.6245995 -0.3350427 0.7067918 0.6194822 -0.3415952 0.7063726 0.6527441 -0.2737937 0.7100852 0.6431988 -0.2864864 0.704164 0.6757209 -0.2180696 0.7067908 0.668304 -0.231984 0.7067843 0.6855754 -0.1744777 0.7102859 0.6873986 -0.1515828 0.7060048 0.6986682 -0.1158452 0.7070779 0.7009706 -0.09317266 0.7067895 0.7051952 -0.05611062 0.7113167 0.7023925 -0.02595067 0.7067813 0.7045428 0.06387233 -0.7113187 -0.7023904 0.02595043 -0.7067823 -0.7052024 0.05611163 -0.7067942 -0.6978952 0.1156909 -0.7113125 -0.6879047 0.1442977 -0.7067953 -0.6855647 0.174475 -0.7067829 -0.6683123 0.2319846 -0.7113109 -0.6536282 0.2584707 -0.7067921 -0.6462238 0.2878192 -0.7067849 -0.6194898 0.3415958 -0.7113164 -0.6005392 0.3652147 -0.7067859 -0.588284 0.3929067 -0.706786 -0.5528442 0.4413806 -0.7113133 -0.5301863 0.4614498 -0.7067923 -0.5134189 0.486668 -0.7067822 -0.4703023 0.5284644 -0.7113151 -0.4445708 0.544415 -0.7067863 -0.4237965 0.5664359 -0.7067945 -0.3742205 0.6003337 -0.7113053 -0.346172 0.6117269 -0.7067907 -0.3219651 0.629909 -0.7067884 -0.2673812 0.6549485 -0.7113214 -0.2378097 0.661414 -0.7067819 -0.2108776 0.6752703 -0.7067856 -0.1528555 0.6907166 -0.7113136 -0.1226033 0.6920993 -0.7067911 -0.09372794 0.7011858 -0.706793 -0.03391331 0.7066071 -0.7113149 -0.003886699 0.7028628 -0.7067796 0.02613794 0.7069508 -0.7068001 0.08597242 0.7021697 -0.7113083 0.1149649 0.6934146 -0.706785 0.1452209 0.6923626 -0.706791 0.203418 0.6775453 -0.7113179 0.2304956 0.664002 -0.7067924 0.260138 0.6578547 -0.7113163 0.3393989 0.6154978 -0.7067877 0.3675747 0.6044336 -0.7067907 0.4175134 0.5710776 -0.7113111 0.4385399 0.5492899 -0.7067846 0.4644335 0.5336264 -0.7067934 0.5080247 0.4922948 -0.7113113 0.5250577 0.46728 -0.7067891 0.5479394 0.4474502 -0.7067893 0.5839208 0.3993564 -0.7113127 0.5964709 0.371829 -0.7067893 0.6156804 0.3484057 -0.7067935 0.6430041 0.2949386 -0.7113109 0.6507377 0.265664 -0.7067885 0.665703 0.2393525 -0.7067863 0.6836071 0.1820291 -0.7113179 0.6862693 0.1518598 -0.7067818 0.6965838 0.1234127 -0.7067917 0.7045323 0.06387227 -0.7067834 0.7074192 0.003916859 -0.7067874 0.7074155 0.003886759 -0.7067922 0.7051946 -0.05608475 -0.7113146 0.6976616 -0.08543968 -0.7067937 0.6978935 -0.1157044 -0.7113153 0.6731886 -0.202108 -0.7067914 0.6683078 -0.2319712 -0.7067878 0.6462228 -0.2878319 -0.7113136 0.6293486 -0.3129749 -0.7067856 0.619489 -0.3415954 -0.7067833 0.5882902 -0.3929021 -0.7113198 0.5673991 -0.4148283 -0.7067872 0.5528472 -0.4413751 -0.7067898 0.5134207 -0.4866697 -0.7113163 0.4891351 -0.5047535 -0.7067931 0.4703063 -0.5284465 -0.7067847 0.4237976 -0.5664373 -0.7113126 0.3967999 -0.5801589 -0.7067877 0.3742218 -0.600341 -0.7067847 0.3219574 -0.6299197 -0.7113153 0.2930423 -0.6388715 -0.7067911 0.267383 -0.6549448 -0.7067773 0.2108872 -0.6752721 -0.7113227 0.180859 -0.6791982 -0.7067813 0.1528489 -0.6907224 -0.7067885 0.09371817 -0.7011898 -0.7113178 0.06346917 -0.6999991 -0.7067807 0.03392487 -0.7066189 -0.7067937 -0.02612423 -0.7069372 -0.711313 -0.05574601 -0.7006614 -0.706781 -0.0859785 -0.7021883 -0.7113143 -0.1733589 -0.6811599 -0.7067895 -0.2034072 -0.6775501 -0.7067896 -0.2601447 -0.6578551 -0.7113111 -0.2859716 -0.6420724 -0.7067903 -0.3149964 -0.6334231 -0.70679 -0.3675793 -0.6044281 -0.711309 -0.3903796 -0.5845028 -0.7067974 -0.4175125 -0.57107 -0.7067833 -0.464438 -0.5336241 -0.7113168 -0.483536 -0.510119 -0.7067823 -0.5080261 -0.4923092 -0.7067879 -0.5479453 -0.4474447 -0.7113174 -0.5627931 -0.4210599 -0.7067906 -0.5839065 -0.3993749 -0.7067861 -0.6156833 -0.3484073 -0.7113162 -0.6258594 -0.3198895 -0.7067915 -0.6657008 -0.2393494 -0.7113124 -0.6709194 -0.2095276 -0.7067847 -0.6836087 -0.1820291 -0.7067926 -0.6965776 -0.1233862 -0.7113092 -0.6966834 -0.09312129 -0.7067905 -0.7045325 -0.06388473 -0.7067831 -0.7074196 -0.003899872 0 -0.9878098 -0.1556659 0 -0.931257 -0.3643631 0 -0.9312511 -0.3643784 0 -0.8311482 -0.5560511 0 -0.6921846 -0.7217205 0 -0.6921759 -0.7217289 0 -0.5208584 -0.8536432 0 -0.3251631 -0.945658 0 -0.1142746 -0.9934492 0 0.1019575 -0.9947888 0 0.1019574 -0.9947888 0 0.3134281 -0.949612 0 0.3134254 -0.9496129 0 0.5102329 -0.8600364 0 0.6831864 -0.7302441 0 0.6831908 -0.7302399 0 0.8241984 -0.5663012 0 0.9266647 -0.3758894 0 0.9858056 -0.1678909 0 0.9988499 0.04794877 0 0.9988495 0.04795759 0 0.9651882 0.2615568 0 0.9651904 0.2615486 0 0.886398 0.4629241 0 0.8863943 0.462931 0 0.7661542 0.642657 0 0.7661582 0.642652 0 0.6100948 0.7923285 0 0.4255048 0.9049562 0 0.2210141 0.9752707 0 0.006196439 0.9999808 0 -0.2089146 0.977934 0 -0.2089182 0.9779332 0 -0.4142581 0.9101595 0 -0.6002371 0.7998222 0 -0.6002287 0.7998286 0 -0.7581303 0.6521033 0 -0.7581391 0.6520929 0 -0.8805918 0.4738758 0 -0.8805992 0.4738621 0 -0.9618744 0.2734919 0 -0.9981794 0.06031525 0 -0.9981784 0.06033283</float_array>
          <technique_common>
            <accessor source="#tail_pipe_assem_-_tptp_bearing-1_via_unit_needle_pulley-2_001-mesh-normals-array" count="707" stride="3">
              <param name="X" type="float"/>
              <param name="Y" type="float"/>
              <param name="Z" type="float"/>
            </accessor>
          </technique_common>
        </source>
        <vertices id="tail_pipe_assem_-_tptp_bearing-1_via_unit_needle_pulley-2_001-mesh-vertices">
          <input semantic="POSITION" source="#tail_pipe_assem_-_tptp_bearing-1_via_unit_needle_pulley-2_001-mesh-positions"/>
        </vertices>
        <triangles material="Material_001-material" count="840">
          <input semantic="VERTEX" source="#tail_pipe_assem_-_tptp_bearing-1_via_unit_needle_pulley-2_001-mesh-vertices" offset="0"/>
          <input semantic="NORMAL" source="#tail_pipe_assem_-_tptp_bearing-1_via_unit_needle_pulley-2_001-mesh-normals" offset="1"/>
          <p>0 0 1 0 2 0 3 0 4 0 5 0 5 1 4 1 6 1 5 0 6 0 7 0 7 0 6 0 8 0 7 0 8 0 9 0 10 2 11 2 12 2 12 0 11 0 13 0 12 3 13 3 14 3 14 0 13 0 15 0 14 0 15 0 2 0 2 0 15 0 16 0 2 4 16 4 0 4 17 0 18 0 19 0 19 0 18 0 20 0 19 0 20 0 21 0 21 5 20 5 22 5 21 6 22 6 23 6 23 7 22 7 24 7 23 8 24 8 10 8 10 9 24 9 25 9 10 10 25 10 11 10 26 11 27 11 28 11 28 12 27 12 29 12 28 13 29 13 30 13 30 14 29 14 31 14 30 0 31 0 32 0 32 15 31 15 33 15 32 0 33 0 3 0 3 16 33 16 34 16 3 17 34 17 4 17 35 18 36 18 37 18 37 0 36 0 38 0 37 0 38 0 39 0 39 19 38 19 40 19 39 20 40 20 17 20 17 21 40 21 41 21 17 22 41 22 18 22 42 23 43 23 44 23 44 0 43 0 45 0 44 0 45 0 46 0 46 24 45 24 47 24 46 25 47 25 48 25 48 26 47 26 49 26 48 27 49 27 35 27 35 0 49 0 50 0 35 0 50 0 36 0 0 0 51 0 1 0 1 0 51 0 52 0 1 0 52 0 53 0 53 0 52 0 54 0 53 0 54 0 55 0 55 0 54 0 56 0 55 28 56 28 26 28 26 0 56 0 57 0 26 29 57 29 27 29 8 0 58 0 9 0 9 0 58 0 59 0 9 0 59 0 60 0 60 0 59 0 61 0 60 0 61 0 62 0 62 0 61 0 63 0 62 30 63 30 64 30 64 0 63 0 65 0 64 0 65 0 42 0 42 0 65 0 66 0 42 0 66 0 43 0 67 31 68 31 69 31 69 32 68 32 70 32 69 33 70 33 71 33 71 34 70 34 72 34 71 35 72 35 73 35 73 35 72 35 74 35 73 36 74 36 75 36 75 36 74 36 76 36 75 37 76 37 77 37 77 37 76 37 78 37 77 38 78 38 79 38 79 39 78 39 80 39 79 40 80 40 81 40 81 40 80 40 82 40 81 41 82 41 83 41 83 41 82 41 84 41 83 42 84 42 85 42 85 43 84 43 86 43 85 44 86 44 87 44 87 45 86 45 88 45 87 46 88 46 89 46 89 47 88 47 90 47 89 48 90 48 91 48 91 49 90 49 92 49 91 50 92 50 93 50 93 51 92 51 94 51 93 52 94 52 95 52 95 52 94 52 96 52 95 53 96 53 97 53 97 54 96 54 98 54 97 55 98 55 99 55 99 56 98 56 100 56 99 57 100 57 101 57 101 58 100 58 102 58 101 59 102 59 103 59 103 60 102 60 104 60 103 61 104 61 105 61 105 62 104 62 106 62 105 63 106 63 107 63 107 64 106 64 108 64 107 65 108 65 109 65 109 65 108 65 110 65 109 66 110 66 111 66 111 67 110 67 112 67 111 68 112 68 113 68 113 68 112 68 114 68 113 69 114 69 115 69 115 69 114 69 116 69 115 70 116 70 117 70 117 70 116 70 118 70 117 71 118 71 119 71 119 72 118 72 120 72 119 73 120 73 121 73 121 73 120 73 122 73 121 74 122 74 123 74 123 74 122 74 124 74 123 75 124 75 125 75 125 76 124 76 126 76 125 77 126 77 127 77 127 78 126 78 128 78 127 79 128 79 129 79 129 80 128 80 130 80 129 81 130 81 131 81 131 81 130 81 132 81 131 82 132 82 133 82 133 83 132 83 134 83 133 84 134 84 135 84 135 84 134 84 136 84 135 85 136 85 137 85 137 85 136 85 138 85 137 86 138 86 139 86 139 87 138 87 140 87 139 88 140 88 141 88 141 88 140 88 142 88 141 89 142 89 143 89 143 89 142 89 144 89 143 90 144 90 145 90 145 91 144 91 146 91 145 92 146 92 147 92 147 92 146 92 148 92 147 93 148 93 149 93 149 93 148 93 150 93 149 94 150 94 151 94 151 94 150 94 152 94 151 95 152 95 153 95 153 95 152 95 154 95 153 96 154 96 155 96 155 96 154 96 156 96 155 97 156 97 157 97 157 98 156 98 158 98 157 99 158 99 159 99 159 100 158 100 160 100 159 101 160 101 161 101 161 102 160 102 162 102 161 103 162 103 163 103 163 104 162 104 164 104 163 105 164 105 165 105 165 105 164 105 166 105 165 106 166 106 167 106 167 107 166 107 168 107 167 108 168 108 169 108 169 109 168 109 170 109 169 110 170 110 171 110 171 111 170 111 172 111 171 112 172 112 173 112 173 113 172 113 174 113 173 114 174 114 175 114 175 115 174 115 176 115 175 116 176 116 177 116 177 116 176 116 178 116 177 117 178 117 179 117 179 117 178 117 180 117 179 118 180 118 181 118 181 119 180 119 182 119 181 120 182 120 183 120 183 121 182 121 184 121 183 122 184 122 185 122 185 123 184 123 186 123 185 124 186 124 187 124 187 124 186 124 188 124 187 125 188 125 189 125 189 126 188 126 190 126 189 127 190 127 191 127 191 127 190 127 192 127 191 128 192 128 193 128 193 129 192 129 194 129 193 130 194 130 195 130 195 131 194 131 196 131 195 132 196 132 197 132 197 133 196 133 198 133 197 134 198 134 199 134 199 135 198 135 200 135 199 136 200 136 201 136 201 136 200 136 202 136 201 137 202 137 203 137 203 137 202 137 204 137 203 138 204 138 67 138 67 138 204 138 68 138 203 139 205 139 201 139 201 140 205 140 206 140 201 141 206 141 199 141 199 142 206 142 207 142 199 143 207 143 197 143 197 144 207 144 208 144 197 145 208 145 195 145 195 146 208 146 209 146 195 147 209 147 193 147 193 148 209 148 210 148 193 149 210 149 191 149 191 150 210 150 211 150 191 151 211 151 189 151 189 152 211 152 212 152 189 153 212 153 187 153 187 154 212 154 213 154 187 155 213 155 185 155 185 156 213 156 214 156 185 157 214 157 183 157 183 158 214 158 215 158 183 159 215 159 181 159 181 160 215 160 216 160 181 161 216 161 179 161 179 162 216 162 217 162 179 163 217 163 177 163 217 164 218 164 177 164 177 165 218 165 219 165 177 166 219 166 175 166 175 167 219 167 220 167 175 168 220 168 173 168 173 169 220 169 221 169 173 170 221 170 171 170 171 171 221 171 222 171 171 172 222 172 169 172 169 173 222 173 223 173 169 174 223 174 167 174 167 175 223 175 224 175 167 176 224 176 165 176 165 177 224 177 225 177 165 178 225 178 163 178 163 179 225 179 226 179 163 180 226 180 161 180 161 181 226 181 227 181 161 182 227 182 159 182 159 183 227 183 228 183 159 184 228 184 157 184 157 185 228 185 229 185 157 186 229 186 155 186 155 187 229 187 230 187 155 188 230 188 153 188 153 189 230 189 231 189 153 190 231 190 151 190 151 191 231 191 232 191 151 192 232 192 149 192 149 193 232 193 233 193 149 194 233 194 147 194 147 195 233 195 234 195 147 196 234 196 145 196 145 197 234 197 235 197 145 198 235 198 143 198 235 199 236 199 143 199 143 200 236 200 237 200 143 201 237 201 141 201 141 202 237 202 238 202 141 203 238 203 139 203 139 204 238 204 239 204 139 205 239 205 137 205 137 206 239 206 240 206 137 207 240 207 135 207 135 208 240 208 241 208 135 209 241 209 133 209 133 210 241 210 242 210 133 211 242 211 131 211 131 212 242 212 243 212 131 213 243 213 129 213 129 214 243 214 244 214 129 215 244 215 127 215 127 216 244 216 245 216 127 217 245 217 125 217 125 218 245 218 246 218 125 219 246 219 123 219 123 220 246 220 247 220 123 221 247 221 121 221 121 222 247 222 248 222 121 223 248 223 119 223 119 224 248 224 249 224 119 225 249 225 117 225 117 226 249 226 250 226 117 227 250 227 115 227 115 228 250 228 251 228 115 229 251 229 113 229 113 230 251 230 252 230 113 231 252 231 111 231 111 232 252 232 253 232 111 233 253 233 109 233 253 234 254 234 109 234 109 235 254 235 255 235 109 236 255 236 107 236 107 237 255 237 256 237 107 238 256 238 105 238 105 239 256 239 257 239 105 240 257 240 103 240 103 241 257 241 258 241 103 242 258 242 101 242 101 243 258 243 259 243 101 244 259 244 99 244 99 245 259 245 260 245 99 246 260 246 97 246 97 247 260 247 261 247 97 248 261 248 95 248 95 249 261 249 262 249 95 250 262 250 93 250 93 251 262 251 263 251 93 252 263 252 91 252 91 253 263 253 264 253 91 254 264 254 89 254 89 255 264 255 265 255 89 256 265 256 87 256 87 257 265 257 266 257 87 258 266 258 85 258 85 259 266 259 267 259 85 260 267 260 83 260 83 261 267 261 268 261 83 262 268 262 81 262 81 263 268 263 269 263 81 264 269 264 79 264 79 265 269 265 270 265 79 266 270 266 77 266 77 267 270 267 271 267 77 268 271 268 75 268 75 269 271 269 272 269 75 270 272 270 73 270 73 271 272 271 273 271 73 272 273 272 71 272 273 273 274 273 71 273 71 274 274 274 275 274 71 275 275 275 69 275 69 276 275 276 276 276 69 277 276 277 67 277 67 278 276 278 277 278 67 279 277 279 203 279 203 280 277 280 278 280 203 281 278 281 205 281 45 282 43 282 240 282 240 283 239 283 45 283 45 284 239 284 238 284 45 285 238 285 47 285 238 286 237 286 47 286 47 287 237 287 236 287 47 288 236 288 49 288 236 289 235 289 49 289 49 290 235 290 234 290 49 291 234 291 50 291 234 292 233 292 50 292 50 293 233 293 232 293 50 294 232 294 36 294 232 295 231 295 36 295 36 296 231 296 230 296 36 297 230 297 38 297 230 298 229 298 38 298 38 299 229 299 228 299 38 300 228 300 40 300 228 301 227 301 40 301 40 302 227 302 226 302 40 303 226 303 41 303 226 304 225 304 41 304 41 305 225 305 224 305 41 306 224 306 18 306 224 307 223 307 18 307 18 308 223 308 222 308 18 309 222 309 20 309 222 310 221 310 20 310 20 311 221 311 220 311 20 312 220 312 22 312 220 313 219 313 22 313 22 314 219 314 218 314 22 315 218 315 24 315 218 316 217 316 24 316 24 317 217 317 216 317 24 318 216 318 25 318 216 319 215 319 25 319 25 320 215 320 214 320 25 321 214 321 11 321 214 322 213 322 11 322 11 323 213 323 212 323 11 324 212 324 13 324 212 325 211 325 13 325 13 326 211 326 210 326 13 327 210 327 15 327 210 328 209 328 15 328 15 329 209 329 208 329 15 330 208 330 16 330 208 331 207 331 16 331 16 332 207 332 206 332 16 333 206 333 0 333 0 334 206 334 205 334 0 335 205 335 51 335 51 336 205 336 278 336 51 337 278 337 52 337 278 338 277 338 52 338 52 339 277 339 276 339 52 340 276 340 54 340 276 341 275 341 54 341 54 342 275 342 274 342 54 343 274 343 56 343 274 344 273 344 56 344 56 345 273 345 272 345 56 346 272 346 57 346 272 347 271 347 57 347 57 348 271 348 270 348 57 349 270 349 27 349 270 350 269 350 27 350 27 351 269 351 268 351 27 352 268 352 29 352 268 353 267 353 29 353 29 354 267 354 266 354 29 355 266 355 31 355 266 356 265 356 31 356 31 357 265 357 264 357 31 358 264 358 33 358 264 359 263 359 33 359 33 360 263 360 262 360 33 361 262 361 34 361 262 362 261 362 34 362 34 363 261 363 260 363 34 364 260 364 4 364 260 365 259 365 4 365 4 366 259 366 258 366 4 367 258 367 6 367 258 368 257 368 6 368 6 369 257 369 256 369 6 370 256 370 8 370 256 371 255 371 8 371 8 372 255 372 254 372 8 373 254 373 58 373 254 374 253 374 58 374 58 375 253 375 252 375 58 376 252 376 59 376 252 377 251 377 59 377 59 378 251 378 250 378 59 379 250 379 61 379 250 380 249 380 61 380 61 381 249 381 248 381 61 382 248 382 63 382 248 383 247 383 63 383 63 384 247 384 246 384 63 385 246 385 65 385 246 386 245 386 65 386 65 387 245 387 244 387 65 388 244 388 66 388 244 389 243 389 66 389 66 390 243 390 242 390 66 391 242 391 43 391 43 392 242 392 241 392 43 393 241 393 240 393 279 394 280 394 281 394 281 395 280 395 282 395 281 395 282 395 283 395 283 395 282 395 284 395 283 396 284 396 285 396 285 395 284 395 286 395 285 395 286 395 287 395 288 395 289 395 290 395 286 395 291 395 287 395 287 395 291 395 292 395 287 395 292 395 293 395 293 395 292 395 294 395 293 395 294 395 295 395 295 395 294 395 296 395 295 395 296 395 297 395 298 397 299 397 300 397 300 395 299 395 301 395 300 395 301 395 302 395 302 395 301 395 303 395 302 398 303 398 304 398 304 399 303 399 305 399 304 395 305 395 279 395 279 395 305 395 306 395 279 395 306 395 280 395 288 395 307 395 289 395 289 395 307 395 308 395 289 395 308 395 309 395 309 400 308 400 310 400 309 395 310 395 311 395 311 395 310 395 312 395 311 401 312 401 313 401 314 395 315 395 316 395 316 402 315 402 317 402 316 395 317 395 318 395 318 403 317 403 319 403 318 395 319 395 298 395 298 404 319 404 320 404 298 395 320 395 299 395 312 405 321 405 313 405 313 406 321 406 322 406 313 395 322 395 323 395 323 407 322 407 324 407 323 395 324 395 325 395 325 395 324 395 326 395 325 395 326 395 327 395 327 408 326 408 328 408 327 395 328 395 314 395 314 409 328 409 329 409 314 395 329 395 315 395 296 395 330 395 297 395 297 410 330 410 331 410 297 395 331 395 332 395 332 411 331 411 333 411 332 395 333 395 334 395 334 412 333 412 335 412 334 395 335 395 336 395 336 413 335 413 337 413 336 414 337 414 338 414 337 395 339 395 338 395 338 415 339 415 340 415 338 416 340 416 341 416 341 417 340 417 342 417 341 418 342 418 343 418 343 395 342 395 344 395 343 395 344 395 290 395 290 395 344 395 345 395 290 395 345 395 288 395 204 419 346 419 68 419 68 339 346 339 347 339 68 420 347 420 70 420 70 421 347 421 348 421 70 422 348 422 72 422 72 423 348 423 349 423 72 424 349 424 74 424 74 425 349 425 350 425 74 426 350 426 76 426 76 345 350 345 351 345 76 427 351 427 78 427 78 428 351 428 352 428 78 429 352 429 80 429 80 430 352 430 353 430 80 431 353 431 82 431 82 432 353 432 354 432 82 433 354 433 84 433 84 434 354 434 355 434 84 435 355 435 86 435 86 436 355 436 356 436 86 437 356 437 88 437 88 438 356 438 357 438 88 439 357 439 90 439 90 440 357 440 358 440 90 441 358 441 92 441 358 442 359 442 92 442 92 443 359 443 360 443 92 444 360 444 94 444 94 445 360 445 361 445 94 446 361 446 96 446 96 447 361 447 362 447 96 448 362 448 98 448 98 449 362 449 363 449 98 450 363 450 100 450 100 451 363 451 364 451 100 452 364 452 102 452 102 366 364 366 365 366 102 453 365 453 104 453 104 454 365 454 366 454 104 455 366 455 106 455 106 456 366 456 367 456 106 457 367 457 108 457 108 458 367 458 368 458 108 459 368 459 110 459 110 460 368 460 369 460 110 461 369 461 112 461 112 462 369 462 370 462 112 463 370 463 114 463 114 464 370 464 371 464 114 465 371 465 116 465 116 466 371 466 372 466 116 467 372 467 118 467 118 468 372 468 373 468 118 469 373 469 120 469 120 470 373 470 374 470 120 471 374 471 122 471 122 472 374 472 375 472 122 473 375 473 124 473 124 474 375 474 376 474 124 475 376 475 126 475 376 476 377 476 126 476 126 477 377 477 378 477 126 478 378 478 128 478 128 479 378 479 379 479 128 480 379 480 130 480 130 481 379 481 380 481 130 482 380 482 132 482 132 483 380 483 381 483 132 484 381 484 134 484 134 485 381 485 382 485 134 486 382 486 136 486 136 487 382 487 383 487 136 488 383 488 138 488 138 489 383 489 384 489 138 490 384 490 140 490 140 491 384 491 385 491 140 492 385 492 142 492 142 493 385 493 386 493 142 494 386 494 144 494 144 287 386 287 387 287 144 495 387 495 146 495 146 496 387 496 388 496 146 497 388 497 148 497 148 498 388 498 389 498 148 499 389 499 150 499 150 500 389 500 390 500 150 501 390 501 152 501 152 502 390 502 391 502 152 503 391 503 154 503 154 504 391 504 392 504 154 505 392 505 156 505 156 506 392 506 393 506 156 507 393 507 158 507 158 508 393 508 394 508 158 509 394 509 160 509 394 510 395 510 160 510 160 511 395 511 396 511 160 512 396 512 162 512 162 513 396 513 397 513 162 514 397 514 164 514 164 515 397 515 398 515 164 516 398 516 166 516 166 517 398 517 399 517 166 518 399 518 168 518 168 519 399 519 400 519 168 520 400 520 170 520 170 521 400 521 401 521 170 522 401 522 172 522 172 523 401 523 402 523 172 524 402 524 174 524 174 525 402 525 403 525 174 526 403 526 176 526 176 527 403 527 404 527 176 528 404 528 178 528 178 529 404 529 405 529 178 530 405 530 180 530 180 531 405 531 406 531 180 532 406 532 182 532 182 533 406 533 407 533 182 534 407 534 184 534 184 535 407 535 408 535 184 536 408 536 186 536 186 537 408 537 409 537 186 538 409 538 188 538 188 539 409 539 410 539 188 540 410 540 190 540 190 541 410 541 411 541 190 542 411 542 192 542 192 543 411 543 412 543 192 544 412 544 194 544 194 545 412 545 413 545 194 546 413 546 196 546 196 547 413 547 414 547 196 548 414 548 198 548 414 549 415 549 198 549 198 550 415 550 416 550 198 551 416 551 200 551 200 552 416 552 417 552 200 553 417 553 202 553 202 554 417 554 418 554 202 555 418 555 204 555 204 336 418 336 419 336 204 556 419 556 346 556 282 557 280 557 381 557 381 558 380 558 282 558 282 559 380 559 379 559 282 560 379 560 284 560 379 561 378 561 284 561 284 562 378 562 377 562 284 563 377 563 286 563 377 564 376 564 286 564 286 565 376 565 375 565 286 566 375 566 291 566 375 567 374 567 291 567 291 568 374 568 373 568 291 569 373 569 292 569 373 570 372 570 292 570 292 571 372 571 371 571 292 572 371 572 294 572 371 573 370 573 294 573 294 574 370 574 369 574 294 575 369 575 296 575 369 576 368 576 296 576 296 577 368 577 367 577 296 578 367 578 330 578 367 579 366 579 330 579 330 580 366 580 365 580 330 581 365 581 331 581 365 582 364 582 331 582 331 583 364 583 363 583 331 584 363 584 333 584 363 585 362 585 333 585 333 586 362 586 361 586 333 587 361 587 335 587 361 588 360 588 335 588 335 589 360 589 359 589 335 590 359 590 337 590 359 591 358 591 337 591 337 257 358 257 357 257 337 592 357 592 339 592 357 593 356 593 339 593 339 594 356 594 355 594 339 595 355 595 340 595 355 596 354 596 340 596 340 597 354 597 353 597 340 598 353 598 342 598 353 599 352 599 342 599 342 600 352 600 351 600 342 601 351 601 344 601 351 602 350 602 344 602 344 603 350 603 349 603 344 604 349 604 345 604 349 605 348 605 345 605 345 606 348 606 347 606 345 607 347 607 288 607 288 608 347 608 346 608 288 609 346 609 307 609 307 280 346 280 419 280 307 610 419 610 308 610 419 611 418 611 308 611 308 612 418 612 417 612 308 613 417 613 310 613 417 614 416 614 310 614 310 144 416 144 415 144 310 615 415 615 312 615 415 616 414 616 312 616 312 617 414 617 413 617 312 618 413 618 321 618 413 619 412 619 321 619 321 620 412 620 411 620 321 621 411 621 322 621 411 622 410 622 322 622 322 623 410 623 409 623 322 624 409 624 324 624 409 625 408 625 324 625 324 626 408 626 407 626 324 627 407 627 326 627 407 628 406 628 326 628 326 629 406 629 405 629 326 630 405 630 328 630 405 631 404 631 328 631 328 632 404 632 403 632 328 633 403 633 329 633 403 634 402 634 329 634 329 635 402 635 401 635 329 636 401 636 315 636 401 637 400 637 315 637 315 638 400 638 399 638 315 639 399 639 317 639 399 640 398 640 317 640 317 179 398 179 397 179 317 641 397 641 319 641 397 642 396 642 319 642 319 643 396 643 395 643 319 644 395 644 320 644 395 645 394 645 320 645 320 646 394 646 393 646 320 647 393 647 299 647 393 648 392 648 299 648 299 649 392 649 391 649 299 650 391 650 301 650 391 651 390 651 301 651 301 652 390 652 389 652 301 653 389 653 303 653 389 654 388 654 303 654 303 655 388 655 387 655 303 656 387 656 305 656 387 200 386 200 305 200 305 657 386 657 385 657 305 658 385 658 306 658 385 659 384 659 306 659 306 660 384 660 383 660 306 661 383 661 280 661 280 662 383 662 382 662 280 663 382 663 381 663 289 664 1 664 290 664 290 664 1 664 53 664 290 665 53 665 343 665 343 666 53 666 55 666 343 667 55 667 341 667 341 667 55 667 26 667 341 668 26 668 338 668 338 669 26 669 28 669 338 670 28 670 336 670 336 670 28 670 30 670 336 671 30 671 334 671 334 671 30 671 32 671 334 672 32 672 332 672 332 672 32 672 3 672 332 673 3 673 297 673 297 674 3 674 5 674 297 675 5 675 295 675 295 676 5 676 7 676 295 677 7 677 293 677 293 677 7 677 9 677 293 678 9 678 287 678 287 679 9 679 60 679 287 680 60 680 285 680 285 680 60 680 62 680 285 681 62 681 283 681 283 681 62 681 64 681 283 682 64 682 281 682 281 682 64 682 42 682 281 683 42 683 279 683 279 684 42 684 44 684 279 685 44 685 304 685 304 686 44 686 46 686 304 687 46 687 302 687 302 688 46 688 48 688 302 689 48 689 300 689 300 690 48 690 35 690 300 691 35 691 298 691 298 691 35 691 37 691 298 692 37 692 318 692 318 692 37 692 39 692 318 693 39 693 316 693 316 693 39 693 17 693 316 694 17 694 314 694 314 694 17 694 19 694 314 695 19 695 327 695 327 696 19 696 21 696 327 697 21 697 325 697 325 697 21 697 23 697 325 698 23 698 323 698 323 699 23 699 10 699 323 700 10 700 313 700 313 701 10 701 12 701 313 702 12 702 311 702 311 703 12 703 14 703 311 704 14 704 309 704 309 704 14 704 2 704 309 705 2 705 289 705 289 706 2 706 1 706</p>
        </triangles>
      </mesh>
    </geometry>
    <geometry id="tail_pipe_assem_-_tptp_bearing-1_via_unit_needle_pulley-1_001-mesh" name="tail_pipe_assem - tptp_bearing-1 via_unit_needle_pulley-1.001">
      <mesh>
        <source id="tail_pipe_assem_-_tptp_bearing-1_via_unit_needle_pulley-1_001-mesh-positions">
          <float_array id="tail_pipe_assem_-_tptp_bearing-1_via_unit_needle_pulley-1_001-mesh-positions-array" count="1260">53.26185 81.9967 42.87086 53.26185 81.00281 43.26619 53.26185 80.93431 42.40395 53.26185 77.10494 47.14874 53.26185 76.64728 48.13722 53.26185 76.24298 47.07684 53.26185 75.80957 48.00511 53.26185 75.41664 46.82133 53.26185 75.00624 47.73333 53.26185 74.66453 46.39415 53.26185 79.68151 40.17786 53.26185 80.71325 39.79662 53.26185 80.25785 40.82282 53.26185 81.22663 40.47164 53.26185 80.68206 41.5766 53.26185 81.61854 41.2237 53.26185 81.87772 42.03119 53.26185 76.4723 39.18556 53.26185 76.93749 38.15045 53.26185 77.33699 39.16384 53.26185 77.78338 38.21104 53.26185 78.18611 39.32851 53.26185 78.60687 38.41371 53.26185 78.98 39.67187 53.26185 79.38425 38.75264 53.26185 80.09318 39.21807 53.26185 80.11721 45.66217 53.26185 80.51226 46.71309 53.26185 79.5044 46.27258 53.26185 79.85964 47.25465 53.26185 78.77469 46.73698 53.26185 79.12488 47.67813 53.26185 77.96221 47.03366 53.26185 78.32913 47.97134 53.26185 77.49526 48.12586 53.26185 74.18164 40.31601 53.26185 73.81154 39.30227 53.26185 74.85687 39.77544 53.26185 74.50774 38.818 53.26185 75.63251 39.39265 53.26185 75.27577 38.45836 53.26185 76.09352 38.23369 53.26185 73.01706 43.46678 53.26185 72.00661 43.00476 53.26185 73.04219 42.6022 53.26185 72.10305 42.1622 53.26185 73.25258 41.76322 53.26185 72.34049 41.34806 53.26185 73.63842 40.9891 53.26185 72.7121 40.58576 53.26185 73.2072 39.89722 53.26185 82.00239 43.29523 53.26185 81.97207 43.71856 53.26185 80.88436 44.12299 53.26185 81.80452 44.54991 53.26185 80.58448 44.93429 53.26185 81.4989 45.34098 53.26185 81.06397 46.06902 53.26185 74.26039 47.3297 53.26185 73.59349 46.80582 53.26185 74.02184 45.81528 53.26185 73.02472 46.17678 53.26185 73.51862 45.11178 53.26185 72.57044 45.46065 53.26185 73.17839 44.31656 53.26185 72.24372 44.67805 53.26185 72.05396 43.8515 50.26185 81.90596 44.13779 48.26185 81.90596 44.13779 50.26185 81.88459 44.23847 48.26185 81.88459 44.23847 50.26185 81.66851 44.95193 48.26185 81.66851 44.95193 50.26185 81.5904 45.14236 48.26185 81.5904 45.14236 50.26185 81.2969 45.71424 48.26185 81.2969 45.71424 50.26185 81.13047 45.97424 48.26185 81.13047 45.97424 50.26185 80.8018 46.40277 48.26185 80.8018 46.40277 50.26185 80.52142 46.70405 48.26185 80.52142 46.70405 50.26185 80.19745 46.99773 48.26185 80.19745 46.99773 50.26185 79.78526 47.3054 48.26185 79.78526 47.3054 50.26185 79.50125 47.48199 48.26185 79.50125 47.48199 50.26185 78.94859 47.75657 48.26185 78.94859 47.75657 50.26185 78.73323 47.84164 48.26185 78.73323 47.84164 50.26185 78.04165 48.04125 48.26185 78.04165 48.04125 50.26185 77.91548 48.06631 48.26185 77.91548 48.06631 50.26185 77.09724 48.14914 48.26185 77.09724 48.14914 50.26185 77.07151 48.14955 48.26185 77.07151 48.14955 50.26185 76.22562 48.08896 48.26185 76.22562 48.08896 50.26185 76.14947 48.07635 48.26185 76.14947 48.07635 50.26185 75.40213 47.88629 48.26185 75.40213 47.88629 50.26185 75.2326 47.82551 48.26185 75.2326 47.82551 50.26185 74.62474 47.54736 48.26185 74.62474 47.54736 50.26185 74.37978 47.40568 48.26185 74.37978 47.40568 50.26185 73.91582 47.08193 48.26185 73.91582 47.08193 50.26185 73.62181 46.83204 48.26185 73.62181 46.83204 50.26185 73.29575 46.50338 48.26185 73.29575 46.50338 50.26185 72.98611 46.12533 48.26185 72.98611 46.12533 50.26185 72.78237 45.82836 48.26185 72.78237 45.82836 50.26185 72.49565 45.31107 48.26185 72.49565 45.31107 50.26185 72.39046 45.07629 48.26185 72.39046 45.07629 50.26185 72.16814 44.41872 48.26185 72.16814 44.41872 50.26185 72.13128 44.26881 48.26185 72.13128 44.26881 50.26185 72.01544 43.4805 48.26185 72.01544 43.4805 50.26185 72.01229 43.42914 48.26185 72.01229 43.42914 50.26185 72.03693 42.58143 48.26185 72.03693 42.58143 50.26185 72.04305 42.53034 48.26185 72.04305 42.53034 50.26185 72.20447 41.75009 48.26185 72.20447 41.75009 50.26185 72.24998 41.60258 48.26185 72.24998 41.60258 50.26185 72.5101 40.95902 48.26185 72.5101 40.95902 50.26185 72.62875 40.73074 48.26185 72.62875 40.73074 50.26185 72.94503 40.23097 48.26185 72.94503 40.23097 50.26185 73.16567 39.94635 48.26185 73.16567 39.94635 50.26185 73.49674 39.58691 48.26185 73.49674 39.58691 50.26185 73.84134 39.27774 48.26185 73.84134 39.27774 50.26185 74.14936 39.04535 48.26185 74.14936 39.04535 50.26185 74.63134 38.74908 48.26185 74.63134 38.74908 50.26185 74.88411 38.62187 48.26185 74.88411 38.62187 50.26185 75.5071 38.37948 48.26185 75.5071 38.37948 50.26185 75.67987 38.32865 48.26185 75.67987 38.32865 50.26185 76.43698 38.18231 48.26185 76.43698 38.18231 50.26185 76.51374 38.17414 48.26185 76.51374 38.17414 50.26185 77.36172 38.16278 48.26185 77.36172 38.16278 50.26185 77.38738 38.16468 48.26185 77.38738 38.16468 50.26185 78.19943 38.29488 48.26185 78.19943 38.29488 50.26185 78.32394 38.32723 48.26185 78.32394 38.32723 50.26185 79.00276 38.56666 48.26185 79.00276 38.56666 50.26185 79.21281 38.66409 48.26185 79.21281 38.66409 50.26185 79.7486 38.9703 48.26185 79.7486 38.9703 50.26185 80.02187 39.16308 48.26185 80.02187 39.16308 50.26185 80.41551 39.49417 48.26185 80.41551 39.49417 50.26185 80.72187 39.80617 48.26185 80.72187 39.80617 50.26185 80.98428 40.12322 48.26185 80.98428 40.12322 50.26185 81.28751 40.57012 48.26185 81.28751 40.57012 50.26185 81.43856 40.83935 48.26185 81.43856 40.83935 50.26185 81.69836 41.4273 48.26185 81.69836 41.4273 50.26185 81.76528 41.62194 48.26185 81.76528 41.62194 50.26185 81.93955 42.34675 48.26185 81.93955 42.34675 50.26185 81.95504 42.4485 48.26185 81.95504 42.4485 50.26185 82.00239 43.29523 48.26185 82.00239 43.29523 51.76185 83.49436 42.78712 51.76185 83.44021 42.23805 51.76185 83.33969 41.69555 51.76185 83.19351 41.16352 51.76185 83.00276 40.64582 51.76185 82.76878 40.14615 51.76185 82.49327 39.66813 51.76185 82.17821 39.21519 51.76185 81.82588 38.7906 51.76185 81.43881 38.39743 51.76185 81.01979 38.03849 51.76185 80.57183 37.71639 51.76185 80.09818 37.43343 51.76185 79.60224 37.19166 51.76185 79.08757 36.99282 51.76185 78.5579 36.83835 51.76185 78.01705 36.72935 51.76185 77.46889 36.66661 51.76185 76.91738 36.65058 51.76185 76.36651 36.68138 51.76185 75.82023 36.75879 51.76185 75.28249 36.88225 51.76185 74.75714 37.05087 51.76185 74.248 37.26343 51.76185 73.75872 37.5184 51.76185 73.29281 37.81395 51.76185 72.85366 38.14795 51.76185 72.44441 38.51799 51.76185 72.06801 38.92139 51.76185 71.72718 39.35527 51.76185 71.42438 39.81649 51.76185 71.16178 40.30172 51.76185 70.94128 40.80748 51.76185 70.76447 41.33012 51.76185 70.63261 41.86587 51.76185 70.54666 42.41086 51.76185 70.50724 42.96119 51.76185 70.51464 43.51288 51.76185 70.56879 44.06195 51.76185 70.66931 44.60445 51.76185 70.81549 45.13647 51.76185 71.00624 45.65418 51.76185 71.24022 46.15385 51.76185 71.51573 46.63187 51.76185 71.83079 47.08481 51.76185 72.18312 47.50939 51.76185 72.57019 47.90257 51.76185 72.98921 48.2615 51.76185 73.43717 48.58361 51.76185 73.91082 48.86656 51.76185 74.40676 49.10833 51.76185 74.92143 49.30717 51.76185 75.45109 49.46165 51.76185 75.99195 49.57065 51.76185 76.54011 49.63339 51.76185 77.09162 49.64941 51.76185 77.64249 49.61861 51.76185 78.18877 49.54121 51.76185 78.72651 49.41775 51.76185 79.25185 49.24913 51.76185 79.761 49.03657 51.76185 80.25028 48.7816 51.76185 80.71618 48.48604 51.76185 81.15534 48.15205 51.76185 81.56459 47.78201 51.76185 81.94099 47.3786 51.76185 82.28181 46.94473 51.76185 82.58462 46.48351 51.76185 82.84722 45.99827 51.76185 83.06772 45.49251 51.76185 83.24453 44.96988 51.76185 83.37639 44.43413 51.76185 83.46234 43.88913 51.76185 83.50176 43.3388 45.26185 73.04219 42.6022 45.26185 72.00661 43.00476 45.26185 73.01706 43.46678 45.26185 72.05396 43.8515 45.26185 73.17839 44.31656 45.26185 72.24372 44.67805 45.26185 73.51862 45.11178 45.26185 72.57044 45.46065 45.26185 74.02184 45.81528 45.26185 81.97207 43.71856 45.26185 81.00281 43.26619 45.26185 80.88436 44.12299 45.26185 73.02472 46.17678 45.26185 73.59349 46.80582 45.26185 74.66453 46.39415 45.26185 74.26039 47.3297 45.26185 75.41664 46.82133 45.26185 75.00624 47.73333 45.26185 76.24298 47.07684 45.26185 74.85687 39.77544 45.26185 73.81154 39.30227 45.26185 74.18164 40.31601 45.26185 73.2072 39.89722 45.26185 73.63842 40.9891 45.26185 72.7121 40.58576 45.26185 73.25258 41.76322 45.26185 72.34049 41.34806 45.26185 72.10305 42.1622 45.26185 82.00239 43.29523 45.26185 81.9967 42.87086 45.26185 80.93431 42.40395 45.26185 81.87772 42.03119 45.26185 80.68206 41.5766 45.26185 81.61854 41.2237 45.26185 80.25785 40.82282 45.26185 77.33699 39.16384 45.26185 76.93749 38.15045 45.26185 76.4723 39.18556 45.26185 76.09352 38.23369 45.26185 75.63251 39.39265 45.26185 75.27577 38.45836 45.26185 74.50774 38.818 45.26185 81.22663 40.47164 45.26185 80.71325 39.79662 45.26185 79.68151 40.17786 45.26185 80.09318 39.21807 45.26185 78.98 39.67187 45.26185 79.38425 38.75264 45.26185 78.18611 39.32851 45.26185 78.60687 38.41371 45.26185 77.78338 38.21104 45.26185 75.80957 48.00511 45.26185 76.64728 48.13722 45.26185 77.10494 47.14874 45.26185 77.49526 48.12586 45.26185 77.96221 47.03366 45.26185 78.32913 47.97134 45.26185 78.77469 46.73698 45.26185 79.12488 47.67813 45.26185 79.5044 46.27258 45.26185 79.85964 47.25465 45.26185 80.51226 46.71309 45.26185 80.11721 45.66217 45.26185 81.06397 46.06902 45.26185 80.58448 44.93429 45.26185 81.4989 45.34098 45.26185 81.80452 44.54991 46.76185 83.46234 43.88913 46.76185 83.37639 44.43413 46.76185 83.24453 44.96988 46.76185 83.06772 45.49251 46.76185 82.84722 45.99827 46.76185 82.58462 46.48351 46.76185 82.28181 46.94473 46.76185 81.94099 47.3786 46.76185 81.56459 47.78201 46.76185 81.15534 48.15205 46.76185 80.71618 48.48604 46.76185 80.25028 48.7816 46.76185 79.761 49.03657 46.76185 79.25185 49.24913 46.76185 78.72651 49.41775 46.76185 78.18877 49.54121 46.76185 77.64249 49.61861 46.76185 77.09162 49.64941 46.76185 76.54011 49.63339 46.76185 75.99195 49.57065 46.76185 75.45109 49.46165 46.76185 74.92143 49.30717 46.76185 74.40676 49.10833 46.76185 73.91082 48.86656 46.76185 73.43717 48.58361 46.76185 72.98921 48.2615 46.76185 72.57019 47.90257 46.76185 72.18312 47.50939 46.76185 71.83079 47.08481 46.76185 71.51573 46.63187 46.76185 71.24022 46.15385 46.76185 71.00624 45.65418 46.76185 70.81549 45.13647 46.76185 70.66931 44.60445 46.76185 70.56879 44.06195 46.76185 70.51464 43.51288 46.76185 70.50724 42.96119 46.76185 70.54666 42.41086 46.76185 70.63261 41.86587 46.76185 70.76447 41.33012 46.76185 70.94128 40.80748 46.76185 71.16178 40.30172 46.76185 71.42438 39.81649 46.76185 71.72718 39.35527 46.76185 72.06801 38.92139 46.76185 72.44441 38.51799 46.76185 72.85366 38.14795 46.76185 73.29281 37.81395 46.76185 73.75872 37.5184 46.76185 74.248 37.26343 46.76185 74.75714 37.05087 46.76185 75.28249 36.88225 46.76185 75.82023 36.75879 46.76185 76.36651 36.68138 46.76185 76.91738 36.65058 46.76185 77.46889 36.66661 46.76185 78.01705 36.72935 46.76185 78.5579 36.83835 46.76185 79.08757 36.99282 46.76185 79.60224 37.19166 46.76185 80.09818 37.43343 46.76185 80.57183 37.71639 46.76185 81.01979 38.03849 46.76185 81.43881 38.39743 46.76185 81.82588 38.7906 46.76185 82.17821 39.21519 46.76185 82.49327 39.66813 46.76185 82.76878 40.14615 46.76185 83.00276 40.64582 46.76185 83.19351 41.16352 46.76185 83.33969 41.69555 46.76185 83.44021 42.23805 46.76185 83.49436 42.78712 46.76185 83.50176 43.3388</float_array>
          <technique_common>
            <accessor source="#tail_pipe_assem_-_tptp_bearing-1_via_unit_needle_pulley-1_001-mesh-positions-array" count="420" stride="3">
              <param name="X" type="float"/>
              <param name="Y" type="float"/>
              <param name="Z" type="float"/>
            </accessor>
          </technique_common>
        </source>
        <source id="tail_pipe_assem_-_tptp_bearing-1_via_unit_needle_pulley-1_001-mesh-normals">
          <float_array id="tail_pipe_assem_-_tptp_bearing-1_via_unit_needle_pulley-1_001-mesh-normals-array" count="2190">1 -8.63002e-6 0 1 8.62136e-6 0 1 -5.71152e-6 0 1 0 0 1 2.25942e-6 0 1 -8.67743e-6 0 1 -9.05457e-6 0 1 9.12063e-6 0 1 -5.72418e-7 0 1 -8.64455e-6 0 1 4.54889e-6 0 1 -4.47942e-6 0 1 -8.74902e-6 0 1 4.57781e-6 0 1 4.3096e-6 0 1 -4.57779e-6 0 1 4.32698e-6 0 1 -4.54223e-6 0 1 6.70229e-6 0 1 -4.3592e-6 0 1 -5.72428e-7 0 1 2.20886e-6 0 1 -4.30927e-6 0 1 9.1511e-6 0 1 -4.33249e-6 0 1 4.40362e-6 0 1 4.52735e-6 0 1 5.06046e-6 0 1 -8.99623e-6 0 1 -4.36186e-6 0 1 9.00058e-6 0 1 -4.45843e-6 0 1 -9.14532e-6 0 1 8.86215e-6 0 1 -4.56502e-6 0 1 8.62496e-6 0 1 -9.16074e-6 0 0 0.9781897 0.2077138 0 0.9782198 0.2075719 0 0.9570757 0.2898384 0 0.9570699 0.2898572 0 0.925192 0.3794994 0 0.8896704 0.4566034 0 0.8422364 0.5391084 0 0.7934845 0.6085905 0 0.7320427 0.6812588 0 0.6716326 0.7408844 0 0.6716153 0.7409002 0 0.5981616 0.8013756 0 0.5981758 0.801365 0 0.5280249 0.8492289 0 0.5280453 0.8492162 0 0.4449325 0.8955642 0 0.4449423 0.8955593 0 0.3673991 0.9300634 0 0.3673766 0.9300724 0 0.2773029 0.9607825 0 0.2773086 0.960781 0 0.1948271 0.9808376 0 0.1007133 0.9949156 0 0.100713 0.9949156 0 0.01601213 0.9998719 0 -0.07144331 0.9974448 0 -0.07144457 0.9974446 0 -0.1634531 0.9865512 0 -0.1634212 0.9865565 0 -0.2464725 0.9691498 0 -0.2464678 0.969151 0 -0.3374928 0.9413281 0 -0.3374659 0.9413378 0 -0.4160911 0.909323 0 -0.4160997 0.909319 0 -0.5006558 0.8656465 0 -0.5722533 0.8200771 0 -0.5722544 0.8200762 0 -0.6476186 0.7619647 0 -0.7099068 0.7042956 0 -0.7099059 0.7042967 0 -0.7736401 0.6336255 0 -0.7736247 0.6336441 0 -0.8245979 0.5657194 0 -0.8746266 0.4847972 0 -0.9126067 0.4088388 0 -0.9125846 0.4088882 0 -0.9473227 0.3202806 0 -0.9710672 0.2388069 0 -0.9710901 0.2387136 0 -0.9893743 0.1453916 0 -0.9981325 0.06108593 0 -0.9995778 -0.02905797 0 -0.9995782 -0.02904003 0 -0.9929056 -0.1189055 0 -0.9792625 -0.2025954 0 -0.9555736 -0.2947525 0 -0.9555459 -0.2948428 0 -0.9271325 -0.3747339 0 -0.9271252 -0.3747519 0 -0.8872976 -0.4611973 0 -0.887322 -0.4611506 0 -0.8450105 -0.5347499 0 -0.8449988 -0.5347684 0 -0.7903425 -0.6126653 0 -0.7355345 -0.6774874 0 -0.6678059 -0.7443355 0 -0.6022818 -0.7982836 0 -0.523669 -0.851922 0 -0.4495415 -0.8932595 0 -0.3625889 -0.9319492 0 -0.2822409 -0.9593437 0 -0.1897791 -0.9818269 0 -0.105863 -0.9943808 0 -0.01339983 -0.9999103 0 -0.01340007 -0.9999103 0 0.07400822 -0.9972577 0 0.07396447 -0.9972609 0 0.1583183 -0.9873882 0 0.1583154 -0.9873886 0 0.2514561 -0.9678688 0 0.3326355 -0.9430555 0 0.4207667 -0.907169 0 0.4961936 -0.8682121 0 0.4961829 -0.8682181 0 0.576458 -0.8171269 0 0.6436821 -0.765293 0 0.6436967 -0.7652809 0 0.7135332 -0.7006214 0 0.7135158 -0.7006392 0 0.7703542 -0.6376163 0 0.7703723 -0.6375943 0 0.8274867 -0.5614854 0 0.8274998 -0.561466 0 0.8721219 -0.4892888 0 0.9146856 -0.4041663 0 0.9146768 -0.4041861 0 0.945661 -0.3251544 0 0.9722908 -0.2337747 0 0.9886122 -0.1504861 0 0.9984403 -0.05583095 0 0.9935137 0.113713 -0.711315 0.7017774 -0.03923785 -0.7067856 0.7040114 -0.06944113 -0.7070867 0.6990794 -0.1063793 -0.7060102 0.6963478 -0.1290326 -0.7102835 0.6844097 -0.1645625 -0.7067894 0.6821504 -0.1874022 -0.7070354 0.6687513 -0.2299407 -0.7057216 0.6647931 -0.2449635 -0.7092098 0.6448513 -0.2849357 -0.706788 0.6406632 -0.3000024 -0.7069409 0.6168123 -0.3460884 -0.7059416 0.6136438 -0.3536776 -0.7081004 0.5843068 -0.3964586 -0.706786 0.5807458 -0.4039653 -0.7068089 0.5449581 -0.4510456 -0.7066618 0.5444949 -0.4518346 -0.7069466 0.5046504 -0.4955347 -0.7067862 0.5041292 -0.4962935 -0.7066336 0.4554584 -0.541504 -0.7078843 0.4595152 -0.5364195 -0.7057225 0.4084004 -0.5789344 -0.7067925 0.4130037 -0.5743451 -0.7064282 0.3511928 -0.6145102 -0.7095761 0.3613584 -0.6049148 -0.7044903 0.2986238 -0.6438302 -0.7067877 0.3099946 -0.6358888 -0.7067992 0.254947 -0.6598766 -0.710013 0.2342312 -0.6640913 -0.705892 0.1983137 -0.6799914 -0.7070692 0.1778681 -0.6844093 -0.7067832 0.139752 -0.693489 -0.7110635 0.1113137 -0.6942607 -0.706545 0.08047372 -0.7030776 -0.7069956 0.05227422 -0.7052834 -0.7067893 0.02056425 -0.7071251 -0.7113192 -0.009425938 -0.7028059 -0.7067868 -0.03948801 -0.7063238 -0.7070909 -0.07492721 -0.7031418 -0.7061435 -0.09934222 -0.7010653 -0.710547 -0.1335368 -0.6908625 -0.7067966 -0.1582975 -0.6894784 -0.7070463 -0.1995539 -0.6784274 -0.7057507 -0.2165137 -0.6745649 -0.7094824 -0.2555236 -0.6567667 -0.7067826 -0.2725518 -0.65282 -0.7069686 -0.3179258 -0.6317584 -0.7058392 -0.327362 -0.6281919 -0.7083722 -0.3696289 -0.601318 -0.706798 -0.3789471 -0.5973573 -0.7068424 -0.4260413 -0.5646795 -0.7064347 -0.428447 -0.5633678 -0.7072273 -0.4721295 -0.526235 -0.706785 -0.474453 -0.5247374 -0.7066923 -0.5204172 -0.4793246 -0.7075245 -0.5166983 -0.4821119 -0.7060459 -0.5596919 -0.4338713 -0.7067878 -0.5563118 -0.4369992 -0.706486 -0.5980281 -0.3784707 -0.7091143 -0.5894228 -0.3869598 -0.7047986 -0.6294563 -0.3271753 -0.7067812 -0.6221638 -0.3367084 -0.7067927 -0.6484758 -0.2827073 -0.7097536 -0.6531136 -0.2639935 -0.705795 -0.6710522 -0.2270299 -0.7070849 -0.6757135 -0.208428 -0.7067872 -0.6869243 -0.1690768 -0.7108038 -0.6888064 -0.1424912 -0.7063329 -0.6992342 -0.1102967 -0.7071096 -0.7021123 -0.08387184 -0.7067925 -0.7056123 -0.05055457 -0.7113153 -0.7025766 -0.02041143 -0.7067812 -0.7073689 0.00946933 -0.7071455 -0.7057477 0.0431919 -0.7063365 -0.7044563 0.06949806 -0.7108047 -0.6959154 0.102267 -0.7067834 -0.6955891 0.128892 -0.7070609 -0.6867142 0.168785 -0.705807 -0.6830922 0.187674 -0.7097498 -0.6673452 0.225623 -0.7067905 -0.6637927 0.2445948 -0.7069875 -0.6454036 0.2891764 -0.70577 -0.641583 0.3004331 -0.708664 -0.6170972 0.3420329 -0.70679 -0.6129103 0.3532548 -0.7068819 -0.5832626 0.4001535 -0.7062321 -0.5811997 0.404281 -0.7075197 -0.5467265 0.447779 -0.7067875 -0.5443956 0.4517576 -0.7067241 -0.5022524 0.4982807 -0.7072088 -0.5038265 0.4959987 -0.7063438 -0.4584264 0.5393735 -0.7067813 -0.4602239 0.5372654 -0.7065422 -0.4049699 0.5803426 -0.7086726 -0.411898 0.5728204 -0.7051046 -0.3550056 0.6138393 -0.7067967 -0.3628057 0.6072977 -0.7067891 -0.3099887 0.6358901 -0.7094746 -0.2932292 0.6408296 -0.7057532 -0.2553172 0.6608521 -0.7070668 -0.2386614 0.6656556 -0.7067878 -0.1980754 0.6791298 -0.7105416 -0.1734316 0.6819473 -0.7061572 -0.139877 0.6941012 -0.7071235 -0.1155647 0.6975824 -0.7067884 -0.08044445 0.7028363 -0.7113149 -0.05021482 0.7010776 -0.7067881 -0.02053987 0.7071272 -0.7071063 0.01118254 0.7070189 -0.7065447 0.03951591 0.7065643 -0.7110598 0.07081145 0.6995568 -0.70678 0.09924024 0.700438 -0.7071148 0.1377915 0.6935433 -0.7058799 0.158509 0.6903684 -0.7100179 0.1952699 0.676568 -0.7067905 0.2162005 0.673576 -0.7070049 0.2597985 0.6577606 -0.7057411 0.2729456 0.6537815 -0.708935 0.3138027 0.6316164 -0.7067893 0.326924 0.6273514 -0.7068972 0.3734835 0.6006717 -0.7060807 0.3793259 0.5979648 -0.7078013 0.4225516 0.5660985 -0.7067955 0.4282497 0.5630652 -0.7067669 0.4751251 0.5241534 -0.7069223 0.4743711 0.5246266 -0.7066333 0.5179646 0.4820601 -0.7067955 0.5172476 0.4825922 -0.7065876 0.56149 0.4306543 -0.7082568 0.5551552 0.4360906 -0.7054291 0.5969546 0.3821191 -0.7067912 0.5913634 0.3882469 -0.7063757 0.6297378 0.3232087 -0.7100806 0.619252 0.3351308 -0.7041784 0.6569255 0.2694098 -0.7067887 0.648464 0.2827442 -0.7067913 0.6701145 0.2266996 -0.7102844 0.673697 0.2040306 -0.7060033 0.6876901 0.1692384 -0.707054 0.6917296 0.1469185 -0.7067892 0.6987901 0.110188 -0.7113128 0.6983165 0.07992607 -0.7067934 0.7056114 0.05055427 -0.7067878 0.7073619 -0.009495258 0.7113139 -0.6983155 -0.07992571 0.7067852 -0.6987881 -0.1102271 0.706792 -0.6869226 -0.1690633 0.7113118 -0.6747664 -0.1967894 0.706789 -0.670112 -0.226714 0.7067927 -0.6484758 -0.2827073 0.7113174 -0.631797 -0.3079938 0.7067812 -0.6221638 -0.3367084 0.706789 -0.5913712 -0.388239 0.7113134 -0.5706539 -0.4103502 0.7067894 -0.5563105 -0.4369981 0.7067865 -0.5172381 -0.4826155 0.7113171 -0.4931011 -0.5008787 0.7067841 -0.4744654 -0.5247274 0.7067929 -0.428243 -0.5630735 0.711313 -0.4013631 -0.5770109 0.7067874 -0.3789445 -0.5973716 0.7067859 -0.3269205 -0.627357 0.71131 -0.2980759 -0.6365444 0.7067977 -0.2725414 -0.652808 0.7067774 -0.2161991 -0.6735903 0.711318 -0.1862084 -0.677756 0.7067829 -0.1583027 -0.6894912 0.7067974 -0.09924805 -0.7004193 0.7113168 -0.06899082 -0.6994776 0.7067876 -0.03949445 -0.7063226 0.7067831 0.02054697 -0.7071319 0.7113149 0.05021542 -0.7010775 0.706788 0.08043646 -0.7028376 0.7067822 0.1397616 -0.6934881 0.7113142 0.1679793 -0.6825065 0.7067914 0.1980721 -0.679127 0.7067809 0.2549403 -0.6598986 0.7113161 0.2809082 -0.6442981 0.7067893 0.3099939 -0.6358873 0.7067802 0.3628038 -0.6073181 0.7113186 0.3857516 -0.5875558 0.7067914 0.4129961 -0.574352 0.7067835 0.4602187 -0.537267 0.7113155 0.4795007 -0.5139157 0.7067851 0.5041347 -0.4962893 0.7067925 0.5443981 -0.4517467 0.7113132 0.5594577 -0.4254887 0.7067927 0.5807453 -0.4039542 0.7067852 0.6129145 -0.3532572 0.7113144 0.6233154 -0.3248227 0.7067868 0.6406587 -0.3000149 0.7067925 0.6637992 -0.2445711 0.7113144 0.6692438 -0.2148132 0.7067856 0.6821475 -0.1874275 0.7067899 0.6955826 -0.1288914 0.7113181 0.6959187 -0.09860938 0.7067911 0.7040073 -0.06942737 0.7067804 0.7073696 -0.009478449 0.7067895 0.7073603 -0.009495317 0.7067977 0.7056065 0.05056184 0.7067797 0.705627 0.05052894 0.7067872 0.6987881 0.1102138 0.7113154 0.6890201 0.1388586 0.7067865 0.6869252 0.1690762 0.7067878 0.6701171 0.2267026 0.7113181 0.6556438 0.2532936 0.7067869 0.6484651 0.282746 0.7067974 0.6221613 0.3366792 0.7113168 0.6033997 0.3604683 0.7067815 0.5913595 0.3882704 0.7067894 0.5563105 0.4369981 0.7113125 0.5338132 0.4572506 0.7067889 0.5172362 0.4826139 0.7067934 0.4744575 0.5247222 0.711313 0.4488494 0.5408957 0.7067884 0.4282416 0.5630804 0.7067834 0.3789559 0.597369 0.7113133 0.3509753 0.6089744 0.7067868 0.3269226 0.6273549 0.7067973 0.2725341 0.6528115 0.7113067 0.2430236 0.659532 0.7067919 0.2161912 0.6735774 0.7067835 0.1582979 0.6894918 0.711318 0.1280666 0.6911047 0.7067826 0.09924411 0.7004348 0.7067933 0.03948694 0.7063173 0.7113119 0.009425878 0.7028133 0.7067835 -0.0205425 0.7071316 0.7067886 -0.08044123 0.7028366 0.7113159 -0.1094932 0.6942917 0.7067892 -0.1397555 0.6934821 0.7067884 -0.1980707 0.6791304 0.7113213 -0.2252535 0.665795 0.7067797 -0.2549465 0.6598976 0.7067877 -0.3099946 0.6358888 0.7113144 -0.3345324 0.6181586 0.7067912 -0.3627931 0.6073116 0.7067905 -0.4129987 0.5743513 0.7113122 -0.4341915 0.5527322 0.7067852 -0.4602233 0.5372608 0.7067914 -0.5041238 0.4962914 0.7113111 -0.5213626 0.4713999 0.7067891 -0.5443853 0.4517675 0.7067816 -0.5807555 0.403959 0.7113162 -0.593523 0.37651 0.7067849 -0.6129139 0.3532587 0.7067915 -0.6406645 0.2999916 0.7113152 -0.648618 0.2707869 0.7067837 -0.6638032 0.2445856 0.706793 -0.6821404 0.1874256 0.7113128 -0.6850543 0.1572732 0.7067883 -0.6955843 0.1288911 0.706788 -0.7040091 0.0694409 0.711316 -0.7017763 0.03923791 0.7067877 -0.7073624 0.00946927 0.7067874 -0.7056202 -0.05051553 -1 4.30927e-6 0 -1 0 0 -1 4.40358e-6 0 -1 -4.31246e-6 0 -1 4.56502e-6 0 -1 -4.35331e-6 0 -1 4.50983e-6 0 -1 -4.4435e-6 0 -1 -8.63662e-6 0 -1 4.5549e-6 0 -1 -8.74229e-6 0 -1 8.94875e-6 0 -1 -9.1511e-6 0 -1 5.06036e-6 0 -1 -8.99635e-6 0 -1 4.31499e-6 0 -1 -9.12063e-6 0 -1 -4.36182e-6 0 -1 5.71152e-7 0 -1 -2.25942e-6 0 -1 8.85869e-6 0 -1 -4.43107e-6 0 -1 2.20193e-6 0 -1 4.30956e-6 0 -1 -4.57781e-6 0 -1 4.32698e-6 0 -1 4.5423e-6 0 -1 -4.39194e-6 0 -1 4.46818e-6 0 -1 4.3592e-6 0 -1 5.72418e-7 0 -1 5.71152e-6 0 -1 -8.62136e-6 0 -1 5.72428e-7 0 -1 4.54885e-6 0 -1 -6.71917e-6 0 -1 -8.74898e-6 0 -1 4.57779e-6 0 -1 -8.6192e-6 0 -1 8.67739e-6 0 -1 8.83213e-6 0 -1 -8.88798e-6 0 0.7113144 0.6983149 0.07992577 0.7067892 0.6987901 0.110188 0.7070625 0.6917204 0.1469202 0.7060033 0.6876901 0.1692384 0.7102826 0.6736987 0.2040315 0.7067944 0.6701109 0.2267006 0.7070209 0.6542713 0.2684226 0.7057293 0.6494472 0.2831336 0.7092 0.6272177 0.3219214 0.706791 0.6221614 0.3366923 0.7069417 0.5956962 0.3812866 0.7059454 0.5920619 0.3887207 0.7080978 0.5602909 0.4297346 0.7067829 0.5563156 0.4370022 0.7068084 0.5178582 0.481918 0.7066616 0.5173292 0.4827006 0.7069348 0.4750333 0.5240101 0.706787 0.4744488 0.5247386 0.7066419 0.4232476 0.5670263 0.7078797 0.4275795 0.5622119 0.7057394 0.3741129 0.6016408 0.7067797 0.3789474 0.5973789 0.7064366 0.3149207 0.6338551 0.7095783 0.3256207 0.6248758 0.704508 0.260747 0.6600602 0.7067846 0.2725325 0.6528259 0.7067895 0.2162067 0.6735751 0.7100191 0.1952695 0.6765669 0.705881 0.1584994 0.6903695 0.7071185 0.137737 0.6935503 0.7067788 0.09925842 0.7004367 0.7110592 0.07081151 0.6995574 0.7065452 0.03950005 0.7065648 0.707104 0.01146209 0.7070167 0.7067879 -0.02055209 0.707127 0.7113149 -0.05021482 0.7010776 0.7067882 -0.08044767 0.7028362 0.7071264 -0.1155642 0.6975795 0.7061572 -0.139877 0.6941012 0.7105411 -0.1734318 0.6819479 0.7067893 -0.1980645 0.6791313 0.7070643 -0.2386622 0.6656579 0.7057526 -0.2553203 0.6608516 0.7094752 -0.2932289 0.640829 0.70697 -0.3540761 0.6122285 0.7058424 -0.3632847 0.6081208 0.7083784 -0.4039283 0.5788281 0.7067903 -0.4129884 0.5743589 0.7068358 -0.4581136 0.5389945 0.7064373 -0.4604436 0.5375295 0.7072337 -0.5018947 0.497918 0.7067835 -0.5041229 0.4963036 0.7066891 -0.547356 0.4483214 0.7075289 -0.543834 0.4512732 0.7060387 -0.5839582 0.4006273 0.7067824 -0.5807476 0.4039688 0.706497 -0.6189936 0.3430873 0.7091106 -0.6108957 0.3520918 0.7047986 -0.6473931 0.2900709 0.7067895 -0.6406612 0.3000031 0.7067905 -0.6637927 0.2445948 0.7097496 -0.6673453 0.2256229 0.705807 -0.6830922 0.187674 0.7070609 -0.6867142 0.168785 0.7067834 -0.6955891 0.128892 0.7108036 -0.6959166 0.1022669 0.7063365 -0.7044563 0.06949806 0.7071455 -0.7057477 0.0431919 0.7067812 -0.7073689 0.00946933 0.7113153 -0.7025766 -0.02041143 0.7067892 -0.7056155 -0.05055433 0.7071139 -0.7021078 -0.08387231 0.7063362 -0.6992309 -0.1102972 0.7108013 -0.688809 -0.1424907 0.7067856 -0.686926 -0.1690764 0.7070877 -0.6757104 -0.2084288 0.705795 -0.6710522 -0.2270299 0.7097548 -0.6531121 -0.263994 0.7069767 -0.6275304 -0.3261743 0.7057709 -0.6230488 -0.3371909 0.7086576 -0.596197 -0.3772979 0.70679 -0.5913634 -0.388249 0.7068701 -0.5590435 -0.4333648 0.7062474 -0.5567373 -0.4373308 0.7075245 -0.5197977 -0.4787687 0.7067877 -0.5172437 -0.4826077 0.7067241 -0.4724655 -0.5266095 0.7072051 -0.4741749 -0.5244227 0.7063379 -0.4263296 -0.5650928 0.7067869 -0.4282456 -0.5630792 0.7065497 -0.3705864 -0.602871 0.708665 -0.3779357 -0.595784 0.7051113 -0.3187683 -0.6334072 0.70679 -0.3269211 -0.627352 0.7067851 -0.2725397 -0.6528223 0.7094821 -0.2555284 -0.6567651 0.7057507 -0.2165137 -0.6745649 0.7070382 -0.199593 -0.6784244 0.7067962 -0.1583008 -0.6894781 0.7105476 -0.1335367 -0.6908619 0.7061432 -0.09934747 -0.701065 0.7071008 -0.07474189 -0.7031517 0.7067862 -0.0395075 -0.7063232 0.7113193 -0.009417474 -0.702806 0.7067894 0.0205602 -0.7071253 0.7070059 0.05199545 -0.7052937 0.7065454 0.08046722 -0.703078 0.7110633 0.1113222 -0.6942595 0.7070797 0.1778131 -0.6844127 0.7058917 0.1983152 -0.6799911 0.7100111 0.2342407 -0.66409 0.7068015 0.2549348 -0.6598788 0.707008 0.2975813 -0.641549 0.7057324 0.3104573 -0.6368345 0.7089282 0.3499548 -0.6123337 0.7067868 0.3627908 -0.6073181 0.70692 0.4077348 -0.5779417 0.706067 0.4134122 -0.5749433 0.7078177 0.4547016 -0.5405929 0.7067852 0.4602177 -0.5372658 0.7067679 0.5047695 -0.4956682 0.7069238 0.5040408 -0.496187 0.706638 0.5450845 -0.4511605 0.7067893 0.5444006 -0.4517487 0.7065867 0.5855501 -0.3973242 0.7082654 0.579541 -0.4031035 0.7054179 0.6181384 -0.3468292 0.7067931 0.6129068 -0.3532547 0.7063729 0.6474511 -0.2860845 0.7100822 0.637668 -0.2986014 0.7041712 0.671448 -0.2308694 0.706788 0.6637949 -0.2445957 0.7067894 0.6821504 -0.1874022 0.7102794 0.6844139 -0.1645627 0.7060118 0.6963461 -0.1290329 0.7070845 0.6990816 -0.1063789 0.7067856 0.7040114 -0.06944113 0.711316 0.7017763 -0.03923791 0.7067918 0.705613 0.05055415 -0.711315 -0.7017774 0.03923785 -0.7067877 -0.7040095 0.06944096 -0.7067866 -0.6955859 0.1288914 -0.7113133 -0.6850537 0.1572733 -0.7067921 -0.6821411 0.1874257 -0.7067862 -0.6638009 0.2445848 -0.7113161 -0.6486168 0.2707872 -0.7067937 -0.6406618 0.2999918 -0.7067835 -0.6129159 0.3532581 -0.7113192 -0.5935198 0.3765093 -0.7067803 -0.5807577 0.4039583 -0.7067866 -0.5443899 0.4517659 -0.7113105 -0.521361 0.4714022 -0.7067898 -0.504125 0.4962926 -0.706788 -0.4602197 0.5372604 -0.7113122 -0.4341915 0.5527322 -0.7067896 -0.4130015 0.5743505 -0.7067883 -0.3628031 0.6073092 -0.7113164 -0.3345281 0.6181585 -0.70678 -0.2549449 0.6598978 -0.7113214 -0.2252572 0.6657936 -0.7067881 -0.198073 0.6791301 -0.7067902 -0.1397459 0.6934831 -0.7113166 -0.1094849 0.6942923 -0.7067877 -0.08044934 0.7028365 -0.7067831 -0.02054613 0.7071319 -0.7113119 0.009417474 0.7028135 -0.7067935 0.03949487 0.7063166 -0.7067833 0.09924125 0.7004346 -0.7113187 0.1280665 0.6911039 -0.7067844 0.1582899 0.6894927 -0.7067915 0.2161943 0.673577 -0.7113092 0.2430153 0.6595323 -0.7067942 0.2725492 0.6528086 -0.706786 0.3269255 0.6273543 -0.7113122 0.350979 0.6089735 -0.7067881 0.3789453 0.5973702 -0.7067879 0.4282429 0.56308 -0.7113153 0.4488453 0.5408959 -0.7067928 0.474456 0.5247241 -0.7067878 0.5172387 0.482613 -0.7113162 0.5338085 0.4572502 -0.7067869 0.556315 0.4369965 -0.7067834 0.5913559 0.3882723 -0.7113149 0.6034024 0.3604673 -0.7067957 0.6221627 0.3366799 -0.7067846 0.6484677 0.2827458 -0.7113162 0.6556462 0.2532929 -0.7067831 0.670122 0.2267032 -0.7067863 0.6869251 0.169077 -0.7113156 0.6890199 0.1388586 -0.7067872 0.6987881 0.1102138 -0.7067798 0.7056269 0.05052906 -0.7067801 0.7073694 -0.009512305 -0.7067889 0.7073612 -0.009469211 -0.7067943 0.7040039 -0.06942766 -0.7113139 0.6959231 -0.09860879 -0.7067891 0.6955835 -0.1288912 -0.706786 0.682147 -0.1874274 -0.7113145 0.6692436 -0.2148133 -0.7067925 0.6637992 -0.2445711 -0.7067868 0.6406587 -0.3000149 -0.7113134 0.6233167 -0.3248223 -0.7067849 0.6129139 -0.3532587 -0.7067943 0.580744 -0.4039533 -0.7113132 0.5594577 -0.4254887 -0.7067916 0.5443987 -0.4517472 -0.7067871 0.5041317 -0.4962895 -0.7113173 0.4794949 -0.5139186 -0.7067841 0.4602202 -0.537265 -0.7067907 0.4129943 -0.5743541 -0.7113186 0.3857516 -0.5875558 -0.7067806 0.3628024 -0.6073184 -0.706788 0.3099932 -0.6358891 -0.7113166 0.280908 -0.6442977 -0.7067797 0.2549465 -0.6598976 -0.7067919 0.1980682 -0.6791275 -0.7113147 0.1679791 -0.682506 -0.7067835 0.1397566 -0.6934877 -0.7067883 0.08044606 -0.7028362 -0.7113149 0.05021542 -0.7010775 -0.7067836 0.02055549 -0.7071312 -0.7067882 -0.03949439 -0.7063219 -0.7113168 -0.06899082 -0.6994776 -0.7067967 -0.09925854 -0.7004186 -0.7067838 -0.1582947 -0.6894921 -0.7113178 -0.1862084 -0.6777562 -0.7067779 -0.216196 -0.6735907 -0.7067959 -0.2725504 -0.6528062 -0.7113113 -0.2980684 -0.6365465 -0.7067866 -0.3269175 -0.6273577 -0.7067869 -0.3789459 -0.5973712 -0.7113128 -0.4013661 -0.5770091 -0.7067936 -0.4282447 -0.5630714 -0.706786 -0.4744623 -0.5247275 -0.711316 -0.4931018 -0.5008795 -0.7067857 -0.5172387 -0.4826161 -0.7067898 -0.5563114 -0.4369963 -0.7113126 -0.5706554 -0.4103498 -0.706789 -0.5913712 -0.388239 -0.706782 -0.6221631 -0.336708 -0.7113159 -0.6317989 -0.3079932 -0.7067935 -0.648475 -0.282707 -0.7067859 -0.6701156 -0.226713 -0.7113133 -0.6747646 -0.1967898 -0.7067912 -0.6869236 -0.1690627 -0.7067854 -0.6987879 -0.1102268 -0.711315 -0.6983144 -0.07992583 -0.706789 -0.7056186 -0.05051565 -0.7067861 -0.707364 0.009469211 0 -0.9905782 -0.136949 0 -0.9379813 -0.346686 0 -0.9379756 -0.3467015 0 -0.84152 -0.5402261 0 -0.7057183 -0.7084925 0 -0.7057096 -0.7085013 0 -0.5369109 -0.843639 0 -0.3429963 -0.9393368 0 -0.1330488 -0.9911095 0 -0.1330511 -0.9911093 0 0.08312135 -0.9965395 0 0.08311992 -0.9965395 0 0.2954049 -0.9553722 0 0.2954098 -0.9553706 0 0.4938737 -0.8695337 0 0.6692537 -0.743034 0 0.669245 -0.7430419 0 0.8133394 -0.5817896 0 0.919384 -0.3933614 0 0.9193904 -0.3933465 0 0.9824512 -0.1865203 0 0.9824544 -0.1865032 0 0.9995784 0.02903741 0 0.9995779 0.02905505 0 0.9699628 0.2432537 0 0.9699669 0.243237 0 0.8949954 0.4460754 0 0.7781783 0.6280435 0 0.7781785 0.6280433 0 0.6249683 0.7806503 0 0.6249769 0.7806434 0 0.4425433 0.8967473 0 0.4425503 0.8967437 0 0.2394295 0.9709138 0 0.2394254 0.9709149 0 0.02511203 0.9996847 0 0.02511203 0.9996847 0 -0.1903786 0.9817109 0 -0.1903818 0.9817101 0 -0.3969655 0.9178336 0 -0.5849926 0.8110387 0 -0.7456636 0.6663227 0 -0.8714728 0.4904441 0 -0.956527 0.291644 0 -0.9968595 0.07919126</float_array>
          <technique_common>
            <accessor source="#tail_pipe_assem_-_tptp_bearing-1_via_unit_needle_pulley-1_001-mesh-normals-array" count="730" stride="3">
              <param name="X" type="float"/>
              <param name="Y" type="float"/>
              <param name="Z" type="float"/>
            </accessor>
          </technique_common>
        </source>
        <vertices id="tail_pipe_assem_-_tptp_bearing-1_via_unit_needle_pulley-1_001-mesh-vertices">
          <input semantic="POSITION" source="#tail_pipe_assem_-_tptp_bearing-1_via_unit_needle_pulley-1_001-mesh-positions"/>
        </vertices>
        <triangles material="Material_001-material" count="840">
          <input semantic="VERTEX" source="#tail_pipe_assem_-_tptp_bearing-1_via_unit_needle_pulley-1_001-mesh-vertices" offset="0"/>
          <input semantic="NORMAL" source="#tail_pipe_assem_-_tptp_bearing-1_via_unit_needle_pulley-1_001-mesh-normals" offset="1"/>
          <p>0 0 1 0 2 0 3 1 4 1 5 1 5 2 4 2 6 2 5 3 6 3 7 3 7 4 6 4 8 4 7 3 8 3 9 3 10 3 11 3 12 3 12 3 11 3 13 3 12 5 13 5 14 5 14 6 13 6 15 6 14 3 15 3 2 3 2 3 15 3 16 3 2 7 16 7 0 7 17 3 18 3 19 3 19 8 18 8 20 8 19 9 20 9 21 9 21 10 20 10 22 10 21 3 22 3 23 3 23 11 22 11 24 11 23 3 24 3 10 3 10 12 24 12 25 12 10 13 25 13 11 13 26 14 27 14 28 14 28 15 27 15 29 15 28 16 29 16 30 16 30 17 29 17 31 17 30 3 31 3 32 3 32 18 31 18 33 18 32 3 33 3 3 3 3 19 33 19 34 19 3 20 34 20 4 20 35 3 36 3 37 3 37 3 36 3 38 3 37 3 38 3 39 3 39 3 38 3 40 3 39 3 40 3 17 3 17 21 40 21 41 21 17 3 41 3 18 3 42 22 43 22 44 22 44 23 43 23 45 23 44 24 45 24 46 24 46 3 45 3 47 3 46 25 47 25 48 25 48 3 47 3 49 3 48 26 49 26 35 26 35 3 49 3 50 3 35 3 50 3 36 3 0 27 51 27 1 27 1 28 51 28 52 28 1 3 52 3 53 3 53 3 52 3 54 3 53 29 54 29 55 29 55 30 54 30 56 30 55 31 56 31 26 31 26 3 56 3 57 3 26 32 57 32 27 32 8 33 58 33 9 33 9 34 58 34 59 34 9 35 59 35 60 35 60 36 59 36 61 36 60 3 61 3 62 3 62 3 61 3 63 3 62 3 63 3 64 3 64 3 63 3 65 3 64 3 65 3 42 3 42 3 65 3 66 3 42 3 66 3 43 3 67 37 68 37 69 37 69 38 68 38 70 38 69 39 70 39 71 39 71 40 70 40 72 40 71 41 72 41 73 41 73 41 72 41 74 41 73 42 74 42 75 42 75 42 74 42 76 42 75 43 76 43 77 43 77 43 76 43 78 43 77 44 78 44 79 44 79 44 78 44 80 44 79 45 80 45 81 45 81 45 80 45 82 45 81 46 82 46 83 46 83 47 82 47 84 47 83 48 84 48 85 48 85 49 84 49 86 49 85 50 86 50 87 50 87 51 86 51 88 51 87 52 88 52 89 52 89 53 88 53 90 53 89 54 90 54 91 54 91 55 90 55 92 55 91 56 92 56 93 56 93 57 92 57 94 57 93 58 94 58 95 58 95 58 94 58 96 58 95 59 96 59 97 59 97 60 96 60 98 60 97 61 98 61 99 61 99 61 98 61 100 61 99 62 100 62 101 62 101 63 100 63 102 63 101 64 102 64 103 64 103 65 102 65 104 65 103 66 104 66 105 66 105 67 104 67 106 67 105 68 106 68 107 68 107 69 106 69 108 69 107 70 108 70 109 70 109 71 108 71 110 71 109 72 110 72 111 72 111 72 110 72 112 72 111 73 112 73 113 73 113 74 112 74 114 74 113 75 114 75 115 75 115 75 114 75 116 75 115 76 116 76 117 76 117 77 116 77 118 77 117 78 118 78 119 78 119 79 118 79 120 79 119 80 120 80 121 80 121 80 120 80 122 80 121 81 122 81 123 81 123 81 122 81 124 81 123 82 124 82 125 82 125 83 124 83 126 83 125 84 126 84 127 84 127 84 126 84 128 84 127 85 128 85 129 85 129 86 128 86 130 86 129 87 130 87 131 87 131 87 130 87 132 87 131 88 132 88 133 88 133 88 132 88 134 88 133 89 134 89 135 89 135 90 134 90 136 90 135 91 136 91 137 91 137 91 136 91 138 91 137 92 138 92 139 92 139 92 138 92 140 92 139 93 140 93 141 93 141 94 140 94 142 94 141 95 142 95 143 95 143 96 142 96 144 96 143 97 144 97 145 97 145 98 144 98 146 98 145 99 146 99 147 99 147 100 146 100 148 100 147 101 148 101 149 101 149 101 148 101 150 101 149 102 150 102 151 102 151 102 150 102 152 102 151 103 152 103 153 103 153 103 152 103 154 103 153 104 154 104 155 104 155 104 154 104 156 104 155 105 156 105 157 105 157 105 156 105 158 105 157 106 158 106 159 106 159 106 158 106 160 106 159 107 160 107 161 107 161 107 160 107 162 107 161 108 162 108 163 108 163 108 162 108 164 108 163 109 164 109 165 109 165 109 164 109 166 109 165 110 166 110 167 110 167 110 166 110 168 110 167 111 168 111 169 111 169 112 168 112 170 112 169 113 170 113 171 113 171 114 170 114 172 114 171 115 172 115 173 115 173 116 172 116 174 116 173 117 174 117 175 117 175 117 174 117 176 117 175 118 176 118 177 118 177 118 176 118 178 118 177 119 178 119 179 119 179 119 178 119 180 119 179 120 180 120 181 120 181 121 180 121 182 121 181 122 182 122 183 122 183 122 182 122 184 122 183 123 184 123 185 123 185 124 184 124 186 124 185 125 186 125 187 125 187 126 186 126 188 126 187 127 188 127 189 127 189 128 188 128 190 128 189 129 190 129 191 129 191 130 190 130 192 130 191 131 192 131 193 131 193 131 192 131 194 131 193 132 194 132 195 132 195 133 194 133 196 133 195 134 196 134 197 134 197 134 196 134 198 134 197 135 198 135 199 135 199 135 198 135 200 135 199 136 200 136 201 136 201 136 200 136 202 136 201 137 202 137 203 137 203 137 202 137 204 137 203 138 204 138 67 138 67 138 204 138 68 138 203 139 205 139 201 139 201 140 205 140 206 140 201 141 206 141 199 141 199 142 206 142 207 142 199 143 207 143 197 143 197 144 207 144 208 144 197 145 208 145 195 145 195 146 208 146 209 146 195 147 209 147 193 147 193 148 209 148 210 148 193 149 210 149 191 149 191 150 210 150 211 150 191 151 211 151 189 151 189 152 211 152 212 152 189 153 212 153 187 153 187 154 212 154 213 154 187 155 213 155 185 155 185 156 213 156 214 156 185 157 214 157 183 157 183 158 214 158 215 158 183 159 215 159 181 159 181 160 215 160 216 160 181 161 216 161 179 161 179 162 216 162 217 162 179 163 217 163 177 163 217 164 218 164 177 164 177 165 218 165 219 165 177 166 219 166 175 166 175 167 219 167 220 167 175 168 220 168 173 168 173 169 220 169 221 169 173 170 221 170 171 170 171 171 221 171 222 171 171 172 222 172 169 172 169 173 222 173 223 173 169 174 223 174 167 174 167 175 223 175 224 175 167 176 224 176 165 176 165 177 224 177 225 177 165 178 225 178 163 178 163 179 225 179 226 179 163 180 226 180 161 180 161 181 226 181 227 181 161 182 227 182 159 182 159 183 227 183 228 183 159 184 228 184 157 184 157 185 228 185 229 185 157 186 229 186 155 186 155 187 229 187 230 187 155 188 230 188 153 188 153 189 230 189 231 189 153 190 231 190 151 190 151 191 231 191 232 191 151 192 232 192 149 192 149 193 232 193 233 193 149 194 233 194 147 194 147 195 233 195 234 195 147 196 234 196 145 196 145 197 234 197 235 197 145 198 235 198 143 198 235 199 236 199 143 199 143 200 236 200 237 200 143 201 237 201 141 201 141 202 237 202 238 202 141 203 238 203 139 203 139 204 238 204 239 204 139 205 239 205 137 205 137 206 239 206 240 206 137 207 240 207 135 207 135 208 240 208 241 208 135 209 241 209 133 209 133 210 241 210 242 210 133 211 242 211 131 211 131 212 242 212 243 212 131 213 243 213 129 213 129 214 243 214 244 214 129 215 244 215 127 215 127 216 244 216 245 216 127 217 245 217 125 217 125 218 245 218 246 218 125 219 246 219 123 219 123 220 246 220 247 220 123 221 247 221 121 221 121 222 247 222 248 222 121 223 248 223 119 223 119 224 248 224 249 224 119 225 249 225 117 225 117 226 249 226 250 226 117 227 250 227 115 227 115 228 250 228 251 228 115 229 251 229 113 229 113 230 251 230 252 230 113 231 252 231 111 231 111 232 252 232 253 232 111 233 253 233 109 233 253 234 254 234 109 234 109 235 254 235 255 235 109 236 255 236 107 236 107 237 255 237 256 237 107 238 256 238 105 238 105 239 256 239 257 239 105 240 257 240 103 240 103 241 257 241 258 241 103 242 258 242 101 242 101 243 258 243 259 243 101 244 259 244 99 244 99 245 259 245 260 245 99 246 260 246 97 246 97 247 260 247 261 247 97 248 261 248 95 248 95 249 261 249 262 249 95 250 262 250 93 250 93 251 262 251 263 251 93 252 263 252 91 252 91 253 263 253 264 253 91 254 264 254 89 254 89 255 264 255 265 255 89 256 265 256 87 256 87 257 265 257 266 257 87 258 266 258 85 258 85 259 266 259 267 259 85 260 267 260 83 260 83 261 267 261 268 261 83 262 268 262 81 262 81 263 268 263 269 263 81 264 269 264 79 264 79 265 269 265 270 265 79 266 270 266 77 266 77 267 270 267 271 267 77 268 271 268 75 268 75 269 271 269 272 269 75 270 272 270 73 270 73 271 272 271 273 271 73 272 273 272 71 272 273 273 274 273 71 273 71 274 274 274 275 274 71 275 275 275 69 275 69 276 275 276 276 276 69 277 276 277 67 277 67 278 276 278 277 278 67 279 277 279 203 279 203 280 277 280 278 280 203 281 278 281 205 281 45 282 43 282 240 282 240 283 239 283 45 283 45 284 239 284 238 284 45 285 238 285 47 285 238 286 237 286 47 286 47 287 237 287 236 287 47 288 236 288 49 288 236 289 235 289 49 289 49 290 235 290 234 290 49 291 234 291 50 291 234 292 233 292 50 292 50 293 233 293 232 293 50 294 232 294 36 294 232 295 231 295 36 295 36 296 231 296 230 296 36 297 230 297 38 297 230 298 229 298 38 298 38 299 229 299 228 299 38 300 228 300 40 300 228 301 227 301 40 301 40 302 227 302 226 302 40 303 226 303 41 303 226 304 225 304 41 304 41 305 225 305 224 305 41 306 224 306 18 306 224 307 223 307 18 307 18 308 223 308 222 308 18 309 222 309 20 309 222 310 221 310 20 310 20 311 221 311 220 311 20 312 220 312 22 312 220 313 219 313 22 313 22 314 219 314 218 314 22 315 218 315 24 315 218 316 217 316 24 316 24 317 217 317 216 317 24 318 216 318 25 318 216 319 215 319 25 319 25 320 215 320 214 320 25 321 214 321 11 321 214 322 213 322 11 322 11 323 213 323 212 323 11 324 212 324 13 324 212 325 211 325 13 325 13 326 211 326 210 326 13 327 210 327 15 327 210 328 209 328 15 328 15 329 209 329 208 329 15 330 208 330 16 330 208 331 207 331 16 331 16 332 207 332 206 332 16 333 206 333 0 333 0 334 206 334 205 334 0 335 205 335 51 335 51 336 205 336 278 336 51 337 278 337 52 337 278 338 277 338 52 338 52 339 277 339 276 339 52 340 276 340 54 340 276 341 275 341 54 341 54 342 275 342 274 342 54 343 274 343 56 343 274 344 273 344 56 344 56 345 273 345 272 345 56 346 272 346 57 346 272 347 271 347 57 347 57 348 271 348 270 348 57 349 270 349 27 349 270 350 269 350 27 350 27 351 269 351 268 351 27 352 268 352 29 352 268 353 267 353 29 353 29 354 267 354 266 354 29 355 266 355 31 355 266 356 265 356 31 356 31 357 265 357 264 357 31 358 264 358 33 358 264 359 263 359 33 359 33 360 263 360 262 360 33 361 262 361 34 361 262 362 261 362 34 362 34 363 261 363 260 363 34 364 260 364 4 364 260 365 259 365 4 365 4 366 259 366 258 366 4 367 258 367 6 367 258 368 257 368 6 368 6 369 257 369 256 369 6 370 256 370 8 370 256 371 255 371 8 371 8 372 255 372 254 372 8 373 254 373 58 373 254 374 253 374 58 374 58 375 253 375 252 375 58 376 252 376 59 376 252 377 251 377 59 377 59 378 251 378 250 378 59 379 250 379 61 379 250 380 249 380 61 380 61 381 249 381 248 381 61 382 248 382 63 382 248 383 247 383 63 383 63 384 247 384 246 384 63 385 246 385 65 385 246 386 245 386 65 386 65 387 245 387 244 387 65 388 244 388 66 388 244 389 243 389 66 389 66 390 243 390 242 390 66 391 242 391 43 391 43 392 242 392 241 392 43 393 241 393 240 393 279 394 280 394 281 394 281 395 280 395 282 395 281 395 282 395 283 395 283 395 282 395 284 395 283 396 284 396 285 396 285 395 284 395 286 395 285 395 286 395 287 395 288 395 289 395 290 395 286 395 291 395 287 395 287 395 291 395 292 395 287 397 292 397 293 397 293 398 292 398 294 398 293 399 294 399 295 399 295 400 294 400 296 400 295 401 296 401 297 401 298 395 299 395 300 395 300 395 299 395 301 395 300 402 301 402 302 402 302 403 301 403 303 403 302 404 303 404 304 404 304 395 303 395 305 395 304 405 305 405 279 405 279 395 305 395 306 395 279 406 306 406 280 406 288 407 307 407 289 407 289 408 307 408 308 408 289 409 308 409 309 409 309 410 308 410 310 410 309 411 310 411 311 411 311 395 310 395 312 395 311 395 312 395 313 395 314 395 315 395 316 395 316 412 315 412 317 412 316 395 317 395 318 395 318 413 317 413 319 413 318 414 319 414 298 414 298 415 319 415 320 415 298 395 320 395 299 395 312 416 321 416 313 416 313 395 321 395 322 395 313 417 322 417 323 417 323 418 322 418 324 418 323 419 324 419 325 419 325 420 324 420 326 420 325 421 326 421 327 421 327 422 326 422 328 422 327 395 328 395 314 395 314 423 328 423 329 423 314 424 329 424 315 424 296 395 330 395 297 395 297 425 330 425 331 425 297 426 331 426 332 426 332 427 331 427 333 427 332 395 333 395 334 395 334 428 333 428 335 428 334 395 335 395 336 395 336 429 335 429 337 429 336 395 337 395 338 395 337 430 339 430 338 430 338 431 339 431 340 431 338 432 340 432 341 432 341 395 340 395 342 395 341 433 342 433 343 433 343 395 342 395 344 395 343 434 344 434 290 434 290 435 344 435 345 435 290 395 345 395 288 395 204 436 346 436 68 436 68 437 346 437 347 437 68 438 347 438 70 438 70 439 347 439 348 439 70 440 348 440 72 440 72 441 348 441 349 441 72 442 349 442 74 442 74 443 349 443 350 443 74 444 350 444 76 444 76 445 350 445 351 445 76 446 351 446 78 446 78 447 351 447 352 447 78 448 352 448 80 448 80 449 352 449 353 449 80 450 353 450 82 450 82 451 353 451 354 451 82 452 354 452 84 452 84 453 354 453 355 453 84 454 355 454 86 454 86 455 355 455 356 455 86 456 356 456 88 456 88 457 356 457 357 457 88 458 357 458 90 458 90 459 357 459 358 459 90 460 358 460 92 460 358 461 359 461 92 461 92 462 359 462 360 462 92 463 360 463 94 463 94 464 360 464 361 464 94 465 361 465 96 465 96 466 361 466 362 466 96 467 362 467 98 467 98 468 362 468 363 468 98 469 363 469 100 469 100 470 363 470 364 470 100 471 364 471 102 471 102 472 364 472 365 472 102 473 365 473 104 473 104 474 365 474 366 474 104 475 366 475 106 475 106 476 366 476 367 476 106 477 367 477 108 477 108 478 367 478 368 478 108 479 368 479 110 479 110 372 368 372 369 372 110 480 369 480 112 480 112 481 369 481 370 481 112 482 370 482 114 482 114 483 370 483 371 483 114 484 371 484 116 484 116 485 371 485 372 485 116 486 372 486 118 486 118 487 372 487 373 487 118 488 373 488 120 488 120 489 373 489 374 489 120 490 374 490 122 490 122 491 374 491 375 491 122 492 375 492 124 492 124 493 375 493 376 493 124 494 376 494 126 494 376 495 377 495 126 495 126 496 377 496 378 496 126 497 378 497 128 497 128 498 378 498 379 498 128 499 379 499 130 499 130 500 379 500 380 500 130 501 380 501 132 501 132 502 380 502 381 502 132 503 381 503 134 503 134 504 381 504 382 504 134 505 382 505 136 505 136 506 382 506 383 506 136 507 383 507 138 507 138 508 383 508 384 508 138 509 384 509 140 509 140 510 384 510 385 510 140 511 385 511 142 511 142 512 385 512 386 512 142 513 386 513 144 513 144 287 386 287 387 287 144 514 387 514 146 514 146 515 387 515 388 515 146 516 388 516 148 516 148 517 388 517 389 517 148 518 389 518 150 518 150 519 389 519 390 519 150 520 390 520 152 520 152 521 390 521 391 521 152 522 391 522 154 522 154 523 391 523 392 523 154 524 392 524 156 524 156 525 392 525 393 525 156 526 393 526 158 526 158 527 393 527 394 527 158 528 394 528 160 528 394 529 395 529 160 529 160 530 395 530 396 530 160 531 396 531 162 531 162 532 396 532 397 532 162 533 397 533 164 533 164 534 397 534 398 534 164 535 398 535 166 535 166 536 398 536 399 536 166 537 399 537 168 537 168 538 399 538 400 538 168 539 400 539 170 539 170 540 400 540 401 540 170 541 401 541 172 541 172 542 401 542 402 542 172 543 402 543 174 543 174 311 402 311 403 311 174 544 403 544 176 544 176 545 403 545 404 545 176 546 404 546 178 546 178 547 404 547 405 547 178 548 405 548 180 548 180 549 405 549 406 549 180 550 406 550 182 550 182 551 406 551 407 551 182 552 407 552 184 552 184 553 407 553 408 553 184 554 408 554 186 554 186 555 408 555 409 555 186 556 409 556 188 556 188 557 409 557 410 557 188 558 410 558 190 558 190 559 410 559 411 559 190 560 411 560 192 560 192 561 411 561 412 561 192 562 412 562 194 562 194 563 412 563 413 563 194 564 413 564 196 564 196 565 413 565 414 565 196 566 414 566 198 566 414 567 415 567 198 567 198 568 415 568 416 568 198 569 416 569 200 569 200 570 416 570 417 570 200 571 417 571 202 571 202 572 417 572 418 572 202 573 418 573 204 573 204 336 418 336 419 336 204 574 419 574 346 574 282 575 280 575 381 575 381 576 380 576 282 576 282 577 380 577 379 577 282 578 379 578 284 578 379 579 378 579 284 579 284 580 378 580 377 580 284 581 377 581 286 581 377 582 376 582 286 582 286 583 376 583 375 583 286 584 375 584 291 584 375 585 374 585 291 585 291 586 374 586 373 586 291 587 373 587 292 587 373 588 372 588 292 588 292 589 372 589 371 589 292 590 371 590 294 590 371 591 370 591 294 591 294 592 370 592 369 592 294 593 369 593 296 593 369 235 368 235 296 235 296 594 368 594 367 594 296 595 367 595 330 595 367 596 366 596 330 596 330 597 366 597 365 597 330 598 365 598 331 598 365 599 364 599 331 599 331 600 364 600 363 600 331 601 363 601 333 601 363 602 362 602 333 602 333 603 362 603 361 603 333 604 361 604 335 604 361 605 360 605 335 605 335 606 360 606 359 606 335 607 359 607 337 607 359 608 358 608 337 608 337 609 358 609 357 609 337 610 357 610 339 610 357 611 356 611 339 611 339 612 356 612 355 612 339 613 355 613 340 613 355 614 354 614 340 614 340 615 354 615 353 615 340 616 353 616 342 616 353 617 352 617 342 617 342 618 352 618 351 618 342 619 351 619 344 619 351 620 350 620 344 620 344 621 350 621 349 621 344 622 349 622 345 622 349 623 348 623 345 623 345 624 348 624 347 624 345 625 347 625 288 625 288 626 347 626 346 626 288 627 346 627 307 627 307 280 346 280 419 280 307 628 419 628 308 628 419 629 418 629 308 629 308 630 418 630 417 630 308 631 417 631 310 631 417 632 416 632 310 632 310 633 416 633 415 633 310 634 415 634 312 634 415 635 414 635 312 635 312 636 414 636 413 636 312 637 413 637 321 637 413 638 412 638 321 638 321 639 412 639 411 639 321 640 411 640 322 640 411 641 410 641 322 641 322 642 410 642 409 642 322 643 409 643 324 643 409 644 408 644 324 644 324 645 408 645 407 645 324 646 407 646 326 646 407 647 406 647 326 647 326 648 406 648 405 648 326 649 405 649 328 649 405 650 404 650 328 650 328 651 404 651 403 651 328 652 403 652 329 652 403 653 402 653 329 653 329 654 402 654 401 654 329 655 401 655 315 655 401 656 400 656 315 656 315 657 400 657 399 657 315 658 399 658 317 658 399 659 398 659 317 659 317 660 398 660 397 660 317 661 397 661 319 661 397 662 396 662 319 662 319 663 396 663 395 663 319 664 395 664 320 664 395 665 394 665 320 665 320 666 394 666 393 666 320 667 393 667 299 667 393 668 392 668 299 668 299 669 392 669 391 669 299 670 391 670 301 670 391 671 390 671 301 671 301 672 390 672 389 672 301 673 389 673 303 673 389 674 388 674 303 674 303 675 388 675 387 675 303 676 387 676 305 676 387 677 386 677 305 677 305 678 386 678 385 678 305 679 385 679 306 679 385 680 384 680 306 680 306 681 384 681 383 681 306 682 383 682 280 682 280 683 383 683 382 683 280 684 382 684 381 684 289 685 1 685 290 685 290 685 1 685 53 685 290 686 53 686 343 686 343 687 53 687 55 687 343 688 55 688 341 688 341 688 55 688 26 688 341 689 26 689 338 689 338 690 26 690 28 690 338 691 28 691 336 691 336 691 28 691 30 691 336 692 30 692 334 692 334 692 30 692 32 692 334 693 32 693 332 693 332 694 32 694 3 694 332 695 3 695 297 695 297 696 3 696 5 696 297 697 5 697 295 697 295 698 5 698 7 698 295 699 7 699 293 699 293 699 7 699 9 699 293 700 9 700 287 700 287 701 9 701 60 701 287 702 60 702 285 702 285 702 60 702 62 702 285 703 62 703 283 703 283 704 62 704 64 704 283 705 64 705 281 705 281 706 64 706 42 706 281 707 42 707 279 707 279 708 42 708 44 708 279 709 44 709 304 709 304 710 44 710 46 710 304 711 46 711 302 711 302 711 46 711 48 711 302 712 48 712 300 712 300 713 48 713 35 713 300 714 35 714 298 714 298 715 35 715 37 715 298 716 37 716 318 716 318 717 37 717 39 717 318 718 39 718 316 718 316 719 39 719 17 719 316 720 17 720 314 720 314 721 17 721 19 721 314 722 19 722 327 722 327 723 19 723 21 723 327 724 21 724 325 724 325 724 21 724 23 724 325 725 23 725 323 725 323 725 23 725 10 725 323 726 10 726 313 726 313 726 10 726 12 726 313 727 12 727 311 727 311 727 12 727 14 727 311 728 14 728 309 728 309 728 14 728 2 728 309 729 2 729 289 729 289 729 2 729 1 729</p>
        </triangles>
      </mesh>
    </geometry>
    <geometry id="tail_pipe_assem_-_tptp_bearing-1_cp-2_001-mesh" name="tail_pipe_assem - tptp_bearing-1 cp-2.001">
      <mesh>
        <source id="tail_pipe_assem_-_tptp_bearing-1_cp-2_001-mesh-positions">
          <float_array id="tail_pipe_assem_-_tptp_bearing-1_cp-2_001-mesh-positions-array" count="651">56.51456 44.2045 49.53564 56.51456 43.61885 48.95 56.51456 42.57744 49.91336 56.51456 43.61885 37.35 56.51456 44.2045 36.76436 56.51456 43.24114 35.72295 56.51456 45.8045 46.76436 56.51456 46.39014 47.35 56.51456 48.5045 35.04954 56.51456 46.60449 48.15 56.51456 48.5045 51.25046 56.51456 46.39014 48.95 56.51456 42.15132 49.07705 56.51456 43.40449 48.15 56.51456 42.0045 48.15 56.51456 44.07744 35.29683 56.51456 45.0045 36.55 56.51456 45.0045 35.15 56.51456 47.73463 35.15 56.51456 45.8045 36.76436 56.51456 48.48033 35.05584 56.51456 46.39014 37.35 56.51456 46.60449 38.15 56.51456 46.39014 38.95 56.51456 45.8045 39.53564 56.51456 45.0045 46.55 56.51456 45.0045 39.75 56.51456 44.2045 46.76436 56.51456 43.24114 50.57705 56.51456 44.07744 51.00317 56.51456 45.0045 49.75 56.51456 45.0045 51.15 56.51456 45.8045 49.53564 56.51456 47.73463 51.15 56.51456 48.48033 51.24415 56.51456 42.57744 36.38664 56.51456 42.15132 37.22295 56.51456 43.40449 38.15 56.51456 42.0045 38.15 56.51456 43.61885 38.95 56.51456 44.2045 39.53564 56.51456 43.61885 47.35 55.51456 52.61531 32.89142 60.51456 52.61531 32.89142 55.51456 49.17922 34.77929 60.51456 49.17922 34.77929 55.51456 56.86358 53.99405 55.51456 78.36358 48.99405 55.51456 64.37226 44.95194 55.51456 78.56816 44.39698 55.51456 77.87227 44.95194 55.51456 79.86502 48.42422 55.51456 77.0045 45.15 55.51456 76.13673 44.95194 55.51456 63.5045 45.15 55.51456 62.63673 44.95194 55.51456 55.41368 54.14931 55.51456 61.94083 44.39698 55.51456 75.44084 44.39698 55.51456 75.05464 43.59504 55.51456 64.37226 41.34806 55.51456 75.05464 42.70495 55.51456 63.5045 41.15 55.51456 56.86358 32.30595 55.51456 62.63673 41.34806 55.51456 83.0045 43.15 55.51456 78.95436 42.70495 55.51456 78.95436 43.59504 55.51456 65.06816 41.90302 55.51456 65.45436 42.70495 55.51456 65.45436 43.59504 55.51456 65.06816 44.39698 55.51456 61.55464 42.70495 55.51456 56.52134 40.86613 55.51456 61.55464 43.59504 55.51456 57.36236 41.47717 55.51456 53.96916 32.34976 55.51456 61.94083 41.90302 55.51456 82.78958 41.55852 55.51456 82.16023 40.08105 55.51456 78.56816 41.90302 55.51456 81.16152 38.82344 55.51456 77.87227 41.34806 55.51456 79.86502 37.87577 55.51456 77.0045 41.15 55.51456 78.36358 37.30595 55.51456 76.13673 41.34806 55.51456 75.44084 41.90302 55.51456 81.16152 47.47656 55.51456 82.16023 46.21895 55.51456 82.78958 44.74148 55.51456 54.98472 45.59537 55.51456 54.03503 45.17254 55.51456 49.17922 51.52071 55.51456 57.88214 42.37746 55.51456 57.9908 43.41132 55.51456 57.66956 44.4 55.51456 56.97396 45.17254 55.51456 48.5045 51.25046 55.51456 55.41368 32.15069 55.51456 56.02428 45.59537 55.51456 55.5045 45.65 55.51456 53.96916 53.95023 55.51456 52.61531 53.40858 55.51456 55.5045 40.65 55.51456 54.48765 40.86613 55.51456 53.33943 44.4 55.51456 53.01819 43.41132 55.51456 48.5045 35.04954 55.51456 53.12685 42.37746 55.51456 53.64663 41.47717 60.51456 78.95436 42.70495 60.51456 78.56816 41.90302 60.51456 82.16023 40.08105 60.51456 57.36236 41.47717 60.51456 56.52134 40.86613 60.51456 61.94083 41.90302 60.51456 76.13673 41.34806 60.51456 65.06816 41.90302 60.51456 77.0045 41.15 60.51456 77.87227 41.34806 60.51456 64.37226 41.34806 60.51456 63.5045 41.15 60.51456 62.63673 41.34806 60.51456 78.95436 43.59504 60.51456 82.16023 46.21895 60.51456 78.56816 44.39698 60.51456 81.16152 47.47656 60.51456 77.87227 44.95194 60.51456 79.86502 48.42422 60.51456 77.0045 45.15 60.51456 78.36358 48.99405 60.51456 76.13673 44.95194 60.51456 56.86358 53.99405 60.51456 75.44084 44.39698 60.51456 75.05464 43.59504 60.51456 82.78958 41.55852 60.51456 83.0045 43.15 60.51456 82.78958 44.74148 60.51456 75.44084 41.90302 60.51456 75.05464 42.70495 60.51456 64.37226 44.95194 60.51456 63.5045 45.15 60.51456 62.63673 44.95194 60.51456 65.06816 44.39698 60.51456 65.45436 43.59504 60.51456 65.45436 42.70495 60.51456 61.94083 44.39698 60.51456 55.41368 54.14931 60.51456 53.96916 53.95023 60.51456 54.48765 40.86613 60.51456 53.64663 41.47717 60.51456 49.8045 40.9 60.51456 53.12685 42.37746 60.51456 61.55464 42.70495 60.51456 57.9908 43.41132 60.51456 57.88214 42.37746 60.51456 55.5045 45.65 60.51456 56.02428 45.59537 60.51456 52.61531 53.40858 60.51456 53.01819 43.41132 60.51456 53.33943 44.4 60.51456 49.8045 51.86425 60.51456 54.03503 45.17254 60.51456 54.98472 45.59537 60.51456 61.55464 43.59504 60.51456 56.97396 45.17254 60.51456 57.66956 44.4 60.51456 55.5045 40.65 60.51456 56.86358 32.30595 60.51456 78.36358 37.30595 60.51456 79.86502 37.87577 60.51456 81.16152 38.82344 60.51456 46.39014 48.95 60.51456 46.60449 48.15 60.51456 43.61885 48.95 60.51456 42.15132 49.07705 60.51456 43.40449 48.15 60.51456 42.0045 48.15 60.51456 43.61885 47.35 60.51456 42.0045 40.9 60.51456 44.2045 46.76436 60.51456 45.0045 49.75 60.51456 44.07744 51.00317 60.51456 44.2045 49.53564 60.51456 43.24114 50.57705 60.51456 42.57744 49.91336 60.51456 46.39014 47.35 60.51456 45.8045 46.76436 60.51456 45.0045 46.55 60.51456 49.17922 51.52071 60.51456 48.48033 51.24415 60.51456 45.8045 49.53564 60.51456 47.73463 51.15 60.51456 45.0045 51.15 60.51456 46.60449 38.15 60.51456 46.39014 37.35 60.51456 43.40449 38.15 60.51456 42.15132 37.22295 60.51456 43.61885 37.35 60.51456 42.57744 36.38664 60.51456 44.2045 36.76436 60.51456 43.61885 38.95 60.51456 42.0045 38.15 60.51456 43.24114 35.72295 60.51456 44.07744 35.29683 60.51456 45.0045 36.55 60.51456 45.0045 35.15 60.51456 45.8045 36.76436 60.51456 47.73463 35.15 60.51456 48.48033 35.05584 60.51456 46.39014 38.95 60.51456 53.96916 32.34976 60.51456 55.41368 32.15069 60.51456 44.2045 39.53564 60.51456 45.0045 39.75 60.51456 45.8045 39.53564</float_array>
          <technique_common>
            <accessor source="#tail_pipe_assem_-_tptp_bearing-1_cp-2_001-mesh-positions-array" count="217" stride="3">
              <param name="X" type="float"/>
              <param name="Y" type="float"/>
              <param name="Z" type="float"/>
            </accessor>
          </technique_common>
        </source>
        <source id="tail_pipe_assem_-_tptp_bearing-1_cp-2_001-mesh-normals">
          <float_array id="tail_pipe_assem_-_tptp_bearing-1_cp-2_001-mesh-normals-array" count="768">-1 0 0 -1 6.49819e-6 0 -1 1.44601e-5 0 -1 -2.97425e-6 0 -1 -3.72112e-6 0 -1 -6.3512e-6 0 -1 4.47414e-6 0 -1 2.97138e-6 0 -0.9999998 -7.22282e-4 0 -1 -4.28675e-6 0 -1 5.40654e-6 0 -1 7.01232e-6 0 -1 -1.12197e-5 0 -1 5.73401e-6 0 -1 2.97688e-6 0 -1 1.3624e-5 0 -1 -7.35083e-6 0 -1 7.55904e-6 0 -0.9999999 -4.65497e-4 0 -1 -5.95371e-6 0 -1 6.35122e-6 0 -1 -8.64159e-6 0 -1 1.04817e-5 0 0 -0.481531 -0.8764291 0 -0.4815303 -0.8764295 -1 -5.29092e-7 0 -1 6.21983e-7 0 -1 -9.59785e-6 0 -1 3.60683e-6 0 -1 -4.99725e-6 0 -1 -3.29838e-6 0 -1 8.02398e-7 0 -1 -2.07461e-6 0 -1 3.49606e-6 0 -1 -8.02393e-7 0 -1 -1.22684e-6 0 -1 3.60644e-7 0 -1 -9.77517e-6 0 -1 1.20147e-6 0 -1 2.38869e-6 0 -1 -4.25717e-6 0 -1 2.38781e-6 0 -1 -5.82751e-7 0 -1 2.38868e-6 0 -1 5.70763e-6 0 -1 -4.54236e-6 0 -1 -3.34203e-6 0 -1 2.4792e-6 0 -1 0 0 -1 4.964e-6 0 -1 0 0 -1 1.55826e-6 0 -1 -5.46453e-6 0 -1 8.34657e-7 0 -1 6.84232e-6 0 -1 -4.78611e-6 0 -1 -7.77421e-6 0 -1 1.4556e-6 0 -1 -2.3315e-6 0 1 -4.25717e-6 0 1 3.12746e-6 0 1 0 0 1 1.71892e-6 0 1 -4.67867e-6 0 1 -1.41897e-6 0 1 1.23787e-6 0 1 2.98954e-7 0 1 -1.17053e-6 0 1 -2.40787e-6 0 1 -2.3878e-6 0 1 2.40293e-6 0 1 8.02393e-7 0 1 -1.3294e-6 0 1 -2.07458e-6 0 1 -8.02403e-7 0 1 -8.39262e-7 0 1 -6.53879e-6 0 1 4.71044e-6 0 1 1.79613e-6 0 1 -1.95596e-6 0 1 1.57514e-5 0 1 -9.62941e-7 0 1 9.05897e-7 0 1 -9.21677e-6 0 1 -7.07591e-6 0 1 1.73907e-5 0 1 4.18652e-6 0 1 -5.86899e-7 0 1 -2.97688e-6 0 1 5.95378e-6 0 1 1.48356e-5 0 1 -3.96197e-6 0 1 -1.9679e-6 0 1 1.47768e-6 0 1 3.72054e-6 0 1 -5.94269e-6 0 1 3.73229e-6 0 1 -8.94807e-6 0 1 1.02825e-5 0 1 -8.5537e-6 0 1 -3.96951e-6 0 1 5.95371e-6 0 1 -5.73398e-6 0 1 -2.97689e-6 0 1 -1.36238e-5 0 1 2.51972e-6 0 1 3.72049e-6 0 1 1.63151e-6 0 1 3.22987e-6 0 1 -6.95805e-6 0 1 -1.8615e-6 0 1 2.94416e-6 0 1 7.30983e-6 0 1 -4.88106e-6 0 1 3.91473e-6 0 1 -2.42853e-6 0 0 0 1 0 -0.4815305 0.8764294 0 -0.4815297 0.8764299 0 -0.4815376 0.8764255 0 -0.3714607 0.9284487 0 -0.1365254 0.9906367 0 -0.1365243 0.9906368 0 0.1064757 0.9943154 0 0.1064766 0.9943152 0 0.2265135 0.9740081 0 0.3548268 0.9349321 0 0.3548247 0.9349329 0 0.5901033 0.8073278 0 0.7831071 0.6218869 0 0.7831107 0.6218823 0 0.9200093 0.3918966 0 0.920009 0.3918973 0 0.9910047 0.133827 0 0.9910036 0.1338347 0 0.9910037 -0.133835 0 0.9910047 -0.1338275 0 0.9200093 -0.3918966 0 0.920009 -0.3918973 0 0.7831107 -0.6218823 0 0.7831071 -0.6218869 0 0.5901033 -0.8073278 0 0.3548243 -0.934933 0 0.3548272 -0.9349319 0 0.2265135 -0.9740081 0 0.1064766 -0.9943152 0 0.1064757 -0.9943154 0 -0.1365217 -0.9906371 0 -0.1365228 -0.990637 0 -0.3714634 -0.9284476 0 -0.371463 -0.9284478 0 0 -1 0 -1 0 0 -0.2225231 0.9749274 0 -0.6234816 0.781838 0 -0.6234878 0.7818331 0 -0.9009685 0.4338846 0 -0.9009735 0.4338741 0 -0.9009745 -0.4338721 0 -0.9009692 -0.4338833 0 -0.6234884 -0.7818327 0 -0.6234812 -0.7818384 0 -0.222519 -0.9749284 0 0.2225161 -0.9749291 0 0.623495 -0.7818273 0 0.6234878 -0.7818331 0 0.9009692 -0.4338833 0 1 0 0 0.9009685 0.4338846 0 0.9009682 0.4338853 0 0.6234884 0.7818327 0 0.6234945 0.7818278 0 0.2225201 0.9749281 0 -0.2079138 0.9781472 0 -0.2079114 0.9781478 0 -0.5877882 0.8090149 0 -0.5877826 0.809019 0 -0.866027 0.4999973 0 -0.9945216 0.104532 0 -0.9945216 0.1045318 0 -0.9510568 -0.3090164 0 -0.7431493 -0.6691257 0 -0.7431434 -0.6691322 0 -0.4067358 -0.9135459 0 -0.1045278 -0.994522 0 -0.1045254 -0.9945223 0 0.1045254 -0.9945223 0 0.1045278 -0.994522 0 0.4067358 -0.9135459 0 0.7431434 -0.6691322 0 0.9510568 -0.3090164 0 0.9510602 -0.3090057 0 0.9945228 0.1045203 0 0.9945216 0.1045318 0 0.866027 0.4999973 0 0.5877826 0.809019 0 0.2079114 0.9781478 0 0.2079138 0.9781472 0 -0.2225171 0.9749288 0 -0.6234884 0.7818327 0 -0.6234878 -0.7818331 0 -0.2225131 -0.9749298 0 0.222519 -0.9749284 0 0.9009745 -0.4338721 0 0.9009638 -0.4338944 0 0.9009632 0.4338957 0 0.9009735 0.4338741 0 0.2225231 0.9749274 0 -0.3718141 0.9283072 0 -0.1252689 0.9921229 0 -0.1252677 0.9921231 0 -0.2525152 0.967593 -7.56221e-4 -0.3679447 0.9298474 0 -0.3718127 0.9283078 0 -0.1252689 -0.9921229 0 -0.1252677 -0.9921231 0 -0.3679448 -0.9298477 -0.02281153 -0.2524618 -0.967338 0 -0.3718134 -0.9283075 0 -0.3718141 -0.9283072 0 -0.2588204 -0.9659255 0 -0.258818 -0.9659261 0 -0.7071068 -0.7071068 0 -0.9659273 -0.2588137 0 -0.965925 -0.2588223 0 -0.9659247 0.2588235 0 -0.965927 0.2588149 0 -0.7071068 0.7071068 0 -0.258818 0.9659261 0 -0.2588204 0.9659255 0 0.2588204 0.9659255 0 0.258818 0.9659261 0 0.7071022 0.7071114 0 0.7071068 0.7071068 0 0.9659247 0.2588235 0 0.965927 0.2588149 0 0.9659273 -0.2588137 0 0.965925 -0.2588223 0 0.7071068 -0.7071068 0 0.7071022 -0.7071114 0 0.258818 -0.9659261 0 0.2588204 -0.9659255 0 -0.1564348 -0.9876883 0 -0.1564361 -0.9876882 0 -0.4539928 -0.8910053 0 -0.7071048 -0.7071089 0 -0.8910079 -0.4539879 0 -0.8910046 -0.4539944 0 -0.9876887 -0.1564321 0 -0.9876889 0.1564315 0 -0.8910046 0.4539944 0 -0.8910079 0.4539879 0 -0.7071048 0.7071089 0 -0.4539928 0.8910053 0 -0.1564361 0.9876882 0 -0.1564348 0.9876883</float_array>
          <technique_common>
            <accessor source="#tail_pipe_assem_-_tptp_bearing-1_cp-2_001-mesh-normals-array" count="256" stride="3">
              <param name="X" type="float"/>
              <param name="Y" type="float"/>
              <param name="Z" type="float"/>
            </accessor>
          </technique_common>
        </source>
        <vertices id="tail_pipe_assem_-_tptp_bearing-1_cp-2_001-mesh-vertices">
          <input semantic="POSITION" source="#tail_pipe_assem_-_tptp_bearing-1_cp-2_001-mesh-positions"/>
        </vertices>
        <triangles material="Material_001-material" count="450">
          <input semantic="VERTEX" source="#tail_pipe_assem_-_tptp_bearing-1_cp-2_001-mesh-vertices" offset="0"/>
          <input semantic="NORMAL" source="#tail_pipe_assem_-_tptp_bearing-1_cp-2_001-mesh-normals" offset="1"/>
          <p>0 0 1 0 2 0 3 1 4 1 5 1 6 2 7 2 8 2 8 0 7 0 9 0 8 3 9 3 10 3 10 0 9 0 11 0 2 4 1 4 12 4 12 0 1 0 13 0 12 0 13 0 14 0 5 0 4 0 15 0 15 5 4 5 16 5 15 0 16 0 17 0 17 0 16 0 18 0 18 6 16 6 19 6 18 0 19 0 20 0 20 7 19 7 21 7 20 8 21 8 8 8 21 0 22 0 8 0 8 0 22 0 23 0 8 9 23 9 6 9 6 10 23 10 24 10 6 0 24 0 25 0 25 11 24 11 26 11 25 12 26 12 27 12 2 13 28 13 0 13 0 14 28 14 29 14 0 0 29 0 30 0 30 0 29 0 31 0 30 15 31 15 32 15 32 0 31 0 33 0 32 16 33 16 11 16 11 17 33 17 34 17 11 18 34 18 10 18 5 0 35 0 3 0 3 19 35 19 36 19 3 20 36 20 37 20 37 0 36 0 38 0 37 0 38 0 39 0 39 0 38 0 14 0 39 0 14 0 40 0 40 0 14 0 13 0 40 21 13 21 26 21 26 0 13 0 41 0 26 22 41 22 27 22 42 23 43 23 44 23 44 24 43 24 45 24 46 0 47 0 48 0 49 0 50 0 51 0 51 0 50 0 47 0 47 25 50 25 52 25 47 26 52 26 53 26 48 27 54 27 46 27 46 28 54 28 55 28 46 29 55 29 56 29 56 30 55 30 57 30 58 0 59 0 60 0 60 31 59 31 61 31 60 0 61 0 62 0 62 0 61 0 63 0 62 0 63 0 64 0 65 0 66 0 67 0 60 0 68 0 58 0 58 32 68 32 69 32 58 33 69 33 53 33 53 34 69 34 70 34 53 0 70 0 47 0 47 35 70 35 71 35 47 36 71 36 48 36 72 0 73 0 74 0 74 37 73 37 75 37 76 0 42 0 77 0 65 38 78 38 66 38 66 39 78 39 79 39 66 40 79 40 80 40 80 0 79 0 81 0 80 0 81 0 82 0 82 41 81 41 83 41 82 0 83 0 84 0 84 42 83 42 85 42 84 0 85 0 86 0 86 0 85 0 63 0 86 0 63 0 87 0 87 0 63 0 61 0 51 0 88 0 49 0 49 0 88 0 89 0 49 0 89 0 67 0 67 43 89 43 90 43 67 0 90 0 65 0 91 0 92 0 93 0 75 44 94 44 74 44 74 0 94 0 95 0 74 0 95 0 57 0 57 0 95 0 96 0 57 0 96 0 56 0 56 45 96 45 97 45 93 0 92 0 98 0 64 0 63 0 77 0 77 46 63 46 99 46 77 47 99 47 76 47 97 0 100 0 56 0 56 48 100 48 101 48 56 49 101 49 102 49 102 50 101 50 91 50 102 0 91 0 103 0 103 0 91 0 93 0 72 0 77 0 73 0 73 51 77 51 42 51 73 0 42 0 104 0 104 0 42 0 105 0 92 0 106 0 98 0 98 52 106 52 107 52 98 53 107 53 108 53 108 54 107 54 109 54 108 55 109 55 110 55 105 56 42 56 110 56 110 57 42 57 44 57 110 58 44 58 108 58 111 59 112 59 113 59 114 60 115 60 116 60 117 61 118 61 119 61 119 62 118 62 113 62 119 61 113 61 120 61 120 63 113 63 112 63 118 64 121 64 113 64 113 65 121 65 122 65 113 66 122 66 115 66 115 67 122 67 123 67 115 61 123 61 116 61 124 61 125 61 126 61 126 68 125 68 127 68 126 61 127 61 128 61 128 69 127 69 129 69 128 61 129 61 130 61 130 61 129 61 131 61 130 61 131 61 132 61 132 61 131 61 133 61 132 61 133 61 134 61 134 61 133 61 135 61 113 61 136 61 111 61 111 70 136 70 137 70 111 61 137 61 124 61 124 61 137 61 138 61 124 61 138 61 125 61 139 61 140 61 141 61 141 71 140 71 135 71 141 61 135 61 142 61 142 72 135 72 133 72 142 61 133 61 143 61 141 61 144 61 139 61 139 73 144 73 145 73 139 61 145 61 117 61 117 74 145 74 146 74 117 75 146 75 118 75 143 61 133 61 147 61 147 76 133 76 148 76 147 77 148 77 149 77 150 61 151 61 152 61 152 61 151 61 153 61 154 61 155 61 116 61 116 78 155 78 156 78 116 79 156 79 114 79 157 80 158 80 159 80 160 61 161 61 162 61 162 81 161 81 163 81 162 61 163 61 159 61 159 82 163 82 164 82 159 83 164 83 157 83 149 84 159 84 147 84 147 61 159 61 158 61 147 61 158 61 165 61 165 85 158 85 166 85 165 61 166 61 154 61 154 86 166 86 167 86 154 61 167 61 155 61 168 61 169 61 115 61 115 61 169 61 170 61 170 61 171 61 115 61 115 87 171 87 172 87 115 61 172 61 113 61 173 61 174 61 162 61 162 61 174 61 152 61 162 61 152 61 160 61 160 61 152 61 153 61 175 61 176 61 177 61 177 61 176 61 178 61 177 61 178 61 179 61 179 61 178 61 180 61 179 61 180 61 181 61 182 61 183 61 184 61 184 88 183 88 185 88 184 61 185 61 175 61 175 61 185 61 186 61 175 89 186 89 176 89 174 90 187 90 152 90 152 91 187 91 188 91 152 61 188 61 180 61 180 92 188 92 189 92 180 93 189 93 181 93 162 61 190 61 173 61 173 94 190 94 191 94 173 95 191 95 192 95 192 96 191 96 193 96 192 97 193 97 182 97 182 61 193 61 194 61 182 61 194 61 183 61 195 98 196 98 43 98 43 99 196 99 45 99 197 100 198 100 199 100 199 101 198 101 200 101 199 61 200 61 201 61 202 61 180 61 197 61 197 61 180 61 203 61 197 61 203 61 198 61 200 102 204 102 201 102 201 103 204 103 205 103 201 61 205 61 206 61 206 61 205 61 207 61 206 104 207 104 208 104 208 61 207 61 209 61 208 61 209 61 196 61 196 105 209 105 210 105 196 106 210 106 45 106 211 61 195 61 152 61 152 61 195 61 43 61 152 107 43 107 150 107 150 108 43 108 212 108 150 109 212 109 168 109 168 110 212 110 213 110 168 111 213 111 169 111 202 112 214 112 180 112 180 113 214 113 215 113 180 61 215 61 152 61 152 114 215 114 216 114 152 115 216 115 211 115 194 116 193 116 31 116 31 116 193 116 33 116 159 117 103 117 162 117 162 118 103 118 93 118 162 119 93 119 190 119 103 120 159 120 149 120 103 120 149 120 102 120 102 121 149 121 148 121 102 122 148 122 56 122 56 123 148 123 133 123 56 124 133 124 46 124 47 125 46 125 131 125 131 125 46 125 133 125 47 126 131 126 129 126 47 127 129 127 51 127 51 128 129 128 127 128 51 128 127 128 88 128 88 129 127 129 125 129 88 130 125 130 89 130 89 131 125 131 138 131 89 132 138 132 90 132 90 133 138 133 137 133 90 134 137 134 65 134 65 135 137 135 136 135 65 136 136 136 78 136 78 137 136 137 113 137 78 138 113 138 79 138 79 139 113 139 172 139 79 140 172 140 81 140 81 141 172 141 171 141 81 141 171 141 83 141 83 142 171 142 170 142 83 143 170 143 85 143 63 144 85 144 169 144 169 144 85 144 170 144 63 145 169 145 213 145 63 146 213 146 99 146 99 147 213 147 212 147 99 148 212 148 76 148 76 149 212 149 43 149 76 150 43 150 42 150 17 151 18 151 207 151 207 151 18 151 209 151 178 152 14 152 180 152 180 152 14 152 38 152 180 152 38 152 203 152 62 153 122 153 60 153 60 153 122 153 121 153 60 154 121 154 68 154 68 155 121 155 118 155 68 156 118 156 69 156 69 157 118 157 146 157 69 152 146 152 70 152 70 152 146 152 145 152 70 158 145 158 71 158 71 159 145 159 144 159 71 160 144 160 48 160 48 161 144 161 141 161 48 162 141 162 54 162 54 162 141 162 142 162 54 163 142 163 55 163 55 163 142 163 143 163 55 164 143 164 57 164 57 165 143 165 147 165 57 166 147 166 74 166 74 166 147 166 165 166 74 167 165 167 72 167 72 167 165 167 154 167 72 168 154 168 77 168 77 169 154 169 116 169 77 170 116 170 64 170 64 171 116 171 123 171 64 172 123 172 62 172 62 172 123 172 122 172 104 173 168 173 73 173 73 174 168 174 115 174 73 175 115 175 75 175 75 176 115 176 114 176 75 177 114 177 94 177 94 177 114 177 156 177 94 178 156 178 95 178 95 179 156 179 155 179 95 180 155 180 96 180 96 180 155 180 167 180 96 181 167 181 97 181 97 182 167 182 166 182 97 183 166 183 100 183 100 183 166 183 158 183 100 184 158 184 101 184 101 185 158 185 157 185 101 186 157 186 91 186 91 187 157 187 164 187 91 188 164 188 92 188 92 188 164 188 163 188 92 189 163 189 106 189 106 189 163 189 161 189 106 190 161 190 107 190 107 191 161 191 160 191 107 192 160 192 109 192 109 193 160 193 153 193 109 194 153 194 110 194 110 194 153 194 151 194 110 195 151 195 105 195 105 195 151 195 150 195 105 196 150 196 104 196 104 197 150 197 168 197 84 198 119 198 82 198 82 153 119 153 120 153 82 199 120 199 80 199 80 155 120 155 112 155 80 156 112 156 66 156 66 157 112 157 111 157 66 152 111 152 67 152 67 152 111 152 124 152 67 158 124 158 49 158 49 159 124 159 126 159 49 160 126 160 50 160 50 200 126 200 128 200 50 162 128 162 52 162 52 201 128 201 130 201 52 202 130 202 53 202 53 163 130 163 132 163 53 164 132 164 58 164 58 165 132 165 134 165 58 203 134 203 59 203 59 204 134 204 135 204 59 167 135 167 61 167 61 167 135 167 140 167 61 205 140 205 87 205 87 206 140 206 139 206 87 170 139 170 86 170 86 171 139 171 117 171 86 172 117 172 84 172 84 207 117 207 119 207 8 152 10 152 108 152 108 152 10 152 98 152 93 208 98 208 10 208 33 209 193 209 34 209 34 210 193 210 191 210 34 211 191 211 10 211 10 212 191 212 190 212 10 213 190 213 93 213 209 214 18 214 210 214 210 215 18 215 20 215 210 216 20 216 45 216 45 217 20 217 8 217 45 218 8 218 44 218 44 219 8 219 108 219 182 220 30 220 192 220 192 221 30 221 32 221 192 222 32 222 173 222 173 222 32 222 11 222 173 223 11 223 174 223 174 224 11 224 9 224 174 225 9 225 187 225 187 226 9 226 7 226 187 227 7 227 188 227 188 227 7 227 6 227 188 228 6 228 189 228 189 229 6 229 25 229 189 230 25 230 181 230 181 231 25 231 27 231 181 232 27 232 179 232 179 233 27 233 41 233 179 234 41 234 177 234 177 235 41 235 13 235 177 236 13 236 175 236 175 237 13 237 1 237 175 238 1 238 184 238 184 239 1 239 0 239 184 240 0 240 182 240 182 241 0 241 30 241 215 220 26 220 216 220 216 221 26 221 24 221 216 222 24 222 211 222 211 222 24 222 23 222 211 223 23 223 195 223 195 224 23 224 22 224 195 225 22 225 196 225 196 226 22 226 21 226 196 227 21 227 208 227 208 227 21 227 19 227 208 228 19 228 206 228 206 229 19 229 16 229 206 230 16 230 201 230 201 231 16 231 4 231 201 232 4 232 199 232 199 233 4 233 3 233 199 234 3 234 197 234 197 235 3 235 37 235 197 236 37 236 202 236 202 237 37 237 39 237 202 238 39 238 214 238 214 239 39 239 40 239 214 240 40 240 215 240 215 241 40 241 26 241 17 242 207 242 205 242 17 243 205 243 15 243 15 244 205 244 204 244 15 244 204 244 5 244 5 245 204 245 200 245 5 245 200 245 35 245 35 246 200 246 198 246 35 247 198 247 36 247 36 248 198 248 203 248 36 248 203 248 38 248 14 249 178 249 176 249 14 249 176 249 12 249 12 250 176 250 186 250 12 251 186 251 2 251 2 252 186 252 185 252 2 252 185 252 28 252 28 253 185 253 183 253 28 253 183 253 29 253 29 254 183 254 194 254 29 255 194 255 31 255</p>
        </triangles>
      </mesh>
    </geometry>
    <geometry id="tail_pipe_assem_-_tptp_bearing-1_cp-1_001-mesh" name="tail_pipe_assem - tptp_bearing-1 cp-1.001">
      <mesh>
        <source id="tail_pipe_assem_-_tptp_bearing-1_cp-1_001-mesh-positions">
          <float_array id="tail_pipe_assem_-_tptp_bearing-1_cp-1_001-mesh-positions-array" count="651">41.51456 44.2045 36.76436 41.51456 43.61885 37.35 41.51456 42.57744 36.38664 41.51456 43.61885 48.95 41.51456 44.2045 49.53564 41.51456 43.24114 50.57705 41.51456 45.8045 39.53564 41.51456 46.39014 38.95 41.51456 48.5045 51.25046 41.51456 46.60449 38.15 41.51456 48.5045 35.04954 41.51456 46.39014 37.35 41.51456 42.15132 37.22295 41.51456 43.40449 38.15 41.51456 42.0045 38.15 41.51456 44.07744 51.00317 41.51456 45.0045 49.75 41.51456 45.0045 51.15 41.51456 47.73463 51.15 41.51456 45.8045 49.53564 41.51456 48.48033 51.24415 41.51456 46.39014 48.95 41.51456 46.60449 48.15 41.51456 46.39014 47.35 41.51456 45.8045 46.76436 41.51456 45.0045 39.75 41.51456 45.0045 46.55 41.51456 44.2045 39.53564 41.51456 43.24114 35.72295 41.51456 44.07744 35.29683 41.51456 45.0045 36.55 41.51456 45.0045 35.15 41.51456 45.8045 36.76436 41.51456 47.73463 35.15 41.51456 48.48033 35.05584 41.51456 42.57744 49.91336 41.51456 42.15132 49.07705 41.51456 43.40449 48.15 41.51456 42.0045 48.15 41.51456 43.61885 47.35 41.51456 44.2045 46.76436 41.51456 43.61885 38.95 42.51456 52.61531 53.40858 37.51456 52.61531 53.40858 42.51456 49.17922 51.52071 37.51456 49.17922 51.52071 42.51456 56.86358 32.30595 42.51456 78.36358 37.30595 42.51456 64.37226 41.34806 42.51456 78.56816 41.90302 42.51456 77.87227 41.34806 42.51456 79.86502 37.87577 42.51456 77.0045 41.15 42.51456 76.13673 41.34806 42.51456 63.5045 41.15 42.51456 62.63673 41.34806 42.51456 55.41368 32.15069 42.51456 61.94083 41.90302 42.51456 75.44084 41.90302 42.51456 75.05464 42.70495 42.51456 64.37226 44.95194 42.51456 75.05464 43.59504 42.51456 63.5045 45.15 42.51456 56.86358 53.99405 42.51456 62.63673 44.95194 42.51456 83.0045 43.15 42.51456 78.95436 43.59504 42.51456 78.95436 42.70495 42.51456 65.06816 44.39698 42.51456 65.45436 43.59504 42.51456 65.45436 42.70495 42.51456 65.06816 41.90302 42.51456 61.55464 43.59504 42.51456 56.52134 45.43386 42.51456 61.55464 42.70495 42.51456 57.36236 44.82283 42.51456 53.96916 53.95023 42.51456 61.94083 44.39698 42.51456 82.78958 44.74148 42.51456 82.16023 46.21895 42.51456 78.56816 44.39698 42.51456 81.16152 47.47656 42.51456 77.87227 44.95194 42.51456 79.86502 48.42422 42.51456 77.0045 45.15 42.51456 78.36358 48.99405 42.51456 76.13673 44.95194 42.51456 75.44084 44.39698 42.51456 81.16152 38.82344 42.51456 82.16023 40.08105 42.51456 82.78958 41.55852 42.51456 54.98472 40.70463 42.51456 54.03503 41.12746 42.51456 49.17922 34.77929 42.51456 57.88214 43.92254 42.51456 57.9908 42.88868 42.51456 57.66956 41.9 42.51456 56.97396 41.12746 42.51456 48.5045 35.04954 42.51456 55.41368 54.14931 42.51456 56.02428 40.70463 42.51456 55.5045 40.65 42.51456 53.96916 32.34976 42.51456 52.61531 32.89142 42.51456 55.5045 45.65 42.51456 54.48765 45.43386 42.51456 53.33943 41.9 42.51456 53.01819 42.88868 42.51456 48.5045 51.25046 42.51456 53.12685 43.92254 42.51456 53.64663 44.82283 37.51456 78.95436 43.59504 37.51456 78.56816 44.39698 37.51456 82.16023 46.21895 37.51456 57.36236 44.82283 37.51456 56.52134 45.43386 37.51456 61.94083 44.39698 37.51456 76.13673 44.95194 37.51456 65.06816 44.39698 37.51456 77.0045 45.15 37.51456 77.87227 44.95194 37.51456 64.37226 44.95194 37.51456 63.5045 45.15 37.51456 62.63673 44.95194 37.51456 78.95436 42.70495 37.51456 82.16023 40.08105 37.51456 78.56816 41.90302 37.51456 81.16152 38.82344 37.51456 77.87227 41.34806 37.51456 79.86502 37.87577 37.51456 77.0045 41.15 37.51456 78.36358 37.30595 37.51456 76.13673 41.34806 37.51456 56.86358 32.30595 37.51456 75.44084 41.90302 37.51456 75.05464 42.70495 37.51456 82.78958 44.74148 37.51456 83.0045 43.15 37.51456 82.78958 41.55852 37.51456 75.44084 44.39698 37.51456 75.05464 43.59504 37.51456 64.37226 41.34806 37.51456 63.5045 41.15 37.51456 62.63673 41.34806 37.51456 65.06816 41.90302 37.51456 65.45436 42.70495 37.51456 65.45436 43.59504 37.51456 61.94083 41.90302 37.51456 55.41368 32.15069 37.51456 53.96916 32.34976 37.51456 54.48765 45.43386 37.51456 53.64663 44.82283 37.51456 49.8045 45.4 37.51456 53.12685 43.92254 37.51456 61.55464 43.59504 37.51456 57.9908 42.88868 37.51456 57.88214 43.92254 37.51456 55.5045 40.65 37.51456 56.02428 40.70463 37.51456 52.61531 32.89142 37.51456 53.01819 42.88868 37.51456 53.33943 41.9 37.51456 49.8045 34.43575 37.51456 54.03503 41.12746 37.51456 54.98472 40.70463 37.51456 61.55464 42.70495 37.51456 56.97396 41.12746 37.51456 57.66956 41.9 37.51456 55.5045 45.65 37.51456 56.86358 53.99405 37.51456 78.36358 48.99405 37.51456 79.86502 48.42422 37.51456 81.16152 47.47656 37.51456 46.39014 37.35 37.51456 46.60449 38.15 37.51456 43.61885 37.35 37.51456 42.15132 37.22295 37.51456 43.40449 38.15 37.51456 42.0045 38.15 37.51456 43.61885 38.95 37.51456 42.0045 45.4 37.51456 44.2045 39.53564 37.51456 45.0045 36.55 37.51456 44.07744 35.29683 37.51456 44.2045 36.76436 37.51456 43.24114 35.72295 37.51456 42.57744 36.38664 37.51456 46.39014 38.95 37.51456 45.8045 39.53564 37.51456 45.0045 39.75 37.51456 49.17922 34.77929 37.51456 48.48033 35.05584 37.51456 45.8045 36.76436 37.51456 47.73463 35.15 37.51456 45.0045 35.15 37.51456 46.60449 48.15 37.51456 46.39014 48.95 37.51456 43.40449 48.15 37.51456 42.15132 49.07705 37.51456 43.61885 48.95 37.51456 42.57744 49.91336 37.51456 44.2045 49.53564 37.51456 43.61885 47.35 37.51456 42.0045 48.15 37.51456 43.24114 50.57705 37.51456 44.07744 51.00317 37.51456 45.0045 49.75 37.51456 45.0045 51.15 37.51456 45.8045 49.53564 37.51456 47.73463 51.15 37.51456 48.48033 51.24415 37.51456 46.39014 47.35 37.51456 53.96916 53.95023 37.51456 55.41368 54.14931 37.51456 44.2045 46.76436 37.51456 45.0045 46.55 37.51456 45.8045 46.76436</float_array>
          <technique_common>
            <accessor source="#tail_pipe_assem_-_tptp_bearing-1_cp-1_001-mesh-positions-array" count="217" stride="3">
              <param name="X" type="float"/>
              <param name="Y" type="float"/>
              <param name="Z" type="float"/>
            </accessor>
          </technique_common>
        </source>
        <source id="tail_pipe_assem_-_tptp_bearing-1_cp-1_001-mesh-normals">
          <float_array id="tail_pipe_assem_-_tptp_bearing-1_cp-1_001-mesh-normals-array" count="765">1 0 0 1 7.05084e-6 0 1 9.91417e-7 0 1 3.49231e-6 0 1 3.72106e-6 0 1 -6.35123e-6 0 1 5.95377e-6 0 1 -2.97133e-6 0 1 1.39693e-5 0 1 -8.91935e-6 0 1 -1.80218e-6 0 1 -1.05543e-5 0 1 5.60985e-6 0 1 -1.12197e-5 0 1 -5.73398e-6 0 1 2.97689e-6 0 1 7.34793e-7 0 1 2.51972e-6 0 1 -7.61746e-5 0 1 -5.73404e-6 0 1 5.95378e-6 0 1 5.86184e-5 0 1 2.09633e-6 0 0 -0.481531 0.8764291 0 -0.4815303 0.8764295 1 -2.64546e-6 0 1 3.1099e-6 0 1 1.06083e-6 0 1 -3.66485e-7 0 1 -1.98197e-6 0 1 8.02393e-7 0 1 -6.78933e-6 0 1 8.02403e-7 0 1 -7.59945e-7 0 1 1.84025e-6 0 1 3.60639e-7 0 1 9.77555e-6 0 1 1.19434e-6 0 1 -2.40787e-6 0 1 2.3878e-6 0 1 5.82749e-7 0 1 -2.40788e-6 0 1 -2.85378e-6 0 1 -1.80706e-6 0 1 3.02824e-6 0 1 -7.26532e-7 0 1 1.73543e-6 0 1 9.61712e-6 0 1 -9.64911e-6 0 1 1.60736e-6 0 1 -1.55826e-6 0 1 8.40153e-6 0 1 -7.16904e-6 0 1 3.27871e-6 0 1 -8.34657e-7 0 1 5.47388e-6 0 1 9.57225e-7 0 1 -2.99763e-6 0 -1 0 0 -1 2.23007e-6 0 -1 -4.12621e-7 0 -1 1.49474e-7 0 -1 1.02294e-6 0 -1 2.40788e-6 0 -1 -4.25952e-6 0 -1 1.74825e-6 0 -1 -9.95168e-6 0 -1 -3.11278e-7 0 -1 3.59278e-6 0 -1 -1.19434e-6 0 -1 -1.20147e-6 0 -1 -1.19435e-6 0 -1 8.02398e-7 0 -1 -8.13061e-6 0 -1 -6.78928e-6 0 -1 -3.79484e-6 0 -1 5.18653e-7 0 -1 -4.19628e-7 0 -1 6.42731e-6 0 -1 1.45306e-7 0 -1 4.33859e-7 0 -1 -2.02962e-6 0 -1 1.95597e-6 0 -1 1.57514e-5 0 -1 9.62938e-7 0 -1 -2.26474e-7 0 -1 -8.07892e-6 0 -1 -3.53794e-6 0 -1 -1.30442e-5 0 -1 -6.95295e-6 0 -1 -8.57645e-7 0 -1 2.30997e-7 0 -1 4.33048e-7 0 -1 2.12199e-6 0 -1 6.35122e-6 0 -1 -2.97689e-6 0 -1 2.867e-6 0 -1 1.32066e-6 0 -1 -1.11615e-5 0 -1 5.94276e-6 0 -1 -3.73212e-6 0 -1 -7.34793e-7 0 -1 4.2769e-6 0 -1 7.93893e-7 0 -1 5.73401e-6 0 -1 -2.97688e-6 0 -1 -7.34806e-7 0 -1 -2.51968e-6 0 -1 -1.11616e-5 0 -1 -9.14871e-7 0 -1 6.95805e-6 0 -1 2.09419e-6 0 -1 1.54956e-7 0 -1 3.65489e-6 0 -1 -2.4285e-6 0 0 0 -1 0 -0.4815305 -0.8764294 7.78398e-7 -0.4815297 -0.8764299 0 -0.4815376 -0.8764255 0 -0.371463 -0.9284478 0 -0.1365228 -0.990637 0 -0.1365215 -0.9906371 0 0.1064757 -0.9943154 0 0.1064766 -0.9943152 0 0.2265135 -0.9740081 0 0.3548268 -0.9349321 0 0.3548243 -0.934933 0 0.5901033 -0.8073278 0 0.7831071 -0.6218869 0 0.7831107 -0.6218823 0 0.9200092 -0.391897 0 0.920009 -0.3918973 0 0.9910047 -0.1338275 0 0.9910037 -0.133835 0 0.9910038 0.1338346 0 0.9910047 0.133827 0 0.9200092 0.391897 0 0.920009 0.3918973 0 0.7831107 0.6218823 0 0.7831071 0.6218869 0 0.5901033 0.8073278 0 0.3548243 0.934933 0 0.3548268 0.9349321 0 0.2265135 0.9740081 0 0.1064766 0.9943152 0 0.1064757 0.9943154 0 -0.1365243 0.9906368 0 -0.1365253 0.9906367 0 -0.3714607 0.9284487 0 0 1 0 -1 0 0 -0.222519 -0.9749284 0 -0.6234816 -0.781838 0 -0.6234884 -0.7818327 0 -0.9009692 -0.4338833 0 -0.9009745 -0.4338721 0 -0.9009735 0.4338741 0 -0.9009683 0.4338849 0 -0.6234884 0.7818327 0 -0.6234816 0.781838 0 -0.2225231 0.9749274 0 0.2225201 0.9749281 0 0.623495 0.7818273 0 0.6234884 0.7818327 0 0.9009682 0.4338853 0 0.9009683 0.4338849 0 1 0 0 0.9009692 -0.4338833 0 0.6234884 -0.7818327 0 0.623495 -0.7818273 0 0.2225161 -0.9749291 0 -0.2079103 -0.978148 0 -0.2079079 -0.9781485 0 -0.5877882 -0.8090149 0 -0.5877826 -0.809019 0 -0.866027 -0.4999973 0 -0.9945216 -0.1045318 0 -0.9945216 -0.104532 0 -0.9510571 0.3090155 0 -0.9510572 0.3090151 0 -0.7431476 0.6691275 0 -0.7431418 0.669134 0 -0.4067358 0.9135459 0 -0.4067361 0.9135458 0 -0.1045351 0.9945212 0 -0.1045326 0.9945214 0 0.1045326 0.9945214 0 0.1045351 0.9945212 0 0.4067358 0.9135459 0 0.4067361 0.9135458 0 0.7431418 0.669134 0 0.9510571 0.3090155 0 0.9510606 0.3090044 0 0.9945229 -0.1045202 0 0.9945216 -0.104532 0 0.866027 -0.4999973 0 0.5877826 -0.809019 0 0.2079079 -0.9781485 0 0.2079103 -0.978148 0 -0.2225131 -0.9749298 0 -0.2225171 0.9749288 0 0.2225231 0.9749274 0 0.9009735 0.4338741 0 0.900963 0.4338961 0 0.9009638 -0.4338944 0 0.9009745 -0.4338721 0 0.222519 -0.9749284 0 -0.3718141 -0.9283072 0 -0.1252689 -0.9921229 0 -0.1252677 -0.9921231 0 -0.2525154 -0.9675929 7.5749e-4 -0.3679441 -0.9298476 0 -0.3718127 -0.9283078 0 -0.1252689 0.9921229 0 -0.1252677 0.9921231 0 -0.3679448 0.9298477 0.02272224 -0.2524377 0.9673463 0 -0.3718134 0.9283075 0 -0.3718141 0.9283072 0 -0.2588204 0.9659255 0 -0.258818 0.9659261 0 -0.7071068 0.7071068 0 -0.965927 0.2588149 0 -0.9659247 0.2588235 0 -0.965925 -0.2588223 0 -0.9659272 -0.258814 0 -0.7071068 -0.7071068 0 -0.258818 -0.9659261 0 -0.2588204 -0.9659255 0 0.2588204 -0.9659255 0 0.258818 -0.9659261 0 0.7071022 -0.7071114 0 0.7071068 -0.7071068 0 0.965925 -0.2588223 0 0.9659272 -0.258814 0 0.965927 0.2588149 0 0.9659247 0.2588235 0 0.7071068 0.7071068 0 0.7071022 0.7071114 0 0.258818 0.9659261 0 0.2588204 0.9659255 0 -0.1564348 0.9876883 0 -0.1564361 0.9876882 0 -0.4539928 0.8910053 0 -0.7071048 0.7071089 0 -0.891008 0.4539875 0 -0.8910046 0.4539944 0 -0.9876889 0.1564315 0 -0.9876887 -0.1564321 0 -0.8910048 -0.453994 0 -0.8910079 -0.4539879 0 -0.7071048 -0.7071089 0 -0.4539928 -0.8910053 0 -0.1564361 -0.9876882 0 -0.1564348 -0.9876883</float_array>
          <technique_common>
            <accessor source="#tail_pipe_assem_-_tptp_bearing-1_cp-1_001-mesh-normals-array" count="255" stride="3">
              <param name="X" type="float"/>
              <param name="Y" type="float"/>
              <param name="Z" type="float"/>
            </accessor>
          </technique_common>
        </source>
        <vertices id="tail_pipe_assem_-_tptp_bearing-1_cp-1_001-mesh-vertices">
          <input semantic="POSITION" source="#tail_pipe_assem_-_tptp_bearing-1_cp-1_001-mesh-positions"/>
        </vertices>
        <triangles material="Material_001-material" count="450">
          <input semantic="VERTEX" source="#tail_pipe_assem_-_tptp_bearing-1_cp-1_001-mesh-vertices" offset="0"/>
          <input semantic="NORMAL" source="#tail_pipe_assem_-_tptp_bearing-1_cp-1_001-mesh-normals" offset="1"/>
          <p>0 0 1 0 2 0 3 0 4 0 5 0 6 0 7 0 8 0 8 1 7 1 9 1 8 2 9 2 10 2 10 3 9 3 11 3 2 4 1 4 12 4 12 5 1 5 13 5 12 0 13 0 14 0 5 6 4 6 15 6 15 0 4 0 16 0 15 0 16 0 17 0 17 0 16 0 18 0 18 0 16 0 19 0 18 0 19 0 20 0 20 7 19 7 21 7 20 0 21 0 8 0 21 8 22 8 8 8 8 9 22 9 23 9 8 0 23 0 6 0 6 10 23 10 24 10 6 11 24 11 25 11 25 12 24 12 26 12 25 13 26 13 27 13 2 14 28 14 0 14 0 15 28 15 29 15 0 0 29 0 30 0 30 16 29 16 31 16 30 0 31 0 32 0 32 0 31 0 33 0 32 0 33 0 11 0 11 17 33 17 34 17 11 18 34 18 10 18 5 19 35 19 3 19 3 20 35 20 36 20 3 0 36 0 37 0 37 0 36 0 38 0 37 0 38 0 39 0 39 0 38 0 14 0 39 0 14 0 40 0 40 0 14 0 13 0 40 0 13 0 26 0 26 21 13 21 41 21 26 22 41 22 27 22 42 23 43 23 44 23 44 24 43 24 45 24 46 0 47 0 48 0 49 0 50 0 51 0 51 0 50 0 47 0 47 25 50 25 52 25 47 26 52 26 53 26 48 0 54 0 46 0 46 27 54 27 55 27 46 0 55 0 56 0 56 28 55 28 57 28 58 29 59 29 60 29 60 30 59 30 61 30 60 0 61 0 62 0 62 0 61 0 63 0 62 31 63 31 64 31 65 0 66 0 67 0 60 0 68 0 58 0 58 0 68 0 69 0 58 0 69 0 53 0 53 32 69 32 70 32 53 33 70 33 47 33 47 34 70 34 71 34 47 35 71 35 48 35 72 0 73 0 74 0 74 36 73 36 75 36 76 0 42 0 77 0 65 0 78 0 66 0 66 37 78 37 79 37 66 0 79 0 80 0 80 38 79 38 81 38 80 0 81 0 82 0 82 39 81 39 83 39 82 0 83 0 84 0 84 40 83 40 85 40 84 0 85 0 86 0 86 0 85 0 63 0 86 0 63 0 87 0 87 0 63 0 61 0 51 0 88 0 49 0 49 41 88 41 89 41 49 0 89 0 67 0 67 0 89 0 90 0 67 0 90 0 65 0 91 0 92 0 93 0 75 42 94 42 74 42 74 0 94 0 95 0 74 0 95 0 57 0 57 43 95 43 96 43 57 0 96 0 56 0 56 44 96 44 97 44 93 0 92 0 98 0 64 0 63 0 77 0 77 45 63 45 99 45 77 46 99 46 76 46 97 0 100 0 56 0 56 47 100 47 101 47 56 0 101 0 102 0 102 48 101 48 91 48 102 0 91 0 103 0 103 0 91 0 93 0 72 49 77 49 73 49 73 50 77 50 42 50 73 51 42 51 104 51 104 52 42 52 105 52 92 0 106 0 98 0 98 53 106 53 107 53 98 54 107 54 108 54 108 55 107 55 109 55 108 56 109 56 110 56 105 0 42 0 110 0 110 0 42 0 44 0 110 57 44 57 108 57 111 58 112 58 113 58 114 58 115 58 116 58 117 59 118 59 119 59 119 58 118 58 113 58 119 58 113 58 120 58 120 58 113 58 112 58 118 58 121 58 113 58 113 60 121 60 122 60 113 61 122 61 115 61 115 58 122 58 123 58 115 62 123 62 116 62 124 58 125 58 126 58 126 63 125 63 127 63 126 64 127 64 128 64 128 58 127 58 129 58 128 58 129 58 130 58 130 65 129 65 131 65 130 66 131 66 132 66 132 67 131 67 133 67 132 68 133 68 134 68 134 58 133 58 135 58 113 69 136 69 111 69 111 70 136 70 137 70 111 58 137 58 124 58 124 58 137 58 138 58 124 71 138 71 125 71 139 58 140 58 141 58 141 72 140 72 135 72 141 73 135 73 142 73 142 58 135 58 133 58 142 74 133 74 143 74 141 75 144 75 139 75 139 76 144 76 145 76 139 58 145 58 117 58 117 58 145 58 146 58 117 77 146 77 118 77 143 78 133 78 147 78 147 79 133 79 148 79 147 80 148 80 149 80 150 58 151 58 152 58 152 81 151 81 153 81 154 58 155 58 116 58 116 58 155 58 156 58 116 82 156 82 114 82 157 83 158 83 159 83 160 58 161 58 162 58 162 84 161 84 163 84 162 58 163 58 159 58 159 85 163 85 164 85 159 86 164 86 157 86 149 87 159 87 147 87 147 58 159 58 158 58 147 58 158 58 165 58 165 88 158 88 166 88 165 58 166 58 154 58 154 58 166 58 167 58 154 58 167 58 155 58 168 89 169 89 115 89 115 58 169 58 170 58 170 90 171 90 115 90 115 58 171 58 172 58 115 91 172 91 113 91 173 58 174 58 162 58 162 58 174 58 152 58 162 92 152 92 160 92 160 93 152 93 153 93 175 94 176 94 177 94 177 58 176 58 178 58 177 58 178 58 179 58 179 58 178 58 180 58 179 58 180 58 181 58 182 58 183 58 184 58 184 95 183 95 185 95 184 58 185 58 175 58 175 96 185 96 186 96 175 58 186 58 176 58 174 58 187 58 152 58 152 97 187 97 188 97 152 58 188 58 180 58 180 58 188 58 189 58 180 58 189 58 181 58 162 58 190 58 173 58 173 98 190 98 191 98 173 99 191 99 192 99 192 100 191 100 193 100 192 58 193 58 182 58 182 58 193 58 194 58 182 101 194 101 183 101 195 58 196 58 43 58 43 102 196 102 45 102 197 103 198 103 199 103 199 58 198 58 200 58 199 58 200 58 201 58 202 58 180 58 197 58 197 58 180 58 203 58 197 58 203 58 198 58 200 104 204 104 201 104 201 105 204 105 205 105 201 58 205 58 206 58 206 106 205 106 207 106 206 58 207 58 208 58 208 58 207 58 209 58 208 58 209 58 196 58 196 107 209 107 210 107 196 108 210 108 45 108 211 58 195 58 152 58 152 109 195 109 43 109 152 58 43 58 150 58 150 58 43 58 212 58 150 110 212 110 168 110 168 111 212 111 213 111 168 112 213 112 169 112 202 113 214 113 180 113 180 58 214 58 215 58 180 58 215 58 152 58 152 58 215 58 216 58 152 114 216 114 211 114 194 115 193 115 31 115 31 115 193 115 33 115 159 116 103 116 162 116 162 117 103 117 93 117 162 118 93 118 190 118 103 119 159 119 149 119 103 119 149 119 102 119 102 120 149 120 148 120 102 121 148 121 56 121 56 122 148 122 133 122 56 123 133 123 46 123 47 124 46 124 131 124 131 124 46 124 133 124 47 125 131 125 129 125 47 126 129 126 51 126 51 127 129 127 127 127 51 127 127 127 88 127 88 128 127 128 125 128 88 129 125 129 89 129 89 130 125 130 138 130 89 131 138 131 90 131 90 132 138 132 137 132 90 133 137 133 65 133 65 134 137 134 136 134 65 135 136 135 78 135 78 136 136 136 113 136 78 137 113 137 79 137 79 138 113 138 172 138 79 139 172 139 81 139 81 140 172 140 171 140 81 140 171 140 83 140 83 141 171 141 170 141 83 142 170 142 85 142 63 143 85 143 169 143 169 143 85 143 170 143 63 144 169 144 213 144 63 145 213 145 99 145 99 146 213 146 212 146 99 147 212 147 76 147 76 148 212 148 43 148 76 148 43 148 42 148 17 149 18 149 207 149 207 149 18 149 209 149 178 150 14 150 180 150 180 150 14 150 38 150 180 150 38 150 203 150 62 151 122 151 60 151 60 151 122 151 121 151 60 152 121 152 68 152 68 153 121 153 118 153 68 154 118 154 69 154 69 155 118 155 146 155 69 150 146 150 70 150 70 150 146 150 145 150 70 156 145 156 71 156 71 157 145 157 144 157 71 158 144 158 48 158 48 159 144 159 141 159 48 160 141 160 54 160 54 160 141 160 142 160 54 161 142 161 55 161 55 161 142 161 143 161 55 162 143 162 57 162 57 163 143 163 147 163 57 164 147 164 74 164 74 165 147 165 165 165 74 166 165 166 72 166 72 166 165 166 154 166 72 167 154 167 77 167 77 167 154 167 116 167 77 168 116 168 64 168 64 169 116 169 123 169 64 170 123 170 62 170 62 170 123 170 122 170 104 171 168 171 73 171 73 172 168 172 115 172 73 173 115 173 75 173 75 174 115 174 114 174 75 175 114 175 94 175 94 175 114 175 156 175 94 176 156 176 95 176 95 177 156 177 155 177 95 178 155 178 96 178 96 179 155 179 167 179 96 180 167 180 97 180 97 181 167 181 166 181 97 182 166 182 100 182 100 183 166 183 158 183 100 184 158 184 101 184 101 185 158 185 157 185 101 186 157 186 91 186 91 187 157 187 164 187 91 188 164 188 92 188 92 189 164 189 163 189 92 190 163 190 106 190 106 190 163 190 161 190 106 191 161 191 107 191 107 192 161 192 160 192 107 193 160 193 109 193 109 194 160 194 153 194 109 195 153 195 110 195 110 195 153 195 151 195 110 196 151 196 105 196 105 196 151 196 150 196 105 197 150 197 104 197 104 198 150 198 168 198 84 199 119 199 82 199 82 151 119 151 120 151 82 153 120 153 80 153 80 153 120 153 112 153 80 154 112 154 66 154 66 155 112 155 111 155 66 150 111 150 67 150 67 150 111 150 124 150 67 156 124 156 49 156 49 157 124 157 126 157 49 158 126 158 50 158 50 158 126 158 128 158 50 160 128 160 52 160 52 200 128 200 130 200 52 201 130 201 53 201 53 161 130 161 132 161 53 162 132 162 58 162 58 163 132 163 134 163 58 202 134 202 59 202 59 203 134 203 135 203 59 166 135 166 61 166 61 166 135 166 140 166 61 204 140 204 87 204 87 205 140 205 139 205 87 168 139 168 86 168 86 169 139 169 117 169 86 170 117 170 84 170 84 206 117 206 119 206 8 150 10 150 108 150 108 150 10 150 98 150 93 207 98 207 10 207 33 208 193 208 34 208 34 209 193 209 191 209 34 210 191 210 10 210 10 211 191 211 190 211 10 212 190 212 93 212 209 213 18 213 210 213 210 214 18 214 20 214 210 215 20 215 45 215 45 216 20 216 8 216 45 217 8 217 44 217 44 218 8 218 108 218 182 219 30 219 192 219 192 220 30 220 32 220 192 221 32 221 173 221 173 221 32 221 11 221 173 222 11 222 174 222 174 223 11 223 9 223 174 224 9 224 187 224 187 225 9 225 7 225 187 226 7 226 188 226 188 226 7 226 6 226 188 227 6 227 189 227 189 228 6 228 25 228 189 229 25 229 181 229 181 230 25 230 27 230 181 231 27 231 179 231 179 232 27 232 41 232 179 233 41 233 177 233 177 234 41 234 13 234 177 235 13 235 175 235 175 236 13 236 1 236 175 237 1 237 184 237 184 238 1 238 0 238 184 239 0 239 182 239 182 240 0 240 30 240 215 219 26 219 216 219 216 220 26 220 24 220 216 221 24 221 211 221 211 221 24 221 23 221 211 222 23 222 195 222 195 223 23 223 22 223 195 224 22 224 196 224 196 225 22 225 21 225 196 226 21 226 208 226 208 226 21 226 19 226 208 227 19 227 206 227 206 228 19 228 16 228 206 229 16 229 201 229 201 230 16 230 4 230 201 231 4 231 199 231 199 232 4 232 3 232 199 233 3 233 197 233 197 234 3 234 37 234 197 235 37 235 202 235 202 236 37 236 39 236 202 237 39 237 214 237 214 238 39 238 40 238 214 239 40 239 215 239 215 240 40 240 26 240 17 241 207 241 205 241 17 242 205 242 15 242 15 243 205 243 204 243 15 243 204 243 5 243 5 244 204 244 200 244 5 244 200 244 35 244 35 245 200 245 198 245 35 246 198 246 36 246 36 247 198 247 203 247 36 247 203 247 38 247 14 248 178 248 176 248 14 248 176 248 12 248 12 249 176 249 186 249 12 250 186 250 2 250 2 251 186 251 185 251 2 251 185 251 28 251 28 252 185 252 183 252 28 252 183 252 29 252 29 253 183 253 194 253 29 254 194 254 31 254</p>
        </triangles>
      </mesh>
    </geometry>
    <geometry id="tail_pipe_assem_-_tail_pipe_joint-2-mesh" name="tail_pipe_assem - tail_pipe_joint-2">
      <mesh>
        <source id="tail_pipe_assem_-_tail_pipe_joint-2-mesh-positions">
          <float_array id="tail_pipe_assem_-_tail_pipe_joint-2-mesh-positions-array" count="180">61.55336 39.39524 0.1499993 61.47482 30.39559 0.1499993 58.05349 39.42578 0.1499993 57.97495 30.42613 0.1499993 36.47577 30.61375 0.1499993 36.55431 39.61341 0.1499993 39.97564 30.58321 0.1499993 40.05418 39.58286 0.1499993 57.97495 30.42613 12.15 61.47482 30.39559 15.15 59.87488 30.40955 23.15 38.07571 30.59979 23.15 59.87488 30.40955 15.15 38.07571 30.59979 15.15 39.97564 30.58321 12.15 36.47577 30.61375 15.15 40.05418 39.58286 12.15 36.55431 39.61341 15.15 38.15425 39.59944 23.15 59.95342 39.40921 23.15 38.15425 39.59944 15.15 59.95342 39.40921 15.15 58.05349 39.42578 12.15 61.55336 39.39524 15.15 58.02824 36.53287 3.234888 58.03311 37.09094 3.9 58.0002 33.31905 7.065111 58.00676 34.07094 7.499232 58.01422 34.92596 7.65 57.99533 32.76097 3.9 58.0002 33.31905 3.234888 58.02168 35.78097 7.499232 58.02824 36.53287 7.065111 57.99533 32.76097 6.399999 57.99274 32.46403 5.584119 57.99274 32.46403 4.715879 58.00676 34.07094 2.800767 58.01422 34.92596 2.649999 58.02168 35.78097 2.800767 58.0357 37.38788 4.715879 58.0357 37.38788 5.584119 58.03311 37.09094 6.399999 40.00088 33.47613 7.065111 40.00745 34.22801 7.499232 40.01491 35.08303 7.65 40.02237 35.93805 7.499232 40.02893 36.68994 7.065111 40.01491 35.08303 2.649999 40.02237 35.93805 2.800767 40.02893 36.68994 3.234888 40.0338 37.24802 3.9 40.0338 37.24802 6.399999 40.03639 37.54496 5.584119 40.03639 37.54496 4.715879 40.00745 34.22801 2.800767 40.00088 33.47613 3.234888 39.99601 32.91805 3.9 39.99342 32.62111 4.715879 39.99342 32.62111 5.584119 39.99601 32.91805 6.399999</float_array>
          <technique_common>
            <accessor source="#tail_pipe_assem_-_tail_pipe_joint-2-mesh-positions-array" count="60" stride="3">
              <param name="X" type="float"/>
              <param name="Y" type="float"/>
              <param name="Z" type="float"/>
            </accessor>
          </technique_common>
        </source>
        <source id="tail_pipe_assem_-_tail_pipe_joint-2-mesh-normals">
          <float_array id="tail_pipe_assem_-_tail_pipe_joint-2-mesh-normals-array" count="327">0 0 -1 0 0 -1 0 0 -1 -0.008726954 -0.9999619 0 -0.008726894 -0.9999619 0 -0.008726418 -0.9999619 0 -0.008726418 -0.9999619 0 -0.008727371 -0.9999619 0 -0.008726418 -0.999962 0 -0.008726418 -0.999962 -9.88996e-7 -0.008727312 -0.999962 -1.58947e-6 -0.008726894 -0.9999619 0 -0.008726894 -0.999962 0 0.008726894 0.999962 0 0.008726894 0.999962 0 0.008726537 0.9999619 0 0.008726537 0.9999619 0 0.008726119 0.999962 0 0.008726537 0.999962 -1.86652e-6 0.008726537 0.999962 2.26056e-6 0.008726119 0.9999619 0 0.008725821 0.999962 0 0.008725821 0.999962 0 -0.999962 0.008726298 0 -0.9999619 0.008726298 0 0 0 1 -0.9999619 0.008726656 0 0.999962 -0.008726656 0 0.9999619 -0.008726298 0 0.999962 -0.008726298 0 -1.55543e-7 0 1 -0.999962 0.008724153 9.72747e-7 -0.999962 0.008723855 -1.40817e-7 -0.9999619 0.00873816 0 -0.9999619 0.008738756 -9.56394e-7 -0.9999622 0.008704781 0 -0.999962 0.008727192 0 -0.999962 0.008723855 1.64286e-7 -0.999962 0.008728384 7.25964e-7 -0.999962 0.008718013 -6.31105e-7 -0.999962 0.00872755 0 -0.9999622 0.008705317 0 -0.999962 0.008717179 7.55275e-7 -0.999962 0.008722901 2.00043e-7 -0.999962 0.008726358 -1.48161e-7 -0.999962 0.008726656 0 -0.999962 0.008723676 2.32824e-7 -0.9999619 0.008732497 -2.33383e-7 -0.9999619 0.008734881 -7.8983e-7 -0.9999619 0.008731186 0 -0.999962 0.008720099 0 -0.9999619 0.008728563 6.55854e-7 -0.9999619 0.008736371 -7.44741e-7 0.999962 -0.008723855 0 0.999962 -0.008725941 0 0.9999619 -0.008726477 0 0.999962 -0.008725345 0 0.999962 -0.008728325 -1.40816e-7 0.999962 -0.008721232 4.9018e-7 0.999962 -0.008726596 0 0.9999619 -0.008727192 2.00043e-7 0.9999619 -0.008730411 -1.01362e-6 0.9999619 -0.008734822 7.76033e-7 0.999962 -0.008722245 -6.51729e-7 0.999962 -0.008723795 0 0.9999619 -0.008731186 0 0.999962 -0.008722245 7.79957e-7 0.999962 -0.0087291 0 0.9999619 -0.008727192 -1.58368e-7 0.999962 -0.008730411 9.72743e-7 0.999962 -0.008724749 -7.50338e-7 0.999962 -0.008722543 0 0.9999619 -0.00872755 0 0.9999622 -0.008707463 6.31105e-7 0.9999619 -0.008737981 -7.44738e-7 -0.001515328 -0.1736388 -0.9848083 -0.004363238 -0.4999855 -0.8660228 -0.004363298 -0.4999846 -0.8660234 -0.006684839 -0.7660131 -0.6427902 -0.006684899 -0.7660131 -0.6427903 -0.008200228 -0.9396542 -0.3420276 -0.008200228 -0.9396592 -0.342014 -0.008726537 -0.9999619 0 -0.008200287 -0.9396592 0.3420137 -0.008200228 -0.9396542 0.3420276 -0.006684899 -0.7660169 0.6427856 -0.006684839 -0.7660092 0.6427949 -0.004363179 -0.4999855 0.8660228 -0.004363298 -0.4999846 0.8660234 -0.001515269 -0.1736391 0.9848083 -0.001515388 -0.1736425 0.9848077 0.001515328 0.1736385 0.9848083 0.001515269 0.1736426 0.9848076 0.004363238 0.4999809 0.8660255 0.004363238 0.4999778 0.8660273 0.006684899 0.7660171 0.6427855 0.006684899 0.7660132 0.6427901 0.008200287 0.9396601 0.3420114 0.008200228 0.9396542 0.3420274 0.008726537 0.9999619 0 0.008200228 0.939655 -0.3420253 0.008200287 0.9396592 -0.3420138 0.006684899 0.7660171 -0.6427855 0.006684839 0.7660132 -0.6427901 0.004363238 0.4999809 -0.8660255 0.004363179 0.4999778 -0.8660273 0.001515328 0.1736428 -0.9848076 0.001515269 0.1736388 -0.9848083 -0.001515328 -0.1736434 -0.9848074</float_array>
          <technique_common>
            <accessor source="#tail_pipe_assem_-_tail_pipe_joint-2-mesh-normals-array" count="109" stride="3">
              <param name="X" type="float"/>
              <param name="Y" type="float"/>
              <param name="Z" type="float"/>
            </accessor>
          </technique_common>
        </source>
        <vertices id="tail_pipe_assem_-_tail_pipe_joint-2-mesh-vertices">
          <input semantic="POSITION" source="#tail_pipe_assem_-_tail_pipe_joint-2-mesh-positions"/>
        </vertices>
        <triangles material="Material_001-material" count="120">
          <input semantic="VERTEX" source="#tail_pipe_assem_-_tail_pipe_joint-2-mesh-vertices" offset="0"/>
          <input semantic="NORMAL" source="#tail_pipe_assem_-_tail_pipe_joint-2-mesh-normals" offset="1"/>
          <p>0 0 1 0 2 0 2 1 1 1 3 1 4 0 5 0 6 0 6 2 5 2 7 2 3 3 1 3 8 3 8 4 1 4 9 4 10 5 11 5 12 5 12 6 11 6 13 6 9 7 12 7 8 7 8 8 12 8 13 8 8 9 13 9 14 9 14 10 13 10 15 10 14 11 15 11 6 11 6 12 15 12 4 12 7 13 5 13 16 13 16 14 5 14 17 14 18 15 19 15 20 15 20 16 19 16 21 16 17 17 20 17 16 17 16 18 20 18 21 18 16 19 21 19 22 19 22 20 21 20 23 20 22 21 23 21 2 21 2 22 23 22 0 22 13 23 11 23 20 23 20 24 11 24 18 24 15 25 13 25 17 25 17 25 13 25 20 25 4 26 15 26 5 26 5 26 15 26 17 26 9 27 1 27 23 27 23 27 1 27 0 27 12 25 9 25 21 25 21 25 9 25 23 25 10 28 12 28 19 28 19 29 12 29 21 29 11 25 10 25 18 25 18 30 10 30 19 30 2 31 24 31 25 31 26 32 8 32 27 32 27 33 8 33 28 33 3 34 29 34 30 34 28 35 8 35 31 35 31 36 8 36 22 36 31 37 22 37 32 37 26 38 33 38 8 38 8 39 33 39 34 39 8 40 34 40 3 40 3 41 34 41 35 41 3 42 35 42 29 42 30 43 36 43 3 43 3 44 36 44 37 44 3 45 37 45 2 45 2 46 37 46 38 46 2 47 38 47 24 47 25 48 39 48 2 48 2 49 39 49 40 49 2 50 40 50 22 50 22 51 40 51 41 51 22 52 41 52 32 52 8 0 14 0 22 0 22 0 14 0 16 0 42 53 43 53 14 53 14 54 43 54 44 54 14 55 44 55 16 55 16 56 44 56 45 56 16 57 45 57 46 57 47 58 6 58 48 58 48 59 6 59 7 59 48 60 7 60 49 60 49 61 7 61 50 61 46 62 51 62 16 62 16 63 51 63 52 63 16 64 52 64 7 64 7 65 52 65 53 65 7 66 53 66 50 66 47 67 54 67 6 67 6 68 54 68 55 68 6 69 55 69 56 69 56 70 57 70 6 70 6 71 57 71 58 71 6 72 58 72 14 72 14 73 58 73 59 73 14 74 59 74 42 74 47 75 36 75 54 75 54 76 36 76 30 76 54 77 30 77 55 77 55 78 30 78 29 78 55 79 29 79 56 79 56 80 29 80 35 80 56 81 35 81 57 81 57 82 35 82 34 82 57 82 34 82 58 82 58 83 34 83 33 83 58 84 33 84 59 84 59 85 33 85 26 85 59 86 26 86 42 86 42 87 26 87 27 87 42 88 27 88 43 88 43 89 27 89 28 89 43 90 28 90 44 90 44 91 28 91 31 91 44 92 31 92 45 92 45 93 31 93 32 93 45 94 32 94 46 94 46 95 32 95 41 95 46 96 41 96 51 96 51 97 41 97 40 97 51 98 40 98 52 98 52 99 40 99 39 99 52 99 39 99 53 99 53 100 39 100 25 100 53 101 25 101 50 101 50 102 25 102 24 102 50 103 24 103 49 103 49 104 24 104 38 104 49 105 38 105 48 105 48 106 38 106 37 106 48 107 37 107 47 107 47 108 37 108 36 108</p>
        </triangles>
      </mesh>
    </geometry>
    <geometry id="tail_pipe_assem_-_tail_pipe_joint-1_002-mesh" name="tail_pipe_assem - tail_pipe_joint-1.002">
      <mesh>
        <source id="tail_pipe_assem_-_tail_pipe_joint-1_002-mesh-positions">
          <float_array id="tail_pipe_assem_-_tail_pipe_joint-1_002-mesh-positions-array" count="180">53.51456 47.5045 70.15 44.51456 47.5045 70.15 53.51456 44.0045 70.15 44.51456 44.0045 70.15 44.51456 22.5045 70.15 53.51456 22.5045 70.15 44.51456 26.0045 70.15 53.51456 26.0045 70.15 44.51456 44.0045 58.15 44.51456 47.5045 55.15 44.51456 45.90449 47.15 44.51456 24.1045 47.15 44.51456 45.90449 55.15 44.51456 24.1045 55.15 44.51456 26.0045 58.15 44.51456 22.5045 55.15 53.51456 26.0045 58.15 53.51456 22.5045 55.15 53.51456 24.1045 47.15 53.51456 45.90449 47.15 53.51456 24.1045 55.15 53.51456 45.90449 55.15 53.51456 44.0045 58.15 53.51456 47.5045 55.15 50.62153 44.0045 67.06511 51.17963 44.0045 66.4 47.4076 44.0045 63.23489 48.15951 44.0045 62.80076 49.01456 44.0045 62.65 46.8495 44.0045 66.4 47.4076 44.0045 67.06511 49.86961 44.0045 62.80076 50.62153 44.0045 63.23489 46.8495 44.0045 63.9 46.55254 44.0045 64.71588 46.55254 44.0045 65.58412 48.15951 44.0045 67.49923 49.01456 44.0045 67.65 49.86961 44.0045 67.49923 51.47658 44.0045 65.58412 51.47658 44.0045 64.71588 51.17963 44.0045 63.9 47.4076 26.0045 63.23489 48.15951 26.0045 62.80076 49.01456 26.0045 62.65 49.86961 26.0045 62.80076 50.62153 26.0045 63.23489 49.01456 26.0045 67.65 49.86961 26.0045 67.49923 50.62153 26.0045 67.06511 51.17963 26.0045 66.4 51.17963 26.0045 63.9 51.47658 26.0045 64.71588 51.47658 26.0045 65.58412 48.15951 26.0045 67.49923 47.4076 26.0045 67.06511 46.8495 26.0045 66.4 46.55254 26.0045 65.58412 46.55254 26.0045 64.71588 46.8495 26.0045 63.9</float_array>
          <technique_common>
            <accessor source="#tail_pipe_assem_-_tail_pipe_joint-1_002-mesh-positions-array" count="60" stride="3">
              <param name="X" type="float"/>
              <param name="Y" type="float"/>
              <param name="Z" type="float"/>
            </accessor>
          </technique_common>
        </source>
        <source id="tail_pipe_assem_-_tail_pipe_joint-1_002-mesh-normals">
          <float_array id="tail_pipe_assem_-_tail_pipe_joint-1_002-mesh-normals-array" count="153">0 0 1 -1 0 0 1 0 0 1 -2.32515e-6 0 1 2.90644e-6 0 0 -1 0 0 0 -1 0 1 0 0 -1 3.00409e-6 0 -1 -2.13379e-6 0 1 3.00409e-6 0 1 2.25307e-6 0 1 2.09146e-5 0 1 -1.27919e-6 0 1 -4.2676e-6 0 1 2.09263e-6 0 1 -1.60211e-6 0 1 -2.6399e-7 0 1 3.15929e-7 0 1 -3.2007e-6 0 1 2.09263e-6 0 1 -2.63989e-7 0 1 -1.60213e-6 -0.1736506 0 0.9848074 -0.5000018 0 0.8660244 -0.4999902 0 0.8660311 -0.7660427 0 0.6427897 -0.9396912 0 0.3420241 -0.939693 0 0.342019 -0.939693 0 -0.3420191 -0.9396895 0 -0.3420291 -0.7660493 0 -0.642782 -0.7660427 0 -0.6427897 -0.5000018 0 -0.8660244 -0.5000019 0 -0.8660244 -0.1736506 0 -0.9848074 0.1736506 0 -0.9848074 0.5000018 0 -0.8660244 0.5000019 0 -0.8660244 0.7660427 0 -0.6427897 0.7660493 0 -0.642782 0.9396893 0 -0.3420291 0.939693 0 -0.342019 0.939693 0 0.3420191 0.9396913 0 0.342024 0.7660427 0 0.6427897 0.4999901 0 0.8660311 0.5000019 0 0.8660244 0.1736506 0 0.9848074 0.1736657 0 0.9848048 -0.1736657 0 0.9848048</float_array>
          <technique_common>
            <accessor source="#tail_pipe_assem_-_tail_pipe_joint-1_002-mesh-normals-array" count="51" stride="3">
              <param name="X" type="float"/>
              <param name="Y" type="float"/>
              <param name="Z" type="float"/>
            </accessor>
          </technique_common>
        </source>
        <vertices id="tail_pipe_assem_-_tail_pipe_joint-1_002-mesh-vertices">
          <input semantic="POSITION" source="#tail_pipe_assem_-_tail_pipe_joint-1_002-mesh-positions"/>
        </vertices>
        <triangles material="Material_001-material" count="120">
          <input semantic="VERTEX" source="#tail_pipe_assem_-_tail_pipe_joint-1_002-mesh-vertices" offset="0"/>
          <input semantic="NORMAL" source="#tail_pipe_assem_-_tail_pipe_joint-1_002-mesh-normals" offset="1"/>
          <p>0 0 1 0 2 0 2 0 1 0 3 0 4 0 5 0 6 0 6 0 5 0 7 0 3 1 1 1 8 1 8 1 1 1 9 1 10 1 11 1 12 1 12 1 11 1 13 1 9 1 12 1 8 1 8 1 12 1 13 1 8 1 13 1 14 1 14 1 13 1 15 1 14 1 15 1 6 1 6 1 15 1 4 1 7 2 5 2 16 2 16 3 5 3 17 3 18 2 19 2 20 2 20 2 19 2 21 2 17 2 20 2 16 2 16 2 20 2 21 2 16 2 21 2 22 2 22 2 21 2 23 2 22 4 23 4 2 4 2 2 23 2 0 2 13 5 11 5 20 5 20 5 11 5 18 5 15 6 13 6 17 6 17 6 13 6 20 6 4 5 15 5 5 5 5 5 15 5 17 5 9 7 1 7 23 7 23 7 1 7 0 7 12 6 9 6 21 6 21 6 9 6 23 6 10 7 12 7 19 7 19 7 12 7 21 7 11 6 10 6 18 6 18 6 10 6 19 6 2 5 24 5 25 5 26 5 8 5 27 5 27 5 8 5 28 5 3 5 29 5 30 5 28 5 8 5 31 5 31 5 8 5 22 5 31 8 22 8 32 8 26 5 33 5 8 5 8 5 33 5 34 5 8 5 34 5 3 5 3 5 34 5 35 5 3 5 35 5 29 5 30 5 36 5 3 5 3 5 36 5 37 5 3 5 37 5 2 5 2 5 37 5 38 5 2 9 38 9 24 9 25 5 39 5 2 5 2 5 39 5 40 5 2 5 40 5 22 5 22 5 40 5 41 5 22 5 41 5 32 5 8 0 14 0 22 0 22 0 14 0 16 0 42 10 43 10 14 10 14 7 43 7 44 7 14 7 44 7 16 7 16 7 44 7 45 7 16 11 45 11 46 11 47 12 6 12 48 12 48 13 6 13 7 13 48 14 7 14 49 14 49 15 7 15 50 15 46 16 51 16 16 16 16 17 51 17 52 17 16 7 52 7 7 7 7 7 52 7 53 7 7 18 53 18 50 18 47 7 54 7 6 7 6 19 54 19 55 19 6 20 55 20 56 20 56 7 57 7 6 7 6 7 57 7 58 7 6 7 58 7 14 7 14 21 58 21 59 21 14 22 59 22 42 22 47 23 36 23 54 23 54 24 36 24 30 24 54 25 30 25 55 25 55 26 30 26 29 26 55 26 29 26 56 26 56 27 29 27 35 27 56 28 35 28 57 28 57 1 35 1 34 1 57 1 34 1 58 1 58 29 34 29 33 29 58 30 33 30 59 30 59 31 33 31 26 31 59 32 26 32 42 32 42 33 26 33 27 33 42 34 27 34 43 34 43 35 27 35 28 35 43 35 28 35 44 35 44 36 28 36 31 36 44 36 31 36 45 36 45 37 31 37 32 37 45 38 32 38 46 38 46 39 32 39 41 39 46 40 41 40 51 40 51 41 41 41 40 41 51 42 40 42 52 42 52 2 40 2 39 2 52 2 39 2 53 2 53 43 39 43 25 43 53 44 25 44 50 44 50 45 25 45 24 45 50 45 24 45 49 45 49 46 24 46 38 46 49 47 38 47 48 47 48 48 38 48 37 48 48 49 37 49 47 49 47 50 37 50 36 50</p>
        </triangles>
      </mesh>
    </geometry>
    <geometry id="tail_pipe_assem_-_circular_pipe-2_002-mesh" name="tail_pipe_assem - circular_pipe-2.002">
      <mesh>
        <source id="tail_pipe_assem_-_circular_pipe-2_002-mesh-positions">
          <float_array id="tail_pipe_assem_-_circular_pipe-2_002-mesh-positions-array" count="2172">42.80831 24.15404 36.76436 42.06993 24.61113 37.1042 42.06993 24.61113 35.15 55.22081 24.15404 39.53564 55.95919 24.61113 39.1958 55.22081 24.15404 46.76436 55.22081 24.15404 49.53564 55.95919 24.61113 49.1958 55.95919 24.61113 55.15 36.53793 35.76842 49.69304 36.51456 35.0045 49.52071 36.51456 35.0045 55.15 42.80831 24.15404 46.76436 42.06993 24.61113 47.1042 42.80831 24.15404 39.53564 40.55229 44.2045 49.53564 40.17573 43.84333 49.25077 40.17573 43.84333 55.15 41.01606 44.61043 39.70071 40.55229 44.2045 46.76436 41.01708 44.61128 46.59907 42.72092 45.8045 39.53564 43.30076 46.12216 47.00509 43.30222 46.12291 39.29418 43.85538 46.39014 47.35 43.85538 46.39014 38.95 41.51456 45.0045 39.75 41.51456 45.0045 46.55 42.06993 45.39786 39.70089 42.06993 45.39786 46.59911 42.72092 45.8045 46.76436 44.23102 46.55299 38.5527 44.23102 46.55299 47.7473 44.32238 46.59041 38.36183 43.30076 46.12216 37.00508 43.85538 46.39014 37.35 44.23102 46.55299 35.15 44.23102 46.55299 37.7473 46.57593 47.26431 35.15 44.32215 46.59032 37.93745 44.35731 46.60449 38.15 40.17573 43.84333 35.15 40.55229 44.2045 36.76436 41.01708 44.61128 36.59907 42.06993 45.39786 35.15 41.51456 45.0045 36.55 42.06993 45.39786 36.59911 42.72092 45.8045 36.76436 39.81006 43.46187 38.57461 39.75767 43.40449 38.15 38.62119 41.94912 35.15 39.81006 43.46187 48.57461 39.75767 43.40449 48.15 38.62119 41.94912 55.15 39.95681 43.61885 48.95 40.55229 44.2045 39.53564 40.17573 43.84333 39.25077 40.17573 43.84333 47.04923 39.95681 43.61885 47.35 39.95681 43.61885 38.95 39.81005 43.46186 47.72543 39.81005 43.46186 37.72543 39.95681 43.61885 37.35 40.17573 43.84333 37.04923 57.01324 44.61028 46.59932 57.47683 44.2045 46.76436 57.01339 44.61016 39.70064 58.07231 43.61885 37.35 59.40793 41.94912 35.15 57.8534 43.84333 37.04923 57.8534 43.84333 35.15 57.47683 44.2045 36.76436 58.21908 43.46184 37.72546 58.27145 43.40449 38.15 58.21908 43.46186 38.57457 58.27145 43.40449 48.15 58.21908 43.46184 47.72546 58.07231 43.61885 47.35 58.07231 43.61885 38.95 57.8534 43.84333 47.04923 57.8534 43.84333 39.25077 57.47683 44.2045 39.53564 57.8534 43.84333 49.25077 57.8534 43.84333 55.15 58.07231 43.61885 48.95 59.40793 41.94912 55.15 58.21908 43.46186 48.57457 55.95919 45.39786 35.15 56.51456 45.0045 36.55 57.01324 44.61028 36.59932 54.17375 46.39014 37.35 54.72847 46.12211 37.00503 53.79811 46.55299 35.15 55.30821 45.8045 36.76436 55.95919 45.39786 36.59911 53.70656 46.59049 38.36126 53.67182 46.60449 38.15 51.45319 47.26431 35.15 53.70667 46.59044 37.9384 53.79811 46.55299 37.7473 51.45319 47.26431 55.15 53.67182 46.60449 48.15 53.70667 46.59044 47.9384 53.79811 46.55299 38.5527 53.79811 46.55299 47.7473 54.17375 46.39014 47.35 56.51456 45.0045 46.55 56.51456 45.0045 39.75 55.95919 45.39786 46.59911 55.95919 45.39786 39.70089 55.30821 45.8045 46.76436 55.30821 45.8045 39.53564 54.72847 46.12211 47.00503 54.72771 46.1225 39.29458 54.17375 46.39014 38.95 42.06993 45.39786 55.15 41.51456 45.0045 49.75 41.01606 44.61043 49.70071 44.32215 46.59032 47.93745 44.35731 46.60449 48.15 46.57593 47.26431 55.15 44.32238 46.59041 48.36183 44.23102 46.55299 55.15 44.23102 46.55299 48.5527 43.85538 46.39014 48.95 43.30222 46.12291 49.29418 42.72092 45.8045 49.53564 42.06993 45.39786 49.70089 57.47683 44.2045 49.53564 57.01339 44.61016 49.70064 55.95919 45.39786 55.15 54.72771 46.1225 49.29458 54.17375 46.39014 48.95 53.79811 46.55299 55.15 53.79811 46.55299 48.5527 53.70656 46.59049 48.36126 56.51456 45.0045 49.75 55.95919 45.39786 49.70089 55.30821 45.8045 49.53564 41.33719 25.14002 37.90442 41.29729 25.1712 38.15 40.17573 26.16566 35.15 41.43893 25.06167 37.68885 41.7339 24.84369 37.35 41.33712 25.14007 48.39537 40.17573 26.16566 55.15 41.29729 25.1712 48.15 41.33712 25.14007 38.39537 41.33719 25.14002 47.90442 42.06993 24.61113 49.1958 42.06993 24.61113 55.15 41.7339 24.84369 48.95 41.50429 25.01221 48.70616 41.43893 25.06167 47.68885 41.50429 25.01221 38.70616 41.7339 24.84369 47.35 41.7339 24.84369 38.95 42.06993 24.61113 39.1958 46.29256 22.80447 48.57448 46.3684 22.7878 48.15 46.57593 22.74468 55.15 45.27827 23.07596 49.53564 45.71579 22.94763 49.29776 46.08318 22.85308 48.95 44.23102 23.456 55.15 44.23102 23.456 49.74784 44.75781 23.25162 49.68914 46.08318 22.85308 38.95 46.29256 22.80447 38.57448 46.29253 22.80447 47.72543 46.08318 22.85308 47.35 45.71596 22.94758 47.00236 45.71579 22.94763 39.29776 45.27827 23.07596 46.76436 43.43783 23.81745 46.60696 43.43935 23.81669 39.69329 44.10431 23.50931 46.55 44.09995 23.51117 39.75 44.2318 23.45568 46.55218 44.23102 23.456 39.74784 44.7571 23.25188 46.61072 44.75781 23.25162 39.68914 45.27827 23.07596 39.53564 46.3684 22.7878 38.15 46.29253 22.80447 37.72543 46.57593 22.74468 35.15 46.08318 22.85308 37.35 45.71596 22.94758 37.00236 45.27827 23.07596 36.76436 44.23102 23.456 35.15 44.7571 23.25188 36.61072 42.80831 24.15404 49.53564 43.43935 23.81669 49.69329 44.09995 23.51117 49.75 36.57472 33.77966 48.95 36.61601 33.41522 48.61115 36.75475 32.56587 55.15 36.63299 33.28793 48.39558 36.64004 33.2378 48.15 36.53073 34.3689 49.28363 36.633 33.28784 47.90463 36.75475 32.56587 35.15 36.61601 33.41522 38.61115 36.60585 33.49656 47.59384 36.53073 34.3689 39.28363 36.57472 33.77966 38.95 36.53075 34.36864 47.01649 36.57472 33.77966 47.35 36.63299 33.28793 38.39558 36.64004 33.2378 38.15 36.633 33.28784 37.90463 36.60585 33.49656 37.59384 36.57472 33.77966 37.35 36.53075 34.36864 37.01649 36.51456 35.0045 35.15 36.60431 36.49969 49.75 36.75475 37.44313 55.15 36.67094 36.97549 49.72246 36.92362 38.17611 37.00224 37.02544 38.54156 37.35 37.46607 39.78804 35.15 37.08803 38.74719 37.72552 37.11151 38.8212 38.15 37.02544 38.54156 47.35 37.08803 38.74719 47.72552 37.08802 38.74716 38.57456 37.02544 38.54156 38.95 36.92367 38.17628 39.29763 36.92362 38.17611 47.00224 36.816 37.73303 39.53564 37.11151 38.8212 48.15 37.46607 39.78804 55.15 37.08802 38.74716 48.57456 37.02544 38.54156 48.95 36.92367 38.17628 49.29763 36.816 37.73303 49.53564 36.75475 37.44313 49.63243 36.51456 35.0045 39.52071 36.51467 35.05495 46.76436 36.53793 35.76842 39.69304 36.53803 35.77012 46.6067 36.60431 36.49969 39.75 36.60431 36.49969 46.55 36.67094 36.97549 39.72246 36.67117 36.97697 46.57772 36.75475 37.44313 39.63243 36.75586 37.44869 46.6691 36.816 37.73303 46.76436 56.69194 25.14002 48.39558 56.73183 25.1712 48.15 57.8534 26.16566 55.15 56.59019 25.06167 48.61115 56.29523 24.84369 48.95 56.69201 25.14007 47.90463 57.8534 26.16566 35.15 56.73183 25.1712 38.15 56.69201 25.14007 37.90463 55.95919 24.61113 37.1042 55.95919 24.61113 35.15 56.29523 24.84369 37.35 56.52483 25.01221 37.59384 53.79811 23.456 55.15 53.92482 23.50931 49.75 54.5913 23.81745 49.69304 51.73656 22.80447 37.72552 51.66073 22.7878 38.15 51.45319 22.74468 35.15 52.75086 23.07596 36.76436 52.31333 22.94763 37.00224 51.94594 22.85308 37.35 53.27132 23.25162 36.61086 53.79811 23.456 35.15 53.79811 23.456 36.55216 51.94594 22.85308 47.35 51.73656 22.80447 47.72552 51.73659 22.80447 38.57456 51.94594 22.85308 38.95 52.31316 22.94758 39.29763 52.31333 22.94763 47.00224 52.75086 23.07596 39.53564 51.66073 22.7878 48.15 51.73659 22.80447 48.57456 51.94594 22.85308 48.95 51.45319 22.74468 55.15 52.31316 22.94758 49.29763 52.75086 23.07596 49.53564 53.27202 23.25188 49.68927 53.79733 23.45568 49.74781 56.69194 25.14002 38.39558 56.59019 25.06167 38.61115 56.52483 25.01221 47.59384 56.29523 24.84369 38.95 56.29523 24.84369 47.35 55.95919 24.61113 47.1042 54.5913 23.81745 39.69304 54.58978 23.81669 46.6067 53.92482 23.50931 39.75 53.92918 23.51117 46.55 53.79733 23.45568 39.74781 53.79811 23.456 46.55216 53.27202 23.25188 39.68927 53.27132 23.25162 46.61086 52.75086 23.07596 46.76436 61.10542 38.17642 49.29753 61.00369 38.54156 48.95 60.56306 39.78804 55.15 60.94108 38.74725 48.57431 60.91762 38.8212 48.15 61.00369 38.54156 38.95 60.94108 38.74725 38.57431 61.00369 38.54156 47.35 60.94111 38.74715 47.72541 61.21313 37.73303 39.53564 61.10542 38.17642 39.29753 61.21313 37.73303 46.76436 61.10556 38.1759 47.00209 60.91762 38.8212 38.15 60.94111 38.74715 37.72541 60.56306 39.78804 35.15 61.00369 38.54156 37.35 61.27438 37.44313 36.66757 61.27438 37.44313 35.15 61.21313 37.73303 36.76436 61.10556 38.1759 37.00209 61.51456 35.0045 55.15 61.49121 35.76819 49.693 61.27438 37.44313 55.15 61.42482 36.49969 49.75 61.35821 36.9754 49.72246 61.27327 37.44871 49.6309 61.21313 37.73303 49.53564 61.45441 33.77966 37.35 61.41309 33.41501 37.68912 61.27438 32.56587 35.15 61.39609 33.28757 37.90531 61.38909 33.2378 38.15 61.51456 35.0045 35.15 61.51456 35.0045 36.77928 61.49842 34.3694 37.01614 61.41309 33.41501 47.68912 61.39611 33.28771 38.39505 61.42322 33.49609 38.70566 61.45441 33.77966 47.35 61.45441 33.77966 38.95 61.49836 34.36829 39.28335 61.27327 37.44871 39.6309 61.27438 37.44313 46.66757 61.35821 36.9754 39.72246 61.358 36.97672 46.57769 61.42482 36.49969 39.75 61.42482 36.49969 46.55 61.49121 35.76819 39.693 61.49107 35.77051 46.60664 61.51446 35.05495 39.53564 61.51456 35.0045 46.77929 61.49842 34.3694 47.01614 61.39609 33.28757 47.90531 61.38909 33.2378 48.15 61.27438 32.56587 55.15 61.39611 33.28771 48.39505 61.42322 33.49609 48.70566 61.45441 33.77966 48.95 61.49836 34.36829 49.28335 61.51446 35.05495 49.53564 44.2318 23.45568 36.55218 44.10431 23.50931 36.55 43.43783 23.81745 36.60696 36.51467 35.05495 36.76436 36.53803 35.77012 36.6067 36.75475 37.44313 35.15 36.60431 36.49969 36.55 36.67117 36.97697 36.57772 36.75586 37.44869 36.6691 36.816 37.73303 36.76436 55.22081 24.15404 36.76436 54.58978 23.81669 36.6067 53.92918 23.51117 36.55 61.358 36.97672 36.57769 61.42482 36.49969 36.55 61.49107 35.77051 36.60664 59.40793 28.05987 35.15 59.40793 28.05987 55.15 60.56306 30.22095 35.15 60.56306 30.22095 55.15 49.01456 22.5045 35.15 49.01456 22.5045 55.15 37.46607 30.22095 35.15 37.46607 30.22095 55.15 38.62119 28.05987 35.15 38.62119 28.05987 55.15 49.01456 47.5045 35.15 49.01456 47.5045 55.15 61.27438 37.44313 15.15 60.56306 39.78804 15.15 59.40793 41.94912 15.15 57.8534 43.84333 15.15 55.95919 45.39786 15.15 53.79811 46.55299 15.15 51.45319 47.26431 15.15 49.01456 47.5045 15.15 46.57593 47.26431 15.15 44.23102 46.55299 15.15 42.06993 45.39786 15.15 40.17573 43.84333 15.15 38.62119 41.94912 15.15 37.46607 39.78804 15.15 36.75475 37.44313 15.15 36.51456 35.0045 15.15 36.75475 32.56587 15.15 37.46607 30.22095 15.15 38.62119 28.05987 15.15 40.17573 26.16566 15.15 42.06993 24.61113 15.15 44.23102 23.456 15.15 46.57593 22.74468 15.15 49.01456 22.5045 15.15 51.45319 22.74468 15.15 53.79811 23.456 15.15 55.95919 24.61113 15.15 57.8534 26.16566 15.15 59.40793 28.05987 15.15 60.56306 30.22095 15.15 61.27438 32.56587 15.15 61.51456 35.0045 15.15 50.16438 45.94424 15.15 52.41375 45.46612 15.15 54.51456 44.53078 15.15 56.375 43.17909 15.15 57.91375 41.47013 15.15 59.06356 39.4786 15.15 59.77419 37.29153 15.15 60.01456 35.0045 15.15 59.77419 32.71747 15.15 59.06356 30.53039 15.15 57.91375 28.53886 15.15 56.375 26.82991 15.15 54.51456 25.47822 15.15 52.41375 24.54288 15.15 50.16438 24.06476 15.15 47.86475 24.06476 15.15 45.61538 24.54288 15.15 43.51456 25.47822 15.15 41.65413 26.82991 15.15 40.11538 28.53886 15.15 38.96556 30.53039 15.15 38.25494 32.71747 15.15 38.01456 35.0045 15.15 38.25494 37.29153 15.15 38.96556 39.4786 15.15 40.11538 41.47013 15.15 41.65413 43.17909 15.15 43.51456 44.53078 15.15 45.61538 45.46612 15.15 47.86475 45.94424 15.15 50.16438 45.94424 55.15 47.86475 45.94424 55.15 45.61538 45.46612 55.15 43.51456 44.53078 55.15 41.65413 43.17909 55.15 40.11538 41.47013 55.15 38.96556 39.4786 55.15 38.25494 37.29153 55.15 38.01456 35.0045 55.15 38.25494 32.71747 55.15 38.96556 30.53039 55.15 40.11538 28.53886 55.15 41.65413 26.82991 55.15 43.51456 25.47822 55.15 45.61538 24.54288 55.15 47.86475 24.06476 55.15 50.16438 24.06476 55.15 52.41375 24.54288 55.15 54.51456 25.47822 55.15 56.375 26.82991 55.15 57.91375 28.53886 55.15 59.06356 30.53039 55.15 59.77419 32.71747 55.15 60.01456 35.0045 55.15 59.77419 37.29153 55.15 59.06356 39.4786 55.15 57.91375 41.47013 55.15 56.375 43.17909 55.15 54.51456 44.53078 55.15 52.41375 45.46612 55.15 47.86475 45.94424 39.44495 47.86475 45.94424 46.85505 46.9265 45.8045 46.76436 46.9265 45.8045 39.53564 45.61538 45.46612 46.61804 45.61538 45.46612 39.68196 42.17404 43.61885 37.35 41.98326 43.46386 37.71821 42.54149 43.89828 36.99402 43.51456 44.53078 36.62173 42.98464 44.2045 36.76436 41.91245 43.40449 38.15 41.98324 43.46384 38.58173 44.43199 45.0045 39.75 44.43199 45.0045 46.55 43.51456 44.53078 39.67826 43.51456 44.53078 46.62173 42.98464 44.2045 39.53564 42.98464 44.2045 46.76436 42.54304 43.8994 39.30705 42.54149 43.89828 46.99402 42.17404 43.61885 38.95 42.17404 43.61885 47.35 41.98326 43.46386 47.71821 41.91245 43.40449 48.15 41.98324 43.46384 48.58173 42.17404 43.61885 48.95 42.54304 43.8994 49.30705 42.98464 44.2045 49.53564 46.9265 45.8045 36.76436 45.61538 45.46612 36.61804 44.43199 45.0045 36.55 49.01705 46.0045 36.901 47.86475 45.94424 36.85505 51.10263 45.8045 36.76436 50.16438 45.94424 36.85505 53.59714 45.0045 36.55 52.41375 45.46612 36.61804 55.48781 43.89815 49.30585 55.85509 43.61885 48.95 54.51456 44.53078 49.67826 55.04449 44.2045 49.53564 56.04601 43.46374 48.58136 56.11668 43.40449 48.15 56.04601 43.46374 38.58136 56.04584 43.46388 47.71813 55.85509 43.61885 47.35 49.01705 46.0045 46.901 49.01553 46.0045 39.399 50.16438 45.94424 46.85505 50.16438 45.94424 39.44495 51.10263 45.8045 46.76436 51.10263 45.8045 39.53564 52.41375 45.46612 46.61804 52.41375 45.46612 39.68196 53.59714 45.0045 46.55 53.59714 45.0045 39.75 54.51456 44.53078 46.62173 54.51456 44.53078 39.67826 55.04449 44.2045 46.76436 55.04449 44.2045 39.53564 55.48661 43.89902 46.99331 55.48781 43.89815 39.30585 55.85509 43.61885 38.95 56.11668 43.40449 38.15 56.04584 43.46388 37.71813 55.85509 43.61885 37.35 55.48661 43.89902 36.99331 55.04449 44.2045 36.76436 54.51456 44.53078 36.62173 51.10263 45.8045 49.53564 52.41375 45.46612 49.68196 53.59714 45.0045 49.75 49.01553 46.0045 49.399 50.16438 45.94424 49.44495 46.9265 45.8045 49.53564 47.86475 45.94424 49.44495 43.51456 44.53078 49.67826 44.43199 45.0045 49.75 45.61538 45.46612 49.68196 38.61746 31.41281 49.53564 38.25494 32.71747 49.68196 39.48963 29.50216 49.399 38.96556 30.53039 49.44495 40.70552 27.79618 49.53564 40.11538 28.53886 49.44495 42.6456 26.03587 49.75 41.65413 26.82991 49.68196 44.97457 24.77325 37.35 45.20431 24.68549 37.71849 44.54809 24.95211 36.99355 43.51456 25.47822 36.62173 44.06209 25.18243 36.76436 44.97457 24.77325 47.35 45.20431 24.68549 47.7185 44.97457 24.77325 38.95 45.20413 24.68555 38.58192 45.29101 24.65389 38.15 45.29101 24.65389 48.15 45.20413 24.68555 48.58192 44.97457 24.77325 48.95 44.54721 24.95249 49.30699 44.06209 25.18243 49.53564 43.51456 25.47822 49.67826 44.54809 24.95211 46.99355 44.54721 24.95249 39.30699 44.06209 25.18243 46.76436 44.06209 25.18243 39.53564 43.51456 25.47822 46.62173 43.51456 25.47822 39.67826 42.6456 26.03587 46.55 42.6456 26.03587 39.75 41.65413 26.82991 46.61804 41.65413 26.82991 39.68196 40.70552 27.79618 46.76436 40.70552 27.79618 39.53564 40.11538 28.53886 46.85505 40.11538 28.53886 39.44495 39.48869 29.50379 46.901 39.48963 29.50216 39.399 38.96556 30.53039 46.85505 38.96556 30.53039 39.44495 38.61746 31.41281 39.53564 38.61746 31.41281 46.76436 38.25494 32.71747 39.68196 38.25494 32.71747 46.61804 38.07534 36.15925 49.30834 38.13405 36.62139 48.95 38.17277 36.86337 48.58346 38.18889 36.9551 48.15 38.06302 33.97312 49.75 38.01456 35.0045 49.67826 38.03217 35.62656 49.53564 38.17277 36.86337 38.58346 38.18889 36.9551 38.15 38.17288 36.86404 47.71808 38.13405 36.62139 38.95 38.13405 36.62139 47.35 38.07568 36.16243 46.99345 38.07534 36.15925 39.30834 38.03217 35.62656 46.76436 38.06302 33.97312 46.55 38.06302 33.97312 39.75 38.01456 35.0045 46.62173 38.01456 35.0045 39.67826 38.03217 35.62656 39.53564 38.17288 36.86404 37.71809 38.13405 36.62139 37.35 38.07568 36.16243 36.99345 38.03217 35.62656 36.76436 58.54084 29.5045 49.399 59.41167 31.41281 49.53564 59.06356 30.53039 49.44495 59.96611 33.97312 49.75 59.77419 32.71747 49.68196 59.89508 36.62139 37.35 59.8562 36.86431 37.7187 59.95333 36.16349 36.99404 60.01456 35.0045 36.62173 59.99696 35.62656 36.76436 59.89508 36.62139 47.35 59.8562 36.86431 47.7187 59.89508 36.62139 38.95 59.85624 36.86408 38.58183 59.84023 36.9551 38.15 59.84023 36.9551 48.15 59.85624 36.86408 48.58183 59.89508 36.62139 48.95 59.95346 36.16237 49.30659 59.99696 35.62656 49.53564 60.01456 35.0045 49.67826 59.95333 36.16349 46.99404 59.95346 36.16237 39.30659 59.99696 35.62656 46.76436 59.99696 35.62656 39.53564 60.01456 35.0045 46.62173 60.01456 35.0045 39.67826 59.96611 33.97312 46.55 59.96611 33.97312 39.75 59.77419 32.71747 46.61804 59.77419 32.71747 39.68196 59.41167 31.41281 39.53564 59.41167 31.41281 46.76436 59.06356 30.53039 39.44495 59.06356 30.53039 46.85505 53.4828 24.95289 49.30754 53.05455 24.77325 48.95 54.51456 25.47822 49.67826 53.96704 25.18243 49.53564 52.82479 24.68548 48.58143 52.73812 24.65389 48.15 52.82479 24.68548 38.58143 52.82498 24.68555 47.71812 53.05455 24.77325 38.95 53.05455 24.77325 47.35 53.48196 24.95252 46.99298 53.4828 24.95289 39.30754 53.96704 25.18243 46.76436 58.54001 29.50306 46.901 58.54084 29.5045 39.399 57.91375 28.53886 46.85505 57.91375 28.53886 39.44495 57.32361 27.79618 46.76436 57.32361 27.79618 39.53564 56.375 26.82991 46.61804 56.375 26.82991 39.68196 55.38353 26.03587 46.55 55.38353 26.03587 39.75 54.51456 25.47822 46.62173 54.51456 25.47822 39.67826 53.96704 25.18243 39.53564 52.73812 24.65389 38.15 52.82498 24.68555 37.71812 53.05455 24.77325 37.35 53.48196 24.95252 36.99298 53.96704 25.18243 36.76436 57.91375 28.53886 49.44495 57.32361 27.79618 49.53564 56.375 26.82991 49.68196 55.38353 26.03587 49.75 40.70552 27.79618 36.76436 41.65413 26.82991 36.61804 42.6456 26.03587 36.55 39.48869 29.50379 36.901 40.11538 28.53886 36.85505 38.61746 31.41281 36.76436 38.96556 30.53039 36.85505 38.01456 35.0045 36.62173 38.06302 33.97312 36.55 38.25494 32.71747 36.61804 59.41167 31.41281 36.76436 59.77419 32.71747 36.61804 59.96611 33.97312 36.55 58.54001 29.50306 36.901 59.06356 30.53039 36.85505 57.32361 27.79618 36.76436 57.91375 28.53886 36.85505 54.51456 25.47822 36.62173 55.38353 26.03587 36.55 56.375 26.82991 36.61804</float_array>
          <technique_common>
            <accessor source="#tail_pipe_assem_-_circular_pipe-2_002-mesh-positions-array" count="724" stride="3">
              <param name="X" type="float"/>
              <param name="Y" type="float"/>
              <param name="Z" type="float"/>
            </accessor>
          </technique_common>
        </source>
        <source id="tail_pipe_assem_-_circular_pipe-2_002-mesh-normals">
          <float_array id="tail_pipe_assem_-_circular_pipe-2_002-mesh-normals-array" count="3756">-0.5263515 -0.8502671 0 0.5263523 -0.8502667 0 0.5263541 -0.8502655 0 -0.9995328 0.03056454 0 -0.5263531 -0.8502661 0 -0.69219 0.7217153 0 -0.6585994 0.7524938 5.37157e-6 -0.4804118 0.8770431 -5.68597e-6 -0.43505 0.9004064 5.62139e-6 -0.4349922 0.9004343 0 -0.6201382 0.7844926 -5.22141e-6 -0.620095 0.7845268 0 -0.5779946 0.8160406 0 -0.5780008 0.8160363 0 -0.5297829 0.8481333 0 -0.529782 0.8481339 0 -0.4804639 0.8770145 0 -0.3977614 0.917489 0 -0.3977637 0.917488 0 -0.3790433 0.9253789 0 -0.4315525 0.9020614 -0.006911635 -0.3977585 0.9174903 0 -0.2902852 0.9569402 0 -0.3219106 0.9462469 -0.03147429 -0.3019503 0.9532264 -0.01362258 -0.6612623 0.7500323 -0.01355278 -0.6338503 0.7723529 -0.04129111 -0.6214888 0.7829732 -0.02654659 -0.5780033 0.8160346 0 -0.4713971 0.8819212 0 -0.512638 0.8545519 -0.08332812 -0.4702995 0.8819618 -0.0310136 -0.8075765 0.5894238 0.01999658 -0.768322 0.6400096 0.008319199 -0.7730116 0.6343921 0 -0.7324906 0.6803025 0.02541798 -0.7498959 0.6613482 0.01657474 -0.6586229 0.7524732 0 -0.6921956 0.72171 0 -0.6921879 0.7217174 0 -0.7159156 0.6981869 0 -0.7159339 0.698168 0 -0.7305112 0.6829007 0 -0.7305271 0.6828838 -4.43854e-7 -0.7862458 0.617914 4.33333e-7 -0.7607353 0.6490332 -0.006158828 -0.7771469 0.6292257 -0.01086008 -0.7624617 0.6464389 -0.02773255 -0.7729533 0.6343459 -0.01219022 -0.7159105 0.6981921 0 -0.6921929 0.7217127 0 0.6586363 0.7524616 0 0.7472615 0.6626985 -0.04930454 0.7730101 0.6343937 0 0.692191 0.7217144 0 0.7624664 0.6464335 -0.02772939 0.7771428 0.6292304 -0.01086544 0.8075852 0.5894116 0.02000498 0.760739 0.6490287 -0.006164014 0.7862453 0.6179147 0 0.7305396 0.6828705 0 0.7304998 0.6829131 0 0.7159224 0.6981799 0 0.7159179 0.6981846 0 0.6921879 0.7217174 0 0.6921972 0.7217085 0 0.6586435 0.7524551 0 0.7158986 0.6982043 0 0.7730051 0.6343852 0.004325687 0.7498937 0.6613509 0.01657092 0.6340168 0.772552 -0.03444153 0.6224783 0.7808825 -0.05237728 0.6613062 0.749994 -0.01353669 0.4315535 0.9020609 -0.006912887 0.470306 0.8819583 -0.03101444 0.4711536 0.8814692 -0.03203922 0.5297853 0.8481319 0 0.5779997 0.8160371 0 0.2580422 0.9658915 0.02163404 0.3018798 0.9532492 -0.01358789 0.2902833 0.9569351 -0.00333184 0.3790397 0.9253805 0 0.3977637 0.9174879 0 0.2840038 0.9588232 -3.64282e-4 0.3739302 0.927457 6.62344e-7 0.3790311 0.925384 0 0.3790487 0.9253768 0 0.3977637 0.917488 0 0.6201547 0.7844796 0 0.6201495 0.7844838 0 0.5780016 0.8160357 0 0.5779977 0.8160384 0 0.5297824 0.8481336 0 0.5297802 0.8481351 0 0.4804697 0.8770113 0 0.480443 0.877026 -2.99e-6 0.4350512 0.9004058 2.40898e-6 0.4350236 0.9004191 0 0.3977609 0.9174892 0 -0.6343669 0.7729806 0.00893414 -0.6209633 0.7837044 0.01456582 -0.6594574 0.7517307 0.00412625 -0.3790324 0.9253834 -8.29556e-7 -0.374015 0.9274227 0 -0.2839986 0.9588248 -3.66585e-4 -0.3164468 0.9485477 0.01090145 -0.2902849 0.9569394 0.001366913 -0.3790533 0.9253749 0 -0.3977628 0.9174883 0 -0.4336743 0.9010659 0.002607703 -0.4768313 0.8789251 0.01107966 -0.4713765 0.881884 0.009216904 -0.529784 0.8481327 0 -0.5780028 0.8160348 0 0.69219 0.7217153 0 0.6594716 0.7517182 0.004125773 0.6343544 0.7729644 0.01098638 0.4337043 0.9010516 0.002607762 0.3977628 0.9174883 0 0.2902842 0.9569406 0 0.3422364 0.9393938 0.02033466 0.316408 0.948561 0.01087152 0.6205566 0.7841331 0.006698906 0.5779999 0.8160369 0 0.4713962 0.8819215 0 0.5245236 0.8509473 0.0276373 0.4768638 0.8789073 0.01109141 -0.6497513 -0.760093 -0.009041011 -0.635518 -0.7718415 -0.01943194 -0.6343937 -0.7730102 0 -0.5966412 -0.8003823 -0.05837398 -0.6186184 -0.7849755 -0.03353816 -0.640331 -0.7680715 0.006504952 -0.6645848 -0.7472128 -3.28837e-4 -0.6158083 -0.7878962 1.64908e-7 -0.5690799 -0.8222822 0 -0.6343847 -0.7729988 0.005387246 -0.6040099 -0.7967715 0.0180937 -0.6215523 -0.7832798 0.01206529 -0.6101186 -0.7923101 0 -0.6074724 -0.7943409 -4.67861e-5 -0.5942354 -0.8042913 1.05093e-4 -0.5916901 -0.8061656 0 -0.5690861 -0.8222781 0 -0.5690843 -0.8222792 0 -0.526351 -0.8502674 0 -0.2130877 -0.977033 3.01078e-4 -0.2776765 -0.9606454 0.007499575 -0.2468609 -0.9690473 0.002676784 -0.2247468 -0.9744169 8.25157e-4 -0.2902846 -0.9569404 0 -0.35835 -0.9330147 0.03269392 -0.3152768 -0.9488496 0.01688396 -0.2261568 -0.974091 2.35682e-7 -0.2261467 -0.9740933 0 -0.2492295 -0.9684445 0 -0.2492398 -0.9684419 -2.81353e-7 -0.2814422 -0.9595782 0 -0.4715104 -0.8818605 0 -0.4714462 -0.8818949 -6.93956e-6 -0.4196616 -0.9076806 7.13888e-6 -0.4197768 -0.9076274 2.0041e-5 -0.3877348 -0.921771 -4.05623e-6 -0.3879136 -0.9216958 4.9277e-7 -0.3616929 -0.9322974 -3.4824e-6 -0.3617128 -0.9322896 -2.43851e-6 -0.3198251 -0.9474766 2.50479e-6 -0.3197988 -0.9474855 0 -0.2814427 -0.9595781 0 -0.2139718 -0.9768399 1.35275e-4 -0.1992719 -0.9799444 -1.28335e-4 -0.2147068 -0.9766786 3.35405e-7 -0.2115662 -0.9773635 -5.90481e-4 -0.2229171 -0.9748356 -0.001895129 -0.2432725 -0.9699349 -0.006695866 -0.2711215 -0.9623277 -0.02046328 -0.2900876 -0.9562867 -0.03694558 -0.314659 -0.9490088 -0.01928865 -0.5263489 -0.8502688 0 -0.4732713 -0.8808659 0.009471714 -0.4713727 -0.8818764 0.01009559 -0.419836 -0.9075996 9.18597e-4 -0.3879185 -0.9216938 0 -0.9930141 -0.1178557 0.005760073 -0.9904956 -0.1375084 0.003160059 -0.988896 -0.1485967 0.001933991 -0.9951847 -0.09801834 0 -0.9989968 -0.03556472 0.02721637 -0.9965718 -0.08171468 0.01293945 -0.9894105 -0.1451394 -0.0012241 -0.9916552 -0.1289189 4.64126e-5 -0.9972254 -0.07444244 -1.04357e-6 -0.9936548 -0.1124735 -1.04802e-4 -0.9940067 -0.1093197 0 -0.9972254 -0.07444226 0 -0.9912161 -0.1322526 3.22226e-7 -0.9902339 -0.139416 3.71388e-7 -0.9856235 -0.1689563 1.55284e-4 -0.98799 -0.1544861 -0.003164947 -0.9901915 -0.1395316 -0.007195353 -0.9925003 -0.1214119 -0.01423382 -0.9953039 -0.09176188 -0.03082042 -0.99488 -0.09798455 -0.02475619 -0.9959293 0.08975642 0.008301019 -0.9951288 0.09801191 0.01059967 -0.9903045 0.1388744 0.003327965 -0.9562099 0.2914921 -0.0263642 -0.9497212 0.3128277 -0.01298499 -0.9440515 0.3297558 -0.005289375 -0.9566585 0.2912126 2.09571e-7 -0.9566642 0.2911939 0 -0.9633133 0.2683798 0 -0.9633106 0.2683892 1.35257e-7 -0.9717457 0.2360305 -5.42742e-7 -0.9490791 0.3150284 -0.002450585 -0.9384879 0.345312 3.68068e-4 -0.9531755 0.3024178 1.67713e-7 -0.953073 0.3026627 0.006882905 -0.9601949 0.2790673 0.0121355 -0.9687704 0.2470031 0.02175968 -0.9569298 0.2902842 0.004549682 -0.9784047 0.2066991 0 -0.9843164 0.1764123 0 -0.9996768 -0.025424 6.06156e-7 -0.9997272 -0.02335852 1.7692e-4 -0.9995315 0.03060853 -1.99059e-4 -0.9994668 0.03265166 6.89139e-6 -0.9959047 0.09040945 -7.32672e-6 -0.9958993 0.09046912 0 -0.9903376 0.1386774 0 -0.9903306 0.1387274 3.60827e-6 -0.9843157 0.1764163 -4.39214e-6 -0.9842662 0.1766923 1.5414e-5 -0.9784041 0.2067014 -9.14543e-6 -0.9783557 0.2069303 0 -0.9717378 0.2360631 0 0.6403599 -0.7680474 0.006507396 0.624737 -0.7807561 0.01112329 0.6343926 -0.7730111 0 0.582144 -0.8126383 0.0269683 0.6067634 -0.7947018 0.01695579 0.633135 -0.7740278 -0.004579961 0.6497453 -0.7600983 -0.009038388 0.5690764 -0.8222847 0 0.6343216 -0.7729203 -0.01518082 0.6161273 -0.7868047 -0.03640753 0.6324464 -0.7743021 -0.02163499 0.4713931 -0.8819202 0.00235641 0.4213681 -0.9065105 0.02622401 0.473325 -0.8808371 0.00946021 0.2115451 -0.9773681 -5.90655e-4 0.2711241 -0.9623268 -0.02046644 0.2432824 -0.9699324 -0.006698548 0.222916 -0.9748359 -0.001896202 0.3059009 -0.950707 -0.05080258 0.2901628 -0.9565321 -0.0291903 0.3617099 -0.9322907 0 0.2261497 -0.9740926 -2.35675e-7 0.2261465 -0.9740934 0 0.2492277 -0.968445 0 0.2492453 -0.9684404 2.81359e-7 0.2814418 -0.9595784 0 0.2137688 -0.9768843 -1.73492e-4 0.2019407 -0.9793978 1.06154e-4 0.2147079 -0.9766783 -3.35407e-7 0.2247416 -0.9744181 8.24648e-4 0.2468507 -0.9690499 0.002675771 0.2776793 -0.9606446 0.007499396 0.3153085 -0.9488389 0.01689225 0.2902761 -0.9569112 0.007804811 0.3616995 -0.9322948 4.38637e-6 0.3877261 -0.9217747 -6.38204e-7 0.6951231 -0.7185637 0.02168077 0.6619211 -0.7495736 -5.17793e-7 0.6101183 -0.7923103 0 0.6074559 -0.7943535 4.67848e-5 0.5942534 -0.8042778 -1.05096e-4 0.5916777 -0.8061746 0 0.5690951 -0.8222717 0 0.569078 -0.8222836 0 0.5263521 -0.8502667 0 0.4715148 -0.8818582 0 0.4714435 -0.8818963 6.93952e-6 0.4196662 -0.9076786 -7.13896e-6 0.4197727 -0.9076294 -2.00408e-5 0.3877353 -0.9217709 4.05623e-6 0.3879283 -0.9216896 -4.92789e-7 0.3616929 -0.9322974 3.4824e-6 0.3617118 -0.9322901 2.4385e-6 0.3198246 -0.9474768 -2.50479e-6 0.3197993 -0.9474854 0 0.2814421 -0.9595782 0 0.9601919 0.2790777 0.01213616 0.9530652 0.302687 0.006880879 0.9470158 0.3211668 0.003612756 0.9566531 0.29123 0 0.9566554 0.2912224 -6.2969e-7 0.9717374 0.2360644 0 0.9633137 0.2683782 0 0.9633186 0.2683606 1.3043e-6 0.9717419 0.236046 -1.35796e-6 0.9498187 0.3127945 0.002016663 0.9379643 0.3467319 -3.79887e-4 0.9532091 0.302312 -3.35384e-7 0.9440534 0.3297504 -0.005285382 0.9497249 0.3128162 -0.01299118 0.9784137 0.206656 0 0.9568192 0.2902531 -0.01582241 0.9633874 0.2627215 -0.05349946 0.9562124 0.2914834 -0.02637124 0.9951403 0.09801179 0.009458482 0.9959179 0.08944767 0.01211726 0.9903039 0.1388782 0.0033288 0.9842812 0.176609 -1.94082e-5 0.9569393 0.2902881 1.00979e-4 0.9754946 0.2174823 0.03334438 0.9687675 0.2470149 0.0217545 0.9921737 -0.1242209 -0.01266837 0.9897438 -0.1427139 -0.006317913 0.9879752 -0.1545805 -0.003167808 0.9951844 -0.09802061 0 0.9962272 -0.05140006 -0.06992518 0.995306 -0.09173476 -0.03083652 0.9916452 -0.1289958 -4.5862e-5 0.9936552 -0.1124698 1.04947e-4 0.9940074 -0.1093131 0 0.9972245 -0.07445317 0 0.9783525 0.2069456 0 0.9784066 0.2066892 9.83135e-6 0.9842794 0.1766185 -1.52218e-5 0.9843059 0.1764711 -3.81682e-6 0.9903374 0.138679 3.47532e-6 0.9903328 0.1387118 0 0.9959073 0.09038072 0 0.9958971 0.09049379 -9.51389e-6 0.9994693 0.03257548 1.00281e-5 0.9995286 0.03070312 1.99655e-4 0.9997269 -0.02337127 -1.7702e-4 0.9996768 -0.02542185 -3.73674e-6 0.9972278 -0.07441061 3.33643e-6 0.9912116 -0.1322858 3.45624e-7 0.9902707 -0.1391545 2.49402e-7 0.9854612 -0.1699013 -1.59937e-4 0.9889091 -0.14851 0.001937448 0.9909448 -0.1342235 0.003519475 0.9933733 -0.1147563 0.006379663 0.9965708 -0.0817278 0.01293492 0.995154 -0.09801304 0.007880985 0.999727 -0.02336651 -2.28221e-4 0.9994712 0.03251546 2.73908e-4 -0.3616907 -0.9322981 -1.65556e-5 -0.3877369 -0.92177 2.45887e-6 -0.4713751 -0.881886 -0.009088754 -0.424363 -0.9007773 -0.09228456 -0.4772001 -0.8782685 -0.03040647 -0.9997321 -0.02313363 7.86878e-4 -0.9994731 0.03244435 -9.50316e-4 -0.9945589 0.09795552 -0.03546106 -0.9950584 0.08661103 -0.04855352 -0.9901517 0.1394453 -0.01244091 -0.9842681 0.1766821 7.14397e-5 -0.9569397 0.2902866 -3.65848e-4 -0.9677634 0.2350278 -0.09053099 -0.9633882 0.26272 -0.05349481 0.5263515 -0.8502671 0 0.4771369 -0.8783016 -0.03044468 0.4710607 -0.8812909 -0.03779244 0.4200161 -0.9075097 -0.003564 0.387924 -0.9216915 0 0.9843075 0.176462 0 0.9901514 0.1394469 -0.01244628 0.9943543 0.0979315 -0.04085278 0.995651 0.08810657 -0.0302754 0.9995297 0.03066676 0 0.6634401 -0.7482295 0 0.7730094 -0.6343947 0 0.7730117 -0.6343918 0 0.8819208 -0.4713976 0 0.8819228 -0.471394 0 0.9569397 -0.2902869 0 0.9569411 -0.2902824 0 0.9857367 -0.1682953 0 0.9895849 -0.1439473 9.83645e-4 -0.2034051 -0.9790948 0 -0.09801745 -0.9951848 0 -0.09801763 -0.9951847 0 0.09801745 -0.9951848 0 0.09801715 -0.9951847 0 0.2034108 -0.9790935 0 0.2131205 -0.9770259 3.00996e-4 -0.9857389 -0.1682822 0 -0.9569397 -0.2902869 0 -0.9569411 -0.2902824 0 -0.8819218 -0.4713956 0 -0.8819218 -0.4713959 0 -0.7730106 -0.6343932 0 -0.7730105 -0.6343933 0 -0.6634371 -0.7482322 0 -0.6303247 -0.7763223 0.003826379 -0.7881615 0.6154686 0 -0.8819217 0.471396 0 -0.8819215 0.4713963 0 -0.9388577 0.3443057 0 -0.9470273 0.321133 0.003613114 0.2864964 0.9580814 0 0.09801721 0.9951847 0 0.09801739 0.9951848 0 -0.09801769 0.9951847 0 -0.09801739 0.9951848 0 -0.2850589 0.9585101 0 -0.335775 0.9419142 0.007271051 0.9388548 0.3443136 0 0.8819227 0.4713941 0 0.8819205 0.4713982 0 0.7881647 0.6154645 0 0.7683256 0.6400051 0.008323192 0.9951847 0.09801775 0 0.9569396 0.290287 0 0.9569411 0.2902825 0 0.8819207 0.4713979 0 0.7730119 0.6343916 0 0.7730095 0.6343946 0 0.6343942 0.7730097 0 0.6343918 0.7730118 0 0.4713972 0.8819211 0 0.4713971 0.8819211 0 0.2902841 0.9569405 0 0.2902855 0.9569402 0 0.09801769 0.9951847 0 -0.09801721 0.9951847 0 -0.2902855 0.9569402 0 -0.2902848 0.9569403 0 -0.4713972 0.8819211 0 -0.4713961 0.8819217 0 -0.6343942 0.7730097 0 -0.6343918 0.7730118 0 -0.7730119 0.6343916 0 -0.7730095 0.6343946 0 -0.8819227 0.4713941 0 -0.8819207 0.4713979 0 -0.956941 0.2902824 0 -0.9569396 0.2902871 0 -0.9951849 0.09801524 0 -0.9951844 0.09802019 0 -0.9951845 -0.09802019 0 -0.995185 -0.0980153 0 -0.9569397 -0.2902868 0 -0.9569411 -0.2902823 0 -0.8819208 -0.4713976 0 -0.8819229 -0.4713938 0 -0.7730094 -0.6343946 0 -0.7730119 -0.6343916 0 -0.6343918 -0.7730118 0 -0.6343942 -0.7730097 0 -0.4713955 -0.881922 0 -0.4713965 -0.8819214 0 -0.2902848 -0.9569403 0 -0.2902855 -0.9569402 0 -0.09801721 -0.9951847 0 -0.09801769 -0.9951847 0 0.09801721 -0.9951847 0 0.09801769 -0.9951847 0 0.2902855 -0.9569402 0 0.2902841 -0.9569405 0 0.4713965 -0.8819214 0 0.6343918 -0.7730118 0 0.6343942 -0.7730097 0 0.7730094 -0.6343946 0 0.7730119 -0.6343916 0 0.8819229 -0.4713938 0 0.9569411 -0.2902823 0 0.9569398 -0.2902868 0 0.9951847 -0.09801775 0 0.9951847 -0.09801775 0 0.9951847 0.09801775 0 0 0 -1 -2.13958e-6 0 -1 2.12047e-6 0 -1 -2.1802e-6 0 -1 -9.95229e-7 0 -1 -5.89756e-7 0 -1 -6.13955e-7 0 -1 4.75384e-7 0 -1 1.06708e-6 0 -1 1.12569e-6 0 -1 9.95231e-7 0 -1 5.89756e-7 0 -1 -1.5029e-7 0 -1 6.13961e-7 0 -1 -4.75379e-7 0 -1 0 0 1 -1.62155e-6 0 1 2.15925e-6 0 1 2.15364e-6 0 1 4.27915e-6 0 1 -8.59987e-6 0 1 4.26832e-6 0 1 -4.24094e-6 0 1 2.35902e-6 0 1 -1.95374e-6 0 1 -1.62156e-6 0 1 1.62156e-6 0 1 -2.15926e-6 0 1 -4.27914e-6 0 1 4.29046e-6 0 1 -4.26831e-6 0 1 -8.65385e-6 0 1 4.24095e-6 0 1 -2.35902e-6 0 1 6.01152e-7 0 1 -1.90152e-6 0 1 1.62155e-6 0 1 0.1473122 -0.9890901 0 0.1473131 -0.98909 0 0.2498952 -0.9682729 0 0.2498948 -0.9682731 0 0.6312243 -0.7756001 5.80807e-4 0.6062602 -0.7952649 0.001556396 0.5877861 -0.8090165 0 0.5258334 -0.8505502 0.007981717 0.5698533 -0.8217373 0.003904402 0.6437322 -0.7652508 -3.65433e-4 0.3634108 -0.9316291 0 0.3634126 -0.9316284 0 0.4588056 -0.8885368 0 0.4588055 -0.8885368 0 0.5242989 -0.8515344 0 0.5242894 -0.8515402 0 0.5684271 -0.8227337 0 0.5684868 -0.8226925 -5.52827e-6 0.6052212 -0.7960574 6.42216e-6 0.6053004 -0.7959973 0 0.6305672 -0.7761347 0 0.6305711 -0.7761315 -6.13963e-7 0.6424723 -0.766309 5.64788e-7 0.6611219 -0.7502786 2.38249e-4 0.6452699 -0.7639543 -7.90285e-4 0.6327345 -0.7743667 -0.001867711 0.6084395 -0.7935829 -0.005265176 0.5732027 -0.8192975 -0.01379895 0.587763 -0.8089889 -0.008462905 0.2079113 -0.9781441 0.002701163 0.2498941 -0.9682732 0 0.4067361 -0.9135457 0 0.363153 -0.9317159 0.00505644 0.4588075 -0.8885357 0 0 -0.9999962 0.002770364 0.05222439 -0.9986354 0 0.1473129 -0.98909 0 -0.2079113 -0.9781441 0.002701461 -0.1473119 -0.9890901 0 -0.05245071 -0.9986235 0 -0.4067337 -0.9135426 0.002785682 -0.363413 -0.9316282 0 -0.2498946 -0.9682731 0 -0.60853 -0.7935136 -0.005255877 -0.5877857 -0.8090167 0 -0.5297684 -0.8476374 -0.02926397 -0.5732725 -0.8192492 -0.01377153 -0.6327373 -0.7743642 -0.001867473 -0.6452859 -0.7639408 -7.89145e-4 -0.6611216 -0.7502788 2.37596e-4 -0.6424286 -0.7663456 -5.64495e-7 -0.6305778 -0.7761262 -8.49389e-7 0.05222457 -0.9986355 0 0.05229282 -0.9986319 -1.05901e-5 -0.05245018 -0.9986236 1.0622e-5 -0.05238133 -0.9986271 0 -0.1473124 -0.98909 0 -0.1473125 -0.9890901 0 -0.249894 -0.9682732 0 -0.2498946 -0.9682731 0 -0.3634127 -0.9316284 0 -0.363413 -0.9316281 0 -0.4588024 -0.8885384 0 -0.4588068 -0.8885362 0 -0.5242986 -0.8515346 0 -0.5242915 -0.8515389 0 -0.5684451 -0.8227213 0 -0.5684946 -0.822687 4.60465e-6 -0.6052602 -0.7960277 -4.28746e-6 -0.6053009 -0.7959968 0 -0.6305726 -0.7761304 0 -0.6434088 -0.7655228 2.75088e-4 -0.6312359 -0.7755907 5.80892e-4 -0.6062147 -0.7952995 0.00155723 -0.5698096 -0.8217675 0.00390923 -0.587782 -0.8090165 0.002198278 -0.5243048 -0.8515307 0 -0.458805 -0.888537 0 -0.2079004 -0.9780948 -0.01039969 -0.2498955 -0.9682728 0 -0.4067373 -0.9135453 0 -0.3623284 -0.9318318 -0.02018785 -0.4588043 -0.8885374 0 0 -0.9999452 -0.01047736 -0.05238103 -0.9986272 0 -0.1473122 -0.98909 0 0.2079003 -0.9780948 -0.0103985 0.1473127 -0.98909 0 0.05229336 -0.9986318 0 0.524298 -0.851535 0 0.4588055 -0.8885368 0 0.4067118 -0.9134899 -0.01103973 0.3634113 -0.9316288 0 0.2498944 -0.9682731 0 0.9510049 0.3090013 -0.0103991 0.9634963 0.2677218 0 0.994522 0.1045287 0 0.8659779 0.4999726 -0.01047748 0.890951 0.4540997 0 0.9302332 0.3669688 0 0.7431043 0.6690949 -0.0103991 0.7829217 0.6221204 0 0.8386024 0.544744 0 0.5877509 0.8089666 -0.01103949 0.6251073 0.7805389 0 0.7136005 0.7005529 0 0.3560356 0.9344723 5.80171e-4 0.3856353 0.92265 0.001556813 0.4067358 0.9135459 0 0.4736768 0.8806626 0.007982075 0.4267541 0.9043593 0.003908872 0.3568544 0.93416 0 0.3568552 0.9341598 0 0.3424562 0.9395338 0 0.3424386 0.9395403 0 0.3238037 0.9461243 0 0.3389888 0.9407901 -7.89599e-4 0.3542415 0.9351522 -0.001866757 0.383042 0.923716 -0.005266606 0.4229382 0.9060536 -0.01380008 0.4067223 0.9135127 -0.008463203 0.4752979 0.879825 0 0.5400936 0.841605 0 0.3867396 0.9221889 0 0.3867895 0.9221681 2.67702e-6 0.4282645 0.9036535 -3.22992e-6 0.4282976 0.9036378 0 0.4753052 0.8798211 0 0.4753024 0.8798225 0 0.5400955 0.8416038 0 0.5400944 0.8416045 0 0.6251062 0.7805397 0 0.6251084 0.7805381 0 0.7136 0.7005534 0 0.7136008 0.7005527 0 0.7829193 0.6221234 0 0.7829238 0.6221178 0 0.8386503 0.5446704 0 0.8386013 0.5447459 -1.32798e-5 0.8909897 0.4540237 1.32394e-5 0.89095 0.4541015 0 0.9302334 0.3669684 0 0.9302335 0.3669682 0 0.9634965 0.2677212 0 0.9634961 0.2677226 0 0.9914945 -0.1300413 -0.005277156 0.9869948 -0.1607415 -0.001869082 0.9842554 -0.1767506 -7.89363e-4 0.9881557 0.1521209 -0.02018821 0.998898 0.04693472 0 0.9945222 -0.1045261 0 0.9989593 -0.03498589 -0.02926397 0.9961436 -0.08664107 -0.01383244 0.9848886 -0.1731895 4.202e-7 0.9874373 -0.1580119 -7.45452e-7 0.9874376 -0.15801 0 0.9920107 -0.1261543 0 0.9920282 -0.1260169 8.85028e-6 0.9967207 -0.08092051 -1.00422e-5 0.9885199 0.1510906 0 0.9885205 0.1510867 0 0.9988985 0.04692542 0 0.9988978 0.04694074 0 0.9995993 -0.02830672 0 0.9996 -0.0282824 0 0.9967314 -0.08078849 0 0.9846714 -0.1744195 2.75466e-4 0.9873004 -0.1588633 5.80199e-4 0.9918553 -0.1273611 0.001556813 0.9965763 -0.0825864 0.003909528 0.9945197 -0.1045277 0.002198278 -0.8659769 0.4999743 -0.01047706 -0.9510055 0.3089994 -0.0103991 -0.9302301 0.3669768 0 -0.8910079 0.453988 0 -0.9944618 0.1045174 -0.01103931 -0.9885191 0.1510963 0 -0.9634976 0.2677173 0 -0.9872949 -0.1588978 5.79877e-4 -0.9918492 -0.1274079 0.001555562 -0.9945223 -0.1045251 0 -0.9995144 -0.03012549 0.007981717 -0.9965716 -0.08264261 0.003905415 -0.987437 -0.1580134 0 -0.9874368 -0.1580142 -4.45603e-7 -0.9848696 -0.173297 -2.82294e-7 -0.9848818 -0.1732283 0 -0.9812691 -0.1926421 0 -0.9842375 -0.1768503 -7.8634e-4 -0.9869909 -0.1607655 -0.001866757 -0.9914745 -0.130195 -0.005261778 -0.9961329 -0.08677011 -0.01379227 -0.9944864 -0.1045238 -0.008462846 -0.9996 -0.02828299 0 -0.9988981 0.04693228 0 -0.992003 -0.1262153 0 -0.9920116 -0.1261469 2.68074e-6 -0.9967171 -0.08096379 -4.03032e-6 -0.99672 -0.08092778 0 -0.9995999 -0.02828878 0 -0.9995995 -0.02829831 0 -0.998898 0.04693478 0 -0.9988982 0.04693168 0 -0.988521 0.151083 0 -0.98852 0.1510905 0 -0.9634965 0.2677212 0 -0.9634963 0.2677218 0 -0.9302309 0.3669747 0 -0.9302321 0.366972 0 -0.383071 0.9237039 -0.005271494 -0.4067358 0.9135459 0 -0.4691928 0.8826107 -0.02926558 -0.4229751 0.9060361 -0.01381206 -0.354241 0.9351524 -0.001865565 -0.3389728 0.9407959 -7.86484e-4 -0.3192179 0.9476814 2.36893e-4 -0.3424524 0.9395353 0 -0.356848 0.9341626 4.24385e-7 -0.3568583 0.9341586 0 -0.3867876 0.9221689 0 -0.386828 0.9221519 2.47035e-6 -0.4282994 0.9036369 -3.23641e-6 -0.8909744 0.4540536 0 -0.8910049 0.4539937 -1.14823e-5 -0.8386318 0.5446989 1.19411e-5 -0.8386707 0.544639 0 -0.7829227 0.622119 0 -0.7829217 0.6221204 0 -0.7136006 0.7005528 0 -0.7136032 0.7005501 0 -0.6251049 0.7805409 0 -0.6251096 0.780537 0 -0.5400928 0.8416055 0 -0.5400933 0.8416052 0 -0.4753004 0.8798236 0 -0.4753078 0.8798196 0 -0.4283424 0.9036165 0 -0.3412182 0.9399841 2.75061e-4 -0.3560608 0.9344626 5.80599e-4 -0.3856682 0.9226363 0.001558482 -0.4268008 0.9043373 0.003912031 -0.4067353 0.9135435 0.002198398 -0.8386676 0.5446437 0 -0.7829206 0.6221216 0 -0.7431066 0.6690922 -0.01039916 -0.7135981 0.7005554 0 -0.5877868 0.8090159 0 -0.6258232 0.7797036 -0.02018851 -0.540095 0.8416042 0 0.7431413 0.6691291 0.002701282 0.7136018 0.7005516 0 0.5877857 0.8090168 0 0.6253117 0.7803587 0.005056381 0.5400934 0.8416051 0 0.8660218 0.4999989 0.002770423 0.8386499 0.544671 0 0.7829222 0.6221197 0 0.9510535 0.3090149 0.002701282 0.9302328 0.3669703 0 0.8909902 0.4540228 0 0.9995997 -0.02829259 0 0.9988979 0.04693686 0 0.9945184 0.1045253 0.002785742 0.98852 0.1510902 0 0.9634966 0.2677206 0 -0.9510535 0.3090149 0.002701282 -0.9634961 0.2677224 0 -0.994522 0.1045283 0 -0.9884678 0.151347 0.005056262 -0.9988979 0.04693764 0 -0.8660227 0.499997 0.002770364 -0.8909733 0.4540559 0 -0.9302304 0.3669762 0 -0.7431401 0.6691305 0.002701282 -0.7829256 0.6221155 0 -0.8386264 0.5447072 0 -0.4752949 0.8798267 0 -0.5400987 0.8416017 0 -0.5877823 0.8090144 0.002785801 -0.625106 0.7805399 0 -0.7136048 0.7005485 0 0.6434498 -0.7654883 2.7603e-4 0.6574755 -0.753476 0 0.7431443 -0.6691312 0 0.7431443 -0.6691312 0 0.8660259 -0.4999993 0 0.8660249 -0.5000012 0 0.9510561 -0.3090183 0 0.9510569 -0.3090159 0 0.9812675 -0.1926507 0 0.9812725 -0.1926249 0 0.9848847 -0.1732119 0 -0.6437409 -0.7652436 -3.64656e-4 -0.6574667 -0.7534837 0 -0.7431457 -0.6691297 0 -0.743143 -0.6691327 0 -0.8660271 -0.4999971 0 -0.8660247 -0.5000013 0 -0.9510554 -0.3090206 0 -0.9510569 -0.3090159 0 -0.9812658 -0.1926593 0 -0.9846787 -0.1743785 2.752e-4 -0.3408284 0.9401255 -3.6343e-4 -0.3238092 0.9461225 0 -0.2079113 0.9781478 0 -0.2079112 0.9781478 0 0 1 0 0.2079123 0.9781475 0 0.2079112 0.9781478 0 0.3412415 0.9399756 2.76402e-4 -0.02239882 -0.6457495 -0.7632207 -0.02506542 -0.2083682 -0.9777293 0 -0.3968987 -0.9178625 0 -0.604091 -0.7969153 0.02508121 -0.7695775 -0.6380608 0.008754193 -0.7066415 -0.7075177 0.02239882 -0.6457495 -0.7632207 0 -0.9813274 0.1923449 0 -0.9252874 0.379267 0 -0.9252829 0.3792779 -0.008766293 -0.70658 -0.7075789 0 -0.7586023 -0.651554 0 -0.9252877 -0.3792661 0 -0.9252874 -0.379267 0 -0.9813555 -0.1922014 -3.52691e-6 -0.9813134 -0.1924166 4.13986e-6 -0.9978106 -0.06613796 0 -0.9977982 -0.06632357 0 -0.9978032 0.06624782 6.61923e-6 -0.9977807 0.06658589 -6.2935e-6 -0.981278 0.1925967 0.0224018 -0.6457495 0.7632207 0.008742213 -0.7066712 0.707488 0 -0.7586023 0.651554 -0.008769333 -0.7065466 0.7076123 -0.02240031 -0.6457495 0.7632207 4.69354e-4 0.990685 0.136173 -4.38329e-4 0.9225289 0.385928 0 0.9216604 0.3879977 0 0.8013979 0.5981317 0.004018306 0.7884247 0.6151182 -0.004087626 0.616664 0.7872158 0 0.5997266 0.8002051 0 0.3767402 0.926319 -0.004313826 0.3946303 0.9188299 0.00475794 0.1300701 0.9914935 0 0.149725 0.9887277 0 -0.1238849 0.9922966 0.002604484 -0.1392747 0.9902504 -0.002369046 -0.3797436 0.9250888 0 -0.3969022 0.9178609 0 -0.603955 0.7970185 0.02504515 -0.7694948 0.6381618 0.03494668 -0.3277305 -0.9441247 0 -0.1238849 -0.9922966 0 0.149733 -0.9887266 -0.0459578 0.3364841 -0.9405671 0.0452165 0.1801844 -0.9825931 0 0.3767778 -0.9263037 0 0.6000314 -0.7999764 -0.004039406 0.6166952 -0.7871918 0.003956437 0.7886193 -0.6148691 0 0.8013979 -0.5981317 0 0.9217235 -0.3878478 -4.05971e-4 0.9225267 -0.385933 4.34137e-4 0.9907084 -0.1360034 0 0.9909978 -0.1338782 0 0.9909995 0.1338664 -0.02505064 -0.7695095 0.638144 0 -0.6039703 0.7970069 0.02506625 -0.2083664 0.9777296 -0.03495109 -0.3277311 0.9441244 0 0.1497253 0.9887276 0.04596167 0.3364875 0.9405657 -0.04533606 0.1799858 0.9826239 0 0.3764418 0.9264404 0 0.5999922 0.8000059 0.004046559 0.6166835 0.7872008 -0.003967702 0.7885988 0.6148954 0 0.9216783 0.3879554 4.30804e-4 0.92252 0.3859493 -4.62896e-4 0.990688 0.1361508 0 0.9909971 0.1338838 0 0.9909949 -0.1338994 -4.54841e-4 0.9906942 -0.1361063 4.25452e-4 0.9225113 -0.3859701 0 0.9216828 -0.3879446 -0.004046797 0.7883346 -0.6152336 0.00411272 0.6166486 -0.7872278 0 0.5995998 -0.8003001 0 0.3766933 -0.926338 0.004320502 0.3946159 -0.9188361 -0.004763305 0.1300386 -0.9914975 -0.002606332 -0.1392747 -0.9902504 0.00237149 -0.3797366 -0.9250918 0 -0.3969022 -0.9178609 0 -0.6042291 -0.7968107 -0.02511632 -0.7696685 -0.6379497 -0.02506649 -0.2083682 -0.9777293 -0.008764505 -0.70658 -0.7075789 0.008744001 -0.7066712 0.707488 -0.008771121 -0.7065466 0.7076123 0.004018306 0.7884228 0.6151207 -0.00408405 0.6166641 0.787216 0 0.5997331 0.8002001 0.03494817 -0.3277305 -0.9441246 0 0.149725 -0.9887277 -0.04596561 0.3364892 -0.9405648 0.04522413 0.1801844 -0.9825927 -0.004041254 0.6166952 -0.7871918 -0.02504968 -0.7695069 0.6381471 0 -0.6039761 0.7970025 0.0250684 -0.2083664 0.9777296 -0.03495407 -0.3277311 0.9441242 0.04596567 0.3364875 0.9405655 -0.04534763 0.1799802 0.9826244 0 0.3764495 0.9264371 0.004044711 0.6166835 0.7872008 0.004116296 0.6166486 -0.7872278 0 0.376701 -0.9263349 0.004325568 0.3946245 -0.9188324 -0.004759609 0.13003 -0.9914987 0 0.1497253 -0.9887276 -0.00260508 -0.1392747 -0.9902504 0.7837983 0.4525228 0.4253039 0.835061 0.4877153 0.2545724 0.7957434 0.4543948 0.4003973 0.8445382 0.4875807 0.2214058 0.7009567 0.3656162 0.6123598 0.5519362 0.31866 0.7705987 0.3437188 0.198449 0.9178646 0.5480253 0.3422749 0.7632275 0.6075593 0.3608838 0.7075554 0.656966 0.3793013 0.6515567 0.6163311 0.3457372 0.7075323 0.5704379 0.3034778 0.7632182 -0.3273472 -0.2023527 0.9229828 -0.09734535 -0.04411226 0.9942727 -0.1296746 -0.07486182 0.9887266 0.1152874 0.06656044 0.9910997 0.1219736 0.07228285 0.9898979 0.3358232 0.192296 0.9220874 0.3437291 0.1984487 0.9178609 0.5265616 0.3040057 0.793923 0.6554825 0.4085785 0.6351428 -0.8581972 -0.4949285 0.1361739 -0.7987058 -0.461656 0.3859312 -0.798187 -0.4608215 0.3879963 -0.683198 -0.3944448 0.6145355 -0.6817757 -0.3927643 0.6171857 -0.5214842 -0.3018248 0.7980952 -0.5194437 -0.2999025 0.800148 -0.3812968 -0.2201485 0.8978571 -0.2666892 -0.1369212 0.9540072 -0.5188766 -0.299574 -0.8006388 -0.5213608 -0.3019199 -0.79814 -0.6815169 -0.39241 -0.6176967 -0.6832188 -0.3944628 -0.6145009 -0.7980065 -0.4607374 -0.388467 -0.7986539 -0.4617062 -0.3859785 -0.8581883 -0.4948127 -0.1366503 -0.8582293 -0.4954972 -0.133884 -0.8582302 -0.4955037 0.1338548 -0.1683493 -0.03344947 -0.9851598 -0.2658552 -0.1360917 -0.9543585 -0.3803076 -0.2195808 -0.8984155 -0.2684223 -0.2080506 -0.9405661 -0.1296583 -0.07486188 -0.9887288 0.1155481 0.06670898 -0.9910594 0.2747524 0.2035815 -0.9397158 0.2001605 0.08348834 -0.9761996 0.3465835 0.1991061 -0.9166442 0.5314539 0.3078784 -0.7891564 0.6554743 0.4085553 -0.6351662 0.7837835 0.4525344 -0.4253187 0.8399078 0.4793203 -0.2545725 0.791391 0.4619379 -0.4003921 0.8634475 0.4985311 0.07697594 0.8634648 0.4985126 0.0769 0.863462 0.4985162 -0.07690984 0.8634586 0.4985145 -0.07695841 0.8445264 0.4876034 -0.2214003 0.1679195 0.1258924 0.9777292 0.3071637 0.1338838 0.9421919 0.1155511 0.06670933 0.991059 -0.07101935 -0.1285214 0.9891605 -0.3143782 -0.1284365 0.9405693 -0.1296772 -0.07486116 0.9887263 -0.1616755 -0.1359916 0.977429 -0.3372498 -0.1947074 0.9210601 -0.5194706 -0.2999126 0.8001267 -0.5221607 -0.3007158 0.7980717 -0.6810604 -0.3940827 0.617135 -0.6832307 -0.3944632 0.6144872 -0.7982297 -0.4608501 0.3878746 -0.7991331 -0.4609024 0.3859475 -0.8577532 -0.4957348 0.1360391 -0.8582282 -0.4954981 0.1338879 -0.8582311 -0.495501 -0.1338594 -0.8577211 -0.4957554 -0.1361659 -0.7991507 -0.4608801 -0.3859375 -0.7981882 -0.4608193 -0.3879967 -0.6831985 -0.3944476 -0.6145332 -0.6809243 -0.3940531 -0.6173041 -0.5221241 -0.3006569 -0.7981178 -0.519305 -0.2998165 -0.8002703 0.570444 0.3034768 -0.763214 0.6163696 0.3457675 -0.707484 0.6569712 0.3792985 -0.6515532 0.6075037 0.3608758 -0.7076073 0.7038173 0.3879771 -0.5950756 0.5050216 0.3025877 -0.8083279 0.5519405 0.3186596 -0.7705958 0.3437275 0.1984484 -0.9178615 0.3344428 0.1946768 -0.9220895 0.1235803 0.06950008 -0.9898979 0.1159557 0.06679624 -0.9910058 -0.1295091 -0.07459503 -0.9887685 -0.03626722 -0.04719972 -0.998227 -0.3227257 -0.1465107 -0.9350844 -0.1616851 -0.1359589 -0.9774319 -0.3373533 -0.1947804 -0.9210068 0.1296746 -0.07486116 0.9887266 -0.6555134 0.408612 -0.6350893 -0.6554477 0.4085187 0.6352171 -0.5313745 0.3078385 0.7892254 -0.3465754 0.1991064 0.9166473 -0.7837945 0.4525212 0.4253128 -0.8399055 0.4793245 0.2545719 -0.7914191 0.4619574 0.400314 -0.8446127 0.4876285 0.2210158 -0.7838531 0.4525567 -0.4251669 -0.8351131 0.4877584 -0.2543182 -0.7957436 0.4543864 -0.4004063 -0.8634653 0.4985403 0.076716 -0.8634644 0.4985123 0.07690757 -0.8634675 0.4985219 -0.07681012 -0.8634565 0.4985164 -0.07696914 -0.8445376 0.4875867 -0.2213948 -0.7009697 0.3656085 -0.6123495 -0.5519374 0.3186597 -0.7705979 -0.3437275 0.1984484 -0.9178615 -0.5480414 0.342273 -0.7632167 -0.6075637 0.3608953 -0.7075458 -0.6569708 0.3792977 -0.6515541 -0.6163288 0.3457242 -0.7075405 -0.5704424 0.3034737 -0.7632164 -0.5265998 0.3040323 -0.7938873 -0.3437389 0.1984493 -0.9178571 -0.3360354 0.1924653 -0.9219747 -0.1220843 0.07229763 -0.9898831 -0.1155746 0.06672906 -0.991055 0.1296583 -0.07486122 -0.9887288 0.09717595 -0.04394394 -0.9942966 0.3272112 -0.2023708 -0.9230272 0.2664492 -0.1367641 -0.9540967 0.3812814 -0.2201524 -0.8978627 0.5194434 -0.2998913 -0.8001523 0.521524 -0.3018777 -0.7980492 0.6817983 -0.3927373 -0.6171778 0.6832447 -0.3944753 -0.6144641 0.7981948 -0.4608318 -0.3879681 0.7987288 -0.4616653 -0.3858724 0.8581994 -0.4949296 -0.1361567 0.8582401 -0.4955034 -0.1337919 0.8582258 -0.4954983 0.133903 0.8581975 -0.494984 0.1359702 0.7987257 -0.4616072 0.3859483 0.7982516 -0.4608676 0.3878086 0.6831608 -0.3944286 0.6145873 0.6818787 -0.3928773 0.617 0.5214817 -0.3017727 0.7981167 0.5196265 -0.3000035 0.7999914 0.3803149 -0.2195809 0.8984125 0.2684221 -0.2080529 0.9405655 0.1684349 -0.03358888 0.9851404 0.2660182 -0.1362152 0.9542954 -0.2001605 0.08348941 0.9761995 -0.2746267 0.2033872 0.9397947 -0.115226 0.06652414 0.9911093 -0.1679112 0.1258926 -0.9777306 -0.3071609 0.1338832 -0.9421929 -0.1155421 0.06670904 -0.99106 0.07109045 -0.1285207 -0.9891555 0.3143943 -0.1284348 -0.9405641 0.1296558 -0.07486134 -0.9887291 0.1616755 -0.1359916 -0.977429 0.3372427 -0.1947079 -0.9210626 0.5191274 -0.2997161 -0.8004231 0.5221658 -0.3006201 -0.7981044 0.6807953 -0.394038 -0.617456 0.6832235 -0.3944641 -0.6144948 0.7982304 -0.4608614 -0.3878597 0.7991358 -0.4609011 -0.3859435 0.8577595 -0.4957324 -0.1360082 0.8582264 -0.4955012 -0.1338876 0.8582307 -0.4955013 0.1338606 0.8577219 -0.4957568 0.1361557 0.7991542 -0.4608805 0.38593 0.7981866 -0.4608289 0.3879884 0.6831979 -0.3944506 0.6145318 0.6809161 -0.3940475 0.6173167 0.522122 -0.3006541 0.7981202 0.5192849 -0.2998154 0.8002837 -0.5704445 0.3034741 0.7632147 -0.6163609 0.3457477 0.7075011 -0.6569626 0.3793022 0.6515596 -0.6075449 0.3608765 0.7075715 -0.7037962 0.3879885 0.5950932 -0.5050266 0.3025887 0.8083245 -0.5519405 0.3186596 0.7705958 -0.3437188 0.198449 0.9178646 -0.3344428 0.194677 0.9220894 -0.1235945 0.06949996 0.9898961 -0.1159434 0.06679654 0.9910073 0.1294877 -0.07459491 0.9887713 0.03626722 -0.04719972 0.998227 0.3227239 -0.1465128 0.9350848 0.1616851 -0.1359578 0.9774321 0.3373673 -0.1947802 0.9210017 0.8350596 0.4877172 0.2545734 0.7957481 0.4543923 0.4003907 0.8445331 0.4875864 0.2214122 0.7009504 0.3656194 0.6123652 0.5519456 0.3186576 0.7705928 0.3437014 0.1984503 0.9178708 0.6075638 0.3608822 0.7075523 0.6163444 0.3457326 0.7075229 0.5704338 0.3034788 0.7632207 0.1152904 0.06656038 0.9910993 0.1219831 0.07228273 0.9898967 0.3358113 0.1922969 0.9220916 0.3437117 0.19845 0.917867 0.5265569 0.3040067 0.7939257 0.6554875 0.4085761 0.6351391 -0.8581985 -0.4949263 0.1361742 -0.7987101 -0.4616507 0.3859286 -0.7981784 -0.460833 0.3880005 -0.6831949 -0.3944464 0.614538 -0.6817835 -0.3927603 0.6171796 -0.5214781 -0.3018262 0.7980988 -0.5194557 -0.2999 0.8001412 -0.5188826 -0.2995727 -0.8006355 -0.5213547 -0.3019213 -0.7981435 -0.681513 -0.392412 -0.6176997 -0.683224 -0.3944602 -0.6144968 -0.2684152 -0.2080458 -0.9405691 -0.1296743 -0.07486546 -0.9887263 0.274758 0.2035812 -0.9397143 0.2001687 0.08348822 -0.9761979 0.3465707 0.1991071 -0.9166489 0.7837945 0.4525212 -0.4253128 0.8399022 0.4793291 -0.2545744 0.7913892 0.4619418 -0.4003912 0.8634542 0.4985198 0.07697415 0.8634648 0.4985127 0.07690006 0.8634569 0.4985173 -0.07695889 0.8445384 0.4875846 -0.2213958 0.1679279 0.1258922 0.9777277 0.3071695 0.1338836 0.9421901 0.1155391 0.06670945 0.9910604 -0.07098376 -0.1285217 0.9891631 -0.3143853 -0.1284362 0.9405669 -0.1296719 -0.07486122 0.988727 -0.3372489 -0.1947075 0.9210604 -0.6832266 -0.3944653 0.6144905 -0.7982265 -0.4608497 0.3878814 -0.7991332 -0.4609023 0.3859474 -0.8577539 -0.495734 0.1360367 -0.8582267 -0.495508 -0.1338613 -0.8577254 -0.4957485 -0.1361641 -0.7981819 -0.4608256 -0.388002 -0.6831982 -0.3944478 -0.6145334 -0.5221303 -0.3006556 -0.7981143 0.570452 0.3034747 -0.7632089 0.616374 0.345766 -0.7074809 0.6569684 0.3792998 -0.6515554 0.6074991 0.3608773 -0.7076104 0.7038068 0.3879828 -0.5950844 0.5050296 0.3025861 -0.8083235 0.551931 0.318662 -0.7706016 0.3437362 0.1984477 -0.9178584 0.1235945 0.06949996 -0.9898961 -0.1295171 -0.07459902 -0.9887671 -0.03619974 -0.04720193 -0.9982293 -0.3227275 -0.1465116 -0.9350836 -0.5313856 0.3078401 0.7892174 -0.3465669 0.1991071 0.9166504 -0.8399089 0.4793198 0.2545694 -0.7914124 0.4619638 0.4003196 -0.795748 0.4543843 -0.4003996 -0.8634721 0.498529 0.07671427 -0.8634594 0.4985209 0.07690894 -0.8634583 0.4985136 -0.07696866 -0.8445308 0.4875947 -0.2214027 -0.5519279 0.3186622 -0.7706037 -0.3437362 0.1984477 -0.9178584 -0.6075773 0.3608906 -0.7075365 -0.6569679 0.3792989 -0.6515562 -0.6163156 0.3457288 -0.7075499 -0.5704464 0.3034726 -0.7632138 -0.3437346 0.1984496 -0.9178586 -0.1220938 0.07229751 -0.9898819 0.1296743 -0.0748651 -0.9887264 0.09717601 -0.04394334 -0.9942967 0.3272079 -0.2023652 -0.9230294 0.266467 -0.1367633 -0.9540919 0.5215119 -0.3018804 -0.7980562 0.8581993 -0.4949298 -0.1361568 0.8581974 -0.4949843 0.1359703 0.6831566 -0.3944307 0.6145905 0.6818826 -0.3928754 0.616997 0.5214756 -0.301774 0.7981202 -0.2001605 0.08348834 0.9761996 -0.2746214 0.2033833 0.939797 -0.1152291 0.06652414 0.991109 -0.1679195 0.1258924 -0.9777292 -0.3071537 0.1338835 -0.9421952 -0.1155542 0.06670892 -0.9910587 0.07101935 -0.1285214 -0.9891605 0.3143817 -0.1284353 -0.9405682 0.1296746 -0.07486492 -0.9887264 0.5221536 -0.3006227 -0.7981114 0.6832276 -0.394462 -0.6144915 0.7982366 -0.4608551 -0.3878543 0.8577552 -0.4957392 -0.1360101 0.7991603 -0.4608743 0.3859247 0.7981802 -0.4608352 0.3879937 0.6831982 -0.3944505 0.6145316 0.6809239 -0.3940436 0.6173106 0.5221281 -0.3006528 0.7981168 -0.5704365 0.3034761 0.7632199 -0.6569655 0.379301 0.6515575 -0.5050133 0.3025913 0.8083317 -0.5519499 0.3186572 0.77059 -0.3437014 0.1984503 0.9178708 -0.3344524 0.1946763 0.9220861 -0.1235874 0.06950002 0.989897 -0.1159557 0.06679642 0.9910058 0.1294823 -0.07459497 0.988772</float_array>
          <technique_common>
            <accessor source="#tail_pipe_assem_-_circular_pipe-2_002-mesh-normals-array" count="1252" stride="3">
              <param name="X" type="float"/>
              <param name="Y" type="float"/>
              <param name="Z" type="float"/>
            </accessor>
          </technique_common>
        </source>
        <vertices id="tail_pipe_assem_-_circular_pipe-2_002-mesh-vertices">
          <input semantic="POSITION" source="#tail_pipe_assem_-_circular_pipe-2_002-mesh-positions"/>
        </vertices>
        <triangles material="Material_001-material" count="1496">
          <input semantic="VERTEX" source="#tail_pipe_assem_-_circular_pipe-2_002-mesh-vertices" offset="0"/>
          <input semantic="NORMAL" source="#tail_pipe_assem_-_circular_pipe-2_002-mesh-normals" offset="1"/>
          <p>0 0 1 0 2 0 3 1 4 1 5 1 6 2 7 2 8 2 9 3 10 3 11 3 12 4 13 4 14 4 15 5 16 5 17 5 18 6 19 6 20 6 21 7 22 7 23 7 23 8 22 8 24 8 23 9 24 9 25 9 18 10 20 10 26 10 26 11 20 11 27 11 26 12 27 12 28 12 28 13 27 13 29 13 28 14 29 14 21 14 21 15 29 15 30 15 21 16 30 16 22 16 25 17 24 17 31 17 31 18 24 18 32 18 31 19 32 19 33 19 34 20 35 20 36 20 36 21 35 21 37 21 36 22 37 22 38 22 38 23 37 23 39 23 38 24 39 24 40 24 41 25 42 25 43 25 41 26 43 26 44 26 43 27 45 27 44 27 44 28 45 28 46 28 44 29 46 29 36 29 36 30 46 30 47 30 36 31 47 31 34 31 48 32 49 32 50 32 51 33 52 33 53 33 17 34 16 34 53 34 53 35 16 35 54 35 53 36 54 36 51 36 18 37 55 37 19 37 19 38 55 38 56 38 19 39 56 39 57 39 57 40 56 40 58 40 56 41 59 41 58 41 58 42 59 42 48 42 58 43 48 43 60 43 60 44 48 44 50 44 60 45 50 45 52 45 49 46 61 46 50 46 50 47 61 47 62 47 50 48 62 48 41 48 41 49 62 49 63 49 41 50 63 50 42 50 64 51 65 51 66 51 67 52 68 52 69 52 69 53 68 53 70 53 69 54 70 54 71 54 67 55 72 55 68 55 68 56 72 56 73 56 68 57 73 57 74 57 75 58 68 58 76 58 76 59 68 59 74 59 76 60 74 60 77 60 77 61 74 61 78 61 77 62 78 62 79 62 79 63 78 63 80 63 79 64 80 64 65 64 65 65 80 65 81 65 65 66 81 66 66 66 82 67 83 67 84 67 84 68 83 68 85 68 84 69 85 69 86 69 87 70 88 70 70 70 70 71 88 71 89 71 70 72 89 72 71 72 90 73 91 73 92 73 92 74 91 74 93 74 92 75 93 75 87 75 87 76 93 76 94 76 87 77 94 77 88 77 95 78 96 78 97 78 97 79 96 79 98 79 97 80 98 80 92 80 92 81 98 81 99 81 92 82 99 82 90 82 100 83 101 83 95 83 95 84 101 84 102 84 95 85 102 85 103 85 103 86 102 86 104 86 103 87 104 87 105 87 64 88 66 88 106 88 106 89 66 89 107 89 106 90 107 90 108 90 108 91 107 91 109 91 108 92 109 92 110 92 110 93 109 93 111 93 110 94 111 94 112 94 112 95 111 95 113 95 112 96 113 96 105 96 105 97 113 97 114 97 105 98 114 98 103 98 115 99 116 99 17 99 17 100 116 100 117 100 17 101 117 101 15 101 32 102 118 102 33 102 33 103 118 103 119 103 33 104 119 104 120 104 120 105 119 105 121 105 120 106 121 106 122 106 122 107 121 107 123 107 122 108 123 108 124 108 124 109 125 109 122 109 122 110 125 110 126 110 122 111 126 111 115 111 115 112 126 112 127 112 115 113 127 113 116 113 82 114 128 114 83 114 83 115 128 115 129 115 83 116 129 116 130 116 131 117 132 117 133 117 133 118 132 118 134 118 133 119 134 119 100 119 100 120 134 120 135 120 100 121 135 121 101 121 129 122 136 122 130 122 130 123 136 123 137 123 130 124 137 124 133 124 133 125 137 125 138 125 133 126 138 126 131 126 139 127 140 127 141 127 139 128 141 128 142 128 2 129 1 129 141 129 141 130 1 130 143 130 141 131 143 131 142 131 144 132 145 132 146 132 146 133 145 133 147 133 146 134 147 134 148 134 149 135 150 135 151 135 151 136 150 136 145 136 151 137 145 137 152 137 152 138 145 138 144 138 148 139 147 139 153 139 153 140 147 140 154 140 153 141 154 141 155 141 155 142 154 142 156 142 155 143 156 143 13 143 13 144 156 144 157 144 13 145 157 145 14 145 158 146 159 146 160 146 161 147 162 147 160 147 160 148 162 148 163 148 160 149 163 149 158 149 164 150 165 150 160 150 160 151 165 151 166 151 160 152 166 152 161 152 167 153 168 153 169 153 169 154 170 154 167 154 167 155 170 155 171 155 167 156 171 156 172 156 172 157 171 157 173 157 12 158 14 158 174 158 174 159 14 159 175 159 174 160 175 160 176 160 176 161 175 161 177 161 176 162 177 162 178 162 178 163 177 163 179 163 178 164 179 164 180 164 180 165 179 165 181 165 180 166 181 166 173 166 173 167 181 167 182 167 173 168 182 168 172 168 183 169 160 169 168 169 168 170 160 170 159 170 168 171 159 171 169 171 183 172 184 172 185 172 185 173 184 173 186 173 186 174 187 174 185 174 185 175 187 175 188 175 185 176 188 176 189 176 189 177 188 177 190 177 149 178 191 178 150 178 150 179 191 179 192 179 150 180 192 180 164 180 164 181 192 181 193 181 164 182 193 182 165 182 194 183 195 183 196 183 196 184 195 184 197 184 196 185 197 185 198 185 11 186 10 186 196 186 196 187 10 187 199 187 196 188 199 188 194 188 198 189 200 189 201 189 202 190 200 190 203 190 204 191 205 191 206 191 202 192 203 192 205 192 205 193 203 193 207 193 205 194 207 194 206 194 202 195 208 195 200 195 200 196 208 196 209 196 200 197 209 197 201 197 201 198 209 198 210 198 201 199 210 199 211 199 211 200 212 200 201 200 201 201 212 201 213 201 201 202 213 202 214 202 9 203 11 203 215 203 215 204 11 204 216 204 215 205 216 205 217 205 218 206 219 206 220 206 220 207 219 207 221 207 220 208 221 208 222 208 223 209 224 209 225 209 225 210 226 210 223 210 223 211 226 211 227 211 223 212 227 212 228 212 228 213 227 213 229 213 230 214 220 214 224 214 224 215 220 215 222 215 224 216 222 216 225 216 231 217 232 217 233 217 233 218 234 218 231 218 231 219 234 219 235 219 231 220 235 220 216 220 216 221 235 221 236 221 216 222 236 222 217 222 204 223 206 223 237 223 237 224 206 224 238 224 237 225 238 225 239 225 239 226 238 226 240 226 239 227 240 227 241 227 241 228 240 228 242 228 241 229 242 229 243 229 243 230 242 230 244 230 243 231 244 231 245 231 245 232 244 232 246 232 245 233 246 233 229 233 229 234 246 234 247 234 229 235 247 235 228 235 248 236 249 236 250 236 248 237 250 237 251 237 8 238 7 238 250 238 250 239 7 239 252 239 250 240 252 240 251 240 249 241 253 241 254 241 254 242 255 242 256 242 257 243 258 243 259 243 259 244 258 244 254 244 259 245 254 245 260 245 260 246 254 246 256 246 261 247 262 247 8 247 8 248 262 248 263 248 8 249 263 249 6 249 264 250 265 250 266 250 267 251 268 251 266 251 266 252 268 252 269 252 266 253 269 253 264 253 267 254 266 254 270 254 270 255 266 255 271 255 270 256 271 256 272 256 273 257 274 257 275 257 275 258 276 258 273 258 273 259 276 259 277 259 273 260 277 260 278 260 278 261 277 261 279 261 280 262 266 262 274 262 274 263 266 263 265 263 274 264 265 264 275 264 281 265 282 265 283 265 283 266 282 266 284 266 284 267 285 267 283 267 283 268 285 268 286 268 283 269 286 269 261 269 261 270 286 270 287 270 261 271 287 271 262 271 255 272 254 272 288 272 288 273 254 273 253 273 288 274 253 274 289 274 289 275 253 275 290 275 289 276 290 276 291 276 291 277 290 277 292 277 291 278 292 278 4 278 4 279 292 279 293 279 4 280 293 280 5 280 3 281 5 281 294 281 294 282 5 282 295 282 294 283 295 283 296 283 296 284 295 284 297 284 296 285 297 285 298 285 298 286 297 286 299 286 298 287 299 287 300 287 300 288 299 288 301 288 300 289 301 289 279 289 279 290 301 290 302 290 279 291 302 291 278 291 303 292 304 292 305 292 305 293 304 293 306 293 305 294 306 294 307 294 308 295 309 295 310 295 310 296 309 296 311 296 312 297 313 297 314 297 308 298 310 298 313 298 313 299 310 299 315 299 313 300 315 300 314 300 316 301 305 301 309 301 309 302 305 302 307 302 309 303 307 303 311 303 316 304 317 304 318 304 318 305 317 305 319 305 320 306 321 306 322 306 322 307 321 307 318 307 322 308 318 308 323 308 323 309 318 309 319 309 324 310 325 310 326 310 326 311 325 311 327 311 327 312 328 312 326 312 326 313 328 313 329 313 326 314 329 314 305 314 305 315 329 315 330 315 305 316 330 316 303 316 331 317 332 317 333 317 333 318 332 318 334 318 333 319 334 319 335 319 336 320 337 320 333 320 333 321 337 321 338 321 333 322 338 322 331 322 339 323 340 323 341 323 339 324 341 324 342 324 342 325 341 325 343 325 342 326 343 326 344 326 312 327 314 327 345 327 345 328 314 328 346 328 345 329 346 329 347 329 347 330 346 330 348 330 347 331 348 331 349 331 349 332 348 332 350 332 349 333 350 333 351 333 351 334 350 334 352 334 351 335 352 335 353 335 353 336 352 336 354 336 353 337 354 337 344 337 344 338 354 338 355 338 344 339 355 339 342 339 339 340 356 340 340 340 340 341 356 341 357 341 340 342 357 342 358 342 358 343 357 343 359 343 358 344 359 344 360 344 360 345 361 345 358 345 358 346 361 346 362 346 358 347 362 347 324 347 324 348 362 348 363 348 324 349 363 349 325 349 190 350 364 350 189 350 189 351 364 351 365 351 189 352 365 352 2 352 2 353 365 353 366 353 2 354 366 354 0 354 213 355 367 355 214 355 214 356 367 356 368 356 214 357 368 357 369 357 369 358 368 358 370 358 370 359 371 359 369 359 369 360 371 360 372 360 369 361 372 361 220 361 220 362 372 362 373 362 220 363 373 363 218 363 257 364 374 364 258 364 258 365 374 365 375 365 258 366 375 366 271 366 271 367 375 367 376 367 271 368 376 368 272 368 320 369 377 369 321 369 321 370 377 370 378 370 321 371 378 371 336 371 336 372 378 372 379 372 336 373 379 373 337 373 249 374 254 374 250 374 250 375 254 375 380 375 250 376 380 376 381 376 381 377 380 377 382 377 381 378 382 378 383 378 383 379 382 379 333 379 383 380 333 380 358 380 358 381 333 381 335 381 358 382 335 382 340 382 183 383 185 383 160 383 160 384 185 384 384 384 160 385 384 385 385 385 385 386 384 386 266 386 385 387 266 387 283 387 283 388 266 388 280 388 283 389 280 389 281 389 198 390 201 390 196 390 196 391 201 391 386 391 196 392 386 392 387 392 387 393 386 393 388 393 387 394 388 394 389 394 389 395 388 395 141 395 389 396 141 396 145 396 145 397 141 397 140 397 145 398 140 398 147 398 52 399 50 399 53 399 53 400 50 400 220 400 53 401 220 401 231 401 231 402 220 402 230 402 231 403 230 403 232 403 95 404 97 404 100 404 100 405 97 405 390 405 100 406 390 406 391 406 391 407 390 407 38 407 391 408 38 408 120 408 120 409 38 409 40 409 120 410 40 410 33 410 316 411 318 411 305 411 305 412 318 412 68 412 305 413 68 413 85 413 85 414 68 414 75 414 85 415 75 415 86 415 336 416 392 416 321 416 321 417 392 417 393 417 321 418 393 418 318 418 318 412 393 412 394 412 318 419 394 419 68 419 68 420 394 420 395 420 68 421 395 421 70 421 70 422 395 422 396 422 70 423 396 423 87 423 87 424 396 424 397 424 87 425 397 425 92 425 92 426 397 426 398 426 92 427 398 427 97 427 97 428 398 428 399 428 97 405 399 405 390 405 390 407 399 407 400 407 390 429 400 429 38 429 38 430 400 430 401 430 38 431 401 431 36 431 36 432 401 432 402 432 36 433 402 433 44 433 44 434 402 434 403 434 44 435 403 435 41 435 41 436 403 436 404 436 41 437 404 437 50 437 50 438 404 438 405 438 50 439 405 439 220 439 220 440 405 440 406 440 220 441 406 441 369 441 369 442 406 442 407 442 369 443 407 443 214 443 214 444 407 444 408 444 214 445 408 445 201 445 201 446 408 446 409 446 201 447 409 447 386 447 386 448 409 448 410 448 386 449 410 449 388 449 388 450 410 450 411 450 388 451 411 451 141 451 141 452 411 452 412 452 141 453 412 453 2 453 2 454 412 454 413 454 2 455 413 455 189 455 189 456 413 456 414 456 189 457 414 457 185 457 185 458 414 458 415 458 185 459 415 459 384 459 384 460 415 460 416 460 384 461 416 461 266 461 266 462 416 462 417 462 266 463 417 463 271 463 271 464 417 464 418 464 271 464 418 464 258 464 258 465 418 465 419 465 258 466 419 466 254 466 254 467 419 467 420 467 254 468 420 468 380 468 380 377 420 377 421 377 380 469 421 469 382 469 382 470 421 470 422 470 382 471 422 471 333 471 333 472 422 472 423 472 333 473 423 473 336 473 336 474 423 474 392 474 424 475 398 475 425 475 425 475 398 475 397 475 425 475 397 475 426 475 426 475 397 475 396 475 426 476 396 476 427 476 427 475 396 475 395 475 427 475 395 475 428 475 428 475 395 475 394 475 428 475 394 475 429 475 429 477 394 477 393 477 429 478 393 478 430 478 430 475 393 475 392 475 430 475 392 475 431 475 431 475 392 475 423 475 431 475 423 475 432 475 432 475 423 475 422 475 432 475 422 475 433 475 433 475 422 475 421 475 433 475 421 475 434 475 434 475 421 475 420 475 434 475 420 475 435 475 435 479 420 479 419 479 435 480 419 480 436 480 436 475 419 475 418 475 436 475 418 475 437 475 437 475 418 475 417 475 437 481 417 481 438 481 438 482 417 482 416 482 438 475 416 475 439 475 416 475 415 475 439 475 439 475 415 475 414 475 439 475 414 475 440 475 440 475 414 475 413 475 440 475 413 475 441 475 441 475 413 475 412 475 441 475 412 475 442 475 442 475 412 475 411 475 442 475 411 475 443 475 443 483 411 483 410 483 443 475 410 475 444 475 444 475 410 475 409 475 444 475 409 475 445 475 445 475 409 475 408 475 445 475 408 475 446 475 446 475 408 475 407 475 446 475 407 475 447 475 447 475 407 475 406 475 447 484 406 484 448 484 448 475 406 475 405 475 448 475 405 475 449 475 449 475 405 475 404 475 449 475 404 475 450 475 450 485 404 485 403 485 450 486 403 486 451 486 451 475 403 475 402 475 451 487 402 487 452 487 452 475 402 475 401 475 452 488 401 488 453 488 453 489 401 489 400 489 453 475 400 475 424 475 424 475 400 475 399 475 424 475 399 475 398 475 454 490 391 490 455 490 455 491 391 491 120 491 455 490 120 490 456 490 456 492 120 492 122 492 456 490 122 490 457 490 457 493 122 493 115 493 457 494 115 494 458 494 458 490 115 490 17 490 458 495 17 495 459 495 459 496 17 496 53 496 459 490 53 490 460 490 460 497 53 497 231 497 460 490 231 490 461 490 461 490 231 490 216 490 461 490 216 490 462 490 462 490 216 490 11 490 462 490 11 490 463 490 463 490 11 490 196 490 463 490 196 490 464 490 464 490 196 490 387 490 464 490 387 490 465 490 465 490 387 490 389 490 465 490 389 490 466 490 466 490 389 490 145 490 466 498 145 498 467 498 467 490 145 490 150 490 467 499 150 499 468 499 468 490 150 490 164 490 468 490 164 490 469 490 164 490 160 490 469 490 469 500 160 500 385 500 469 490 385 490 470 490 470 501 385 501 283 501 470 490 283 490 471 490 471 502 283 502 261 502 471 490 261 490 472 490 472 490 261 490 8 490 472 503 8 503 473 503 473 504 8 504 250 504 473 490 250 490 474 490 474 505 250 505 381 505 474 506 381 506 475 506 475 507 381 507 383 507 475 490 383 490 476 490 476 490 383 490 358 490 476 490 358 490 477 490 477 490 358 490 324 490 477 490 324 490 478 490 478 490 324 490 326 490 478 490 326 490 479 490 479 490 326 490 305 490 479 490 305 490 480 490 480 490 305 490 85 490 480 490 85 490 481 490 481 490 85 490 83 490 481 508 83 508 482 508 482 490 83 490 130 490 482 509 130 509 483 509 483 490 130 490 133 490 483 490 133 490 454 490 454 510 133 510 100 510 454 511 100 511 391 511 484 512 485 512 486 512 484 513 486 513 487 513 487 514 486 514 488 514 487 515 488 515 489 515 490 516 491 516 450 516 490 517 450 517 492 517 451 518 493 518 450 518 450 519 493 519 494 519 450 520 494 520 492 520 458 521 495 521 496 521 489 522 488 522 497 522 497 523 488 523 498 523 497 524 498 524 499 524 499 525 498 525 500 525 499 526 500 526 501 526 501 527 500 527 502 527 501 528 502 528 503 528 503 529 502 529 504 529 503 530 504 530 505 530 504 531 506 531 505 531 505 532 506 532 507 532 505 533 507 533 496 533 496 534 507 534 508 534 496 535 508 535 458 535 458 536 508 536 509 536 458 537 509 537 510 537 510 538 511 538 458 538 458 539 511 539 512 539 458 540 512 540 457 540 453 541 513 541 452 541 452 542 513 542 514 542 452 543 514 543 451 543 451 544 514 544 515 544 451 545 515 545 493 545 424 546 516 546 453 546 453 547 516 547 517 547 453 548 517 548 513 548 425 549 518 549 424 549 424 550 518 550 519 550 424 551 519 551 516 551 426 552 520 552 425 552 425 553 520 553 521 553 425 554 521 554 518 554 522 555 523 555 481 555 482 556 524 556 481 556 481 557 524 557 525 557 481 558 525 558 522 558 523 559 526 559 481 559 481 560 526 560 527 560 481 561 527 561 528 561 528 562 527 562 529 562 528 563 529 563 530 563 485 564 484 564 531 564 531 565 484 565 532 565 531 566 532 566 533 566 533 567 532 567 534 567 533 568 534 568 535 568 535 569 534 569 536 569 535 570 536 570 537 570 537 571 536 571 538 571 537 572 538 572 539 572 539 573 538 573 540 573 539 574 540 574 541 574 541 575 540 575 542 575 541 576 542 576 543 576 543 577 542 577 544 577 543 578 544 578 545 578 545 579 544 579 546 579 545 580 546 580 530 580 530 581 546 581 547 581 530 582 547 582 528 582 548 583 549 583 427 583 427 584 549 584 550 584 550 585 551 585 427 585 427 586 551 586 552 586 427 587 552 587 426 587 426 588 552 588 553 588 426 589 553 589 520 589 454 590 554 590 483 590 483 591 554 591 555 591 483 592 555 592 482 592 482 593 555 593 556 593 482 594 556 594 524 594 455 595 557 595 454 595 454 596 557 596 558 596 454 597 558 597 554 597 456 598 559 598 455 598 455 599 559 599 560 599 455 600 560 600 557 600 512 601 561 601 457 601 457 602 561 602 562 602 457 603 562 603 456 603 456 604 562 604 563 604 456 605 563 605 559 605 464 606 564 606 463 606 463 607 564 607 565 607 463 608 565 608 462 608 465 609 566 609 464 609 464 610 566 610 567 610 464 611 567 611 564 611 466 612 568 612 465 612 465 613 568 613 569 613 465 614 569 614 566 614 467 615 570 615 466 615 466 616 570 616 571 616 466 617 571 617 568 617 572 618 573 618 440 618 572 619 440 619 574 619 441 620 575 620 440 620 440 621 575 621 576 621 440 622 576 622 574 622 577 623 578 623 579 623 579 624 578 624 580 624 580 625 578 625 581 625 581 626 578 626 582 626 581 627 582 627 468 627 468 628 582 628 583 628 468 629 583 629 584 629 584 630 585 630 468 630 468 631 585 631 586 631 468 632 586 632 467 632 467 633 586 633 587 633 467 634 587 634 570 634 577 635 579 635 588 635 588 636 579 636 589 636 588 637 589 637 590 637 590 638 589 638 591 638 590 639 591 639 592 639 592 640 591 640 593 640 592 641 593 641 594 641 594 642 593 642 595 642 594 643 595 643 596 643 596 644 595 644 597 644 596 645 597 645 598 645 598 646 597 646 599 646 598 647 599 647 600 647 600 648 599 648 601 648 600 649 601 649 602 649 602 650 601 650 603 650 602 651 603 651 604 651 603 652 605 652 604 652 604 653 605 653 606 653 604 654 606 654 607 654 607 655 606 655 608 655 607 656 608 656 609 656 610 657 611 657 461 657 461 658 611 658 612 658 461 659 612 659 613 659 565 660 614 660 462 660 462 661 614 661 615 661 462 662 615 662 461 662 461 663 615 663 616 663 461 664 616 664 610 664 617 665 618 665 619 665 617 666 619 666 620 666 619 667 621 667 620 667 620 668 621 668 622 668 620 669 622 669 623 669 623 670 622 670 624 670 609 671 608 671 625 671 625 672 608 672 626 672 625 673 626 673 627 673 627 674 626 674 628 674 627 675 628 675 624 675 624 676 628 676 629 676 624 677 629 677 623 677 618 678 630 678 447 678 447 679 630 679 631 679 631 680 632 680 447 680 447 681 632 681 633 681 447 682 633 682 446 682 474 683 475 683 634 683 476 684 635 684 475 684 475 685 635 685 636 685 475 686 636 686 634 686 477 687 637 687 476 687 476 688 637 688 638 688 476 689 638 689 635 689 639 690 640 690 430 690 639 691 430 691 641 691 431 692 642 692 430 692 430 693 642 693 643 693 430 694 643 694 641 694 644 695 645 695 646 695 646 696 645 696 647 696 647 697 645 697 648 697 648 698 645 698 649 698 648 699 649 699 478 699 478 700 649 700 650 700 478 701 650 701 651 701 651 702 652 702 478 702 478 703 652 703 653 703 478 704 653 704 477 704 477 705 653 705 654 705 477 706 654 706 637 706 644 707 646 707 655 707 655 708 646 708 656 708 655 709 656 709 657 709 657 710 656 710 658 710 657 711 658 711 659 711 659 712 658 712 660 712 659 713 660 713 661 713 661 714 660 714 662 714 661 715 662 715 663 715 662 716 664 716 663 716 663 717 664 717 665 717 663 718 665 718 666 718 666 719 665 719 667 719 666 720 667 720 668 720 669 721 670 721 471 721 472 722 671 722 471 722 471 723 671 723 672 723 471 724 672 724 669 724 670 725 673 725 471 725 471 726 673 726 674 726 471 727 674 727 675 727 675 728 674 728 676 728 675 729 676 729 677 729 676 730 678 730 677 730 677 731 678 731 679 731 677 732 679 732 680 732 680 733 679 733 681 733 668 734 667 734 682 734 682 735 667 735 683 735 682 736 683 736 684 736 684 737 683 737 685 737 684 738 685 738 686 738 686 739 685 739 687 739 686 740 687 740 688 740 688 741 687 741 689 741 688 742 689 742 690 742 690 743 689 743 691 743 690 744 691 744 692 744 692 745 691 745 693 745 692 746 693 746 681 746 681 747 693 747 694 747 681 748 694 748 680 748 695 749 696 749 437 749 437 750 696 750 697 750 697 751 698 751 437 751 437 752 698 752 699 752 437 753 699 753 436 753 634 754 700 754 474 754 474 755 700 755 701 755 474 756 701 756 473 756 473 757 701 757 702 757 473 758 702 758 472 758 472 759 702 759 703 759 472 760 703 760 671 760 443 761 704 761 442 761 442 762 704 762 705 762 442 763 705 763 441 763 441 764 705 764 706 764 441 765 706 765 575 765 444 766 707 766 443 766 443 767 707 767 708 767 443 768 708 768 704 768 445 769 709 769 444 769 444 770 709 770 710 770 444 771 710 771 707 771 633 772 711 772 446 772 446 773 711 773 712 773 446 774 712 774 445 774 445 775 712 775 713 775 445 776 713 776 709 776 433 777 714 777 432 777 432 778 714 778 715 778 432 779 715 779 431 779 431 780 715 780 716 780 431 781 716 781 642 781 434 782 717 782 433 782 433 783 717 783 718 783 433 784 718 784 714 784 435 785 719 785 434 785 434 786 719 786 720 786 434 787 720 787 717 787 699 788 721 788 436 788 436 789 721 789 722 789 436 790 722 790 435 790 435 791 722 791 723 791 435 792 723 792 719 792 491 793 495 793 450 793 450 794 495 794 458 794 450 795 458 795 449 795 449 796 458 796 459 796 449 797 459 797 448 797 448 798 459 798 460 798 448 799 460 799 447 799 447 800 460 800 461 800 447 801 461 801 618 801 618 802 461 802 613 802 618 803 613 803 619 803 528 804 548 804 481 804 481 805 548 805 427 805 481 806 427 806 480 806 480 807 427 807 428 807 480 808 428 808 479 808 479 809 428 809 429 809 479 810 429 810 478 810 478 811 429 811 430 811 478 812 430 812 648 812 648 813 430 813 640 813 675 814 695 814 471 814 471 815 695 815 437 815 471 816 437 816 470 816 470 817 437 817 438 817 470 818 438 818 469 818 469 818 438 818 439 818 469 819 439 819 468 819 468 820 439 820 440 820 468 627 440 627 581 627 581 821 440 821 573 821 536 822 534 822 114 822 540 823 538 823 111 823 111 824 538 824 536 824 111 825 536 825 113 825 113 826 536 826 114 826 532 827 484 827 25 827 25 828 484 828 487 828 98 829 37 829 99 829 99 830 37 830 35 830 99 831 35 831 90 831 534 832 532 832 114 832 114 833 532 833 25 833 114 834 25 834 103 834 103 835 25 835 31 835 103 836 31 836 95 836 95 837 31 837 33 837 95 838 33 838 96 838 96 839 33 839 40 839 96 840 40 840 98 840 98 841 40 841 39 841 98 842 39 842 37 842 513 843 517 843 35 843 35 844 517 844 516 844 35 845 516 845 90 845 90 846 516 846 519 846 90 847 519 847 518 847 548 848 72 848 549 848 549 849 72 849 67 849 549 850 67 850 550 850 550 851 67 851 69 851 550 852 69 852 551 852 551 853 69 853 71 853 551 854 71 854 552 854 552 855 71 855 89 855 552 856 89 856 553 856 553 857 89 857 88 857 553 858 88 858 520 858 520 859 88 859 94 859 520 860 94 860 521 860 521 861 94 861 93 861 521 862 93 862 518 862 518 863 93 863 91 863 518 864 91 864 90 864 111 865 109 865 540 865 540 866 109 866 107 866 540 867 107 867 542 867 542 868 107 868 544 868 107 869 66 869 544 869 544 870 66 870 81 870 544 871 81 871 546 871 546 872 81 872 80 872 546 873 80 873 547 873 547 874 80 874 78 874 547 875 78 875 528 875 528 876 78 876 74 876 528 877 74 877 548 877 548 878 74 878 73 878 548 879 73 879 72 879 35 880 34 880 513 880 513 881 34 881 47 881 513 862 47 862 514 862 514 882 47 882 515 882 47 883 46 883 515 883 515 859 46 859 45 859 515 884 45 884 493 884 493 885 45 885 494 885 45 886 43 886 494 886 494 887 43 887 42 887 494 888 42 888 492 888 492 889 42 889 63 889 492 890 63 890 490 890 490 851 63 851 62 851 490 891 62 891 491 891 491 892 62 892 61 892 491 893 61 893 495 893 61 894 49 894 495 894 495 895 49 895 48 895 495 896 48 896 496 896 496 897 48 897 59 897 496 898 59 898 505 898 505 874 59 874 56 874 505 899 56 899 503 899 503 900 56 900 55 900 503 901 55 901 501 901 501 902 55 902 18 902 501 903 18 903 499 903 499 904 18 904 26 904 499 867 26 867 497 867 497 866 26 866 28 866 497 905 28 905 489 905 489 906 28 906 21 906 489 907 21 907 487 907 487 908 21 908 23 908 487 909 23 909 25 909 554 822 558 822 132 822 556 910 555 910 138 910 138 824 555 824 554 824 138 825 554 825 131 825 131 826 554 826 132 826 557 827 560 827 124 827 124 828 560 828 559 828 102 829 32 829 104 829 104 830 32 830 24 830 104 831 24 831 105 831 558 911 557 911 132 911 132 833 557 833 124 833 132 834 124 834 134 834 134 835 124 835 123 835 134 836 123 836 135 836 135 837 123 837 121 837 135 838 121 838 101 838 101 839 121 839 119 839 101 840 119 840 102 840 102 841 119 841 118 841 102 842 118 842 32 842 486 843 485 843 24 843 24 912 485 912 531 912 24 845 531 845 105 845 105 913 531 913 533 913 105 847 533 847 535 847 527 848 76 848 529 848 529 849 76 849 77 849 529 850 77 850 530 850 530 851 77 851 79 851 530 914 79 914 545 914 545 915 79 915 65 915 545 916 65 916 543 916 543 855 65 855 64 855 543 856 64 856 541 856 541 857 64 857 106 857 541 858 106 858 539 858 539 859 106 859 108 859 539 860 108 860 537 860 537 861 108 861 110 861 537 862 110 862 535 862 535 863 110 863 112 863 535 864 112 864 105 864 138 917 137 917 556 917 556 866 137 866 136 866 556 918 136 918 524 918 524 919 136 919 525 919 136 920 129 920 525 920 525 870 129 870 128 870 525 871 128 871 522 871 522 921 128 921 82 921 522 873 82 873 523 873 523 874 82 874 84 874 523 875 84 875 526 875 526 876 84 876 86 876 526 877 86 877 527 877 527 878 86 878 75 878 527 879 75 879 76 879 24 922 22 922 486 922 486 923 22 923 30 923 486 862 30 862 488 862 488 924 30 924 498 924 30 925 29 925 498 925 498 859 29 859 27 859 498 884 27 884 500 884 500 926 27 926 502 926 27 927 20 927 502 927 502 928 20 928 19 928 502 888 19 888 504 888 504 929 19 929 57 929 504 890 57 890 506 890 506 851 57 851 58 851 506 891 58 891 507 891 507 892 58 892 60 892 507 893 60 893 508 893 60 894 52 894 508 894 508 895 52 895 51 895 508 896 51 896 509 896 509 897 51 897 54 897 509 898 54 898 510 898 510 874 54 874 16 874 510 899 16 899 511 899 511 930 16 930 15 930 511 901 15 901 512 901 512 931 15 931 117 931 512 932 117 932 561 932 561 933 117 933 116 933 561 934 116 934 562 934 562 866 116 866 127 866 562 935 127 935 563 935 563 906 127 906 126 906 563 907 126 907 559 907 559 908 126 908 125 908 559 909 125 909 124 909 207 936 203 936 155 936 155 937 203 937 200 937 155 938 200 938 153 938 153 939 200 939 148 939 155 940 13 940 598 940 598 941 13 941 12 941 598 942 12 942 596 942 598 943 600 943 155 943 155 944 600 944 602 944 155 945 602 945 207 945 207 946 602 946 604 946 207 947 604 947 607 947 624 948 244 948 627 948 627 949 244 949 242 949 627 950 242 950 625 950 625 951 242 951 240 951 625 952 240 952 609 952 609 953 240 953 238 953 609 954 238 954 607 954 607 955 238 955 206 955 607 956 206 956 207 956 613 957 224 957 619 957 619 958 224 958 223 958 619 959 223 959 621 959 621 960 223 960 228 960 621 961 228 961 622 961 622 962 228 962 247 962 622 963 247 963 624 963 624 964 247 964 246 964 624 965 246 965 244 965 616 966 235 966 610 966 610 967 235 967 234 967 610 968 234 968 611 968 611 969 234 969 233 969 611 970 233 970 612 970 612 971 233 971 232 971 612 972 232 972 613 972 613 973 232 973 230 973 613 974 230 974 224 974 215 975 217 975 616 975 616 976 217 976 236 976 616 977 236 977 235 977 616 978 615 978 215 978 215 979 615 979 614 979 215 980 614 980 9 980 9 981 614 981 10 981 614 982 565 982 10 982 10 983 565 983 564 983 10 984 564 984 199 984 199 985 564 985 194 985 151 986 152 986 194 986 194 987 152 987 144 987 194 988 144 988 195 988 148 989 200 989 146 989 146 990 200 990 198 990 146 991 198 991 144 991 144 992 198 992 197 992 144 993 197 993 195 993 596 994 12 994 594 994 594 995 12 995 174 995 594 996 174 996 176 996 178 997 590 997 176 997 176 998 590 998 592 998 176 999 592 999 594 999 178 1000 180 1000 590 1000 590 1001 180 1001 173 1001 590 1002 173 1002 588 1002 588 1003 173 1003 171 1003 588 1004 171 1004 577 1004 577 1005 171 1005 170 1005 577 1006 170 1006 578 1006 578 1007 170 1007 169 1007 578 1008 169 1008 582 1008 169 1009 159 1009 582 1009 582 1010 159 1010 158 1010 582 1011 158 1011 583 1011 583 1012 158 1012 163 1012 583 1013 163 1013 584 1013 584 1014 163 1014 162 1014 584 1015 162 1015 585 1015 585 1016 162 1016 161 1016 585 1017 161 1017 586 1017 564 1018 567 1018 194 1018 194 1019 567 1019 566 1019 194 1020 566 1020 151 1020 151 1021 566 1021 569 1021 151 1022 569 1022 149 1022 149 1023 569 1023 568 1023 149 1024 568 1024 191 1024 191 1025 568 1025 571 1025 191 1026 571 1026 192 1026 192 1027 571 1027 570 1027 192 1028 570 1028 193 1028 193 1029 570 1029 587 1029 193 1030 587 1030 165 1030 165 1031 587 1031 586 1031 165 1032 586 1032 166 1032 166 1033 586 1033 161 1033 659 1034 661 1034 350 1034 635 1035 362 1035 361 1035 342 1036 355 1036 666 1036 666 1037 355 1037 354 1037 666 1038 354 1038 663 1038 292 1039 290 1039 342 1039 342 1040 290 1040 253 1040 342 1041 253 1041 339 1041 339 1042 253 1042 356 1042 361 1043 360 1043 252 1043 252 1044 360 1044 359 1044 252 1045 359 1045 251 1045 356 1046 253 1046 357 1046 357 1047 253 1047 249 1047 357 1048 249 1048 359 1048 359 1049 249 1049 248 1049 359 1050 248 1050 251 1050 252 1051 7 1051 701 1051 701 1052 7 1052 6 1052 701 1053 6 1053 702 1053 701 1054 700 1054 252 1054 252 1055 700 1055 634 1055 252 1056 634 1056 361 1056 361 1057 634 1057 636 1057 361 1058 636 1058 635 1058 362 1059 635 1059 363 1059 363 1060 635 1060 638 1060 363 1061 638 1061 325 1061 325 1062 638 1062 637 1062 325 1063 637 1063 327 1063 327 1064 637 1064 654 1064 327 1065 654 1065 328 1065 328 1066 654 1066 653 1066 328 1067 653 1067 329 1067 329 1068 653 1068 330 1068 330 1069 653 1069 652 1069 330 1070 652 1070 303 1070 303 1071 652 1071 651 1071 303 1072 651 1072 304 1072 304 1073 651 1073 650 1073 304 1074 650 1074 306 1074 306 1075 650 1075 649 1075 306 1076 649 1076 307 1076 307 1077 649 1077 311 1077 311 1078 649 1078 645 1078 311 1079 645 1079 310 1079 310 1080 645 1080 644 1080 310 1081 644 1081 315 1081 315 1082 644 1082 655 1082 315 1083 655 1083 314 1083 314 1084 655 1084 657 1084 314 1085 657 1085 346 1085 659 1086 350 1086 657 1086 657 1087 350 1087 348 1087 657 1088 348 1088 346 1088 663 1089 354 1089 661 1089 661 1090 354 1090 352 1090 661 1091 352 1091 350 1091 702 1092 6 1092 703 1092 703 1093 6 1093 263 1093 703 1094 263 1094 262 1094 287 1095 672 1095 262 1095 262 1096 672 1096 671 1096 262 1097 671 1097 703 1097 287 1098 286 1098 672 1098 672 1099 286 1099 285 1099 672 1100 285 1100 669 1100 669 1101 285 1101 284 1101 669 1102 284 1102 670 1102 670 1103 284 1103 282 1103 670 1104 282 1104 673 1104 673 1105 282 1105 281 1105 673 1106 281 1106 674 1106 281 1107 280 1107 674 1107 674 1108 280 1108 274 1108 674 1109 274 1109 676 1109 676 1110 274 1110 273 1110 676 1111 273 1111 678 1111 678 1112 273 1112 278 1112 678 1113 278 1113 679 1113 679 1114 278 1114 302 1114 679 1115 302 1115 681 1115 666 1116 668 1116 342 1116 342 1117 668 1117 682 1117 342 1118 682 1118 292 1118 292 1119 682 1119 684 1119 292 1120 684 1120 293 1120 293 1121 684 1121 686 1121 293 1122 686 1122 5 1122 5 1123 686 1123 688 1123 5 1124 688 1124 295 1124 295 1125 688 1125 690 1125 295 1126 690 1126 297 1126 297 1127 690 1127 692 1127 297 1128 692 1128 299 1128 299 1129 692 1129 681 1129 299 1130 681 1130 301 1130 301 1131 681 1131 302 1131 212 936 211 936 143 936 143 1132 211 1132 210 1132 143 1133 210 1133 142 1133 142 1134 210 1134 139 1134 143 1135 1 1135 704 1135 704 1136 1 1136 0 1136 704 1137 0 1137 705 1137 704 943 708 943 143 943 143 1138 708 1138 707 1138 143 945 707 945 212 945 212 1139 707 1139 710 1139 212 1140 710 1140 709 1140 633 948 371 948 711 948 711 949 371 949 370 949 711 950 370 950 712 950 712 1141 370 1141 368 1141 712 1142 368 1142 713 1142 713 1143 368 1143 367 1143 713 1144 367 1144 709 1144 709 1145 367 1145 213 1145 709 1146 213 1146 212 1146 618 1147 221 1147 630 1147 630 1148 221 1148 219 1148 630 1149 219 1149 631 1149 631 1150 219 1150 218 1150 631 1151 218 1151 632 1151 632 1152 218 1152 373 1152 632 1153 373 1153 633 1153 633 964 373 964 372 964 633 965 372 965 371 965 629 1154 229 1154 623 1154 623 1155 229 1155 227 1155 623 1156 227 1156 620 1156 620 1157 227 1157 226 1157 620 970 226 970 617 970 617 971 226 971 225 971 617 972 225 972 618 972 618 973 225 973 222 973 618 974 222 974 221 974 241 975 243 975 629 975 629 976 243 976 245 976 629 977 245 977 229 977 629 1158 628 1158 241 1158 241 1159 628 1159 626 1159 241 980 626 980 239 980 239 1160 626 1160 237 1160 626 1161 608 1161 237 1161 237 1162 608 1162 606 1162 237 984 606 984 204 984 204 985 606 985 205 985 156 1163 154 1163 205 1163 205 1164 154 1164 147 1164 205 1165 147 1165 202 1165 139 1166 210 1166 140 1166 140 1167 210 1167 209 1167 140 991 209 991 147 991 147 1168 209 1168 208 1168 147 1169 208 1169 202 1169 705 1170 0 1170 706 1170 706 1171 0 1171 366 1171 706 1172 366 1172 365 1172 364 1173 576 1173 365 1173 365 1174 576 1174 575 1174 365 1175 575 1175 706 1175 364 1000 190 1000 576 1000 576 1176 190 1176 188 1176 576 1002 188 1002 574 1002 574 1003 188 1003 187 1003 574 1004 187 1004 572 1004 572 1177 187 1177 186 1177 572 1178 186 1178 573 1178 573 1179 186 1179 184 1179 573 1180 184 1180 581 1180 184 1009 183 1009 581 1009 581 1181 183 1181 168 1181 581 1182 168 1182 580 1182 580 1012 168 1012 167 1012 580 1183 167 1183 579 1183 579 1184 167 1184 172 1184 579 1015 172 1015 589 1015 589 1185 172 1185 182 1185 589 1017 182 1017 591 1017 606 1186 605 1186 205 1186 205 1187 605 1187 603 1187 205 1188 603 1188 156 1188 156 1189 603 1189 601 1189 156 1190 601 1190 157 1190 157 1191 601 1191 599 1191 157 1192 599 1192 14 1192 14 1193 599 1193 597 1193 14 1026 597 1026 175 1026 175 1194 597 1194 595 1194 175 1028 595 1028 177 1028 177 1195 595 1195 593 1195 177 1196 593 1196 179 1196 179 1197 593 1197 591 1197 179 1032 591 1032 181 1032 181 1033 591 1033 182 1033 642 1034 716 1034 378 1034 665 1035 344 1035 343 1035 331 1036 338 1036 714 1036 714 1198 338 1198 337 1198 714 1199 337 1199 715 1199 259 1039 260 1039 331 1039 331 1200 260 1200 256 1200 331 1201 256 1201 332 1201 332 1042 256 1042 334 1042 343 1043 341 1043 291 1043 291 1044 341 1044 340 1044 291 1202 340 1202 289 1202 334 1203 256 1203 335 1203 335 1204 256 1204 255 1204 335 1048 255 1048 340 1048 340 1205 255 1205 288 1205 340 1206 288 1206 289 1206 291 1051 4 1051 687 1051 687 1207 4 1207 3 1207 687 1208 3 1208 689 1208 687 1054 685 1054 291 1054 291 1209 685 1209 683 1209 291 1210 683 1210 343 1210 343 1211 683 1211 667 1211 343 1212 667 1212 665 1212 344 1059 665 1059 353 1059 353 1213 665 1213 664 1213 353 1061 664 1061 351 1061 351 1214 664 1214 662 1214 351 1063 662 1063 349 1063 349 1215 662 1215 660 1215 349 1216 660 1216 347 1216 347 1217 660 1217 658 1217 347 1218 658 1218 345 1218 345 1068 658 1068 312 1068 312 1069 658 1069 656 1069 312 1219 656 1219 313 1219 313 1071 656 1071 646 1071 313 1072 646 1072 308 1072 308 1073 646 1073 647 1073 308 1074 647 1074 309 1074 309 1220 647 1220 648 1220 309 1076 648 1076 316 1076 316 1077 648 1077 317 1077 317 1221 648 1221 640 1221 317 1079 640 1079 319 1079 319 1080 640 1080 639 1080 319 1222 639 1222 323 1222 323 1223 639 1223 641 1223 323 1224 641 1224 322 1224 322 1084 641 1084 643 1084 322 1085 643 1085 320 1085 642 1086 378 1086 643 1086 643 1087 378 1087 377 1087 643 1088 377 1088 320 1088 715 1225 337 1225 716 1225 716 1226 337 1226 379 1226 716 1227 379 1227 378 1227 689 1228 3 1228 691 1228 691 1229 3 1229 294 1229 691 1230 294 1230 296 1230 298 1231 694 1231 296 1231 296 1232 694 1232 693 1232 296 1233 693 1233 691 1233 298 1098 300 1098 694 1098 694 1099 300 1099 279 1099 694 1100 279 1100 680 1100 680 1234 279 1234 277 1234 680 1102 277 1102 677 1102 677 1235 277 1235 276 1235 677 1236 276 1236 675 1236 675 1105 276 1105 275 1105 675 1237 275 1237 695 1237 275 1107 265 1107 695 1107 695 1108 265 1108 264 1108 695 1109 264 1109 696 1109 696 1238 264 1238 269 1238 696 1239 269 1239 697 1239 697 1240 269 1240 268 1240 697 1241 268 1241 698 1241 698 1242 268 1242 267 1242 698 1115 267 1115 699 1115 714 1243 718 1243 331 1243 331 1117 718 1117 717 1117 331 1244 717 1244 259 1244 259 1119 717 1119 720 1119 259 1120 720 1120 257 1120 257 1245 720 1245 719 1245 257 1246 719 1246 374 1246 374 1247 719 1247 723 1247 374 1248 723 1248 375 1248 375 1249 723 1249 722 1249 375 1250 722 1250 376 1250 376 1251 722 1251 721 1251 376 1128 721 1128 272 1128 272 1129 721 1129 699 1129 272 1130 699 1130 270 1130 270 1131 699 1131 267 1131</p>
        </triangles>
      </mesh>
    </geometry>
  </library_geometries>
  <library_visual_scenes>
    <visual_scene id="Scene" name="Scene">
      <node id="tail_pipe_assem_-_tptp_bearing-4_via_unit_needle_pulley-2" name="tail_pipe_assem - tptp_bearing-4 via_unit_needle_pulley-2" type="NODE">
        <matrix sid="transform">0.001 0 0 -0.04800755 0 0.001 0 -0.03505503 0 0 0.001 -0.01005943 0 0 0 1</matrix>
        <instance_geometry url="#tail_pipe_assem_-_tptp_bearing-4_via_unit_needle_pulley-2_001-mesh" name="tail_pipe_assem - tptp_bearing-4 via_unit_needle_pulley-2">
          <bind_material>
            <technique_common>
              <instance_material symbol="Material_001-material" target="#Material_001-material"/>
            </technique_common>
          </bind_material>
        </instance_geometry>
      </node>
      <node id="tail_pipe_assem_-_tptp_bearing-4_via_unit_needle_pulley-1" name="tail_pipe_assem - tptp_bearing-4 via_unit_needle_pulley-1" type="NODE">
        <matrix sid="transform">0.001 0 0 -0.04800755 0 0.001 0 -0.03505503 0 0 0.001 -0.01005943 0 0 0 1</matrix>
        <instance_geometry url="#tail_pipe_assem_-_tptp_bearing-4_via_unit_needle_pulley-1_001-mesh" name="tail_pipe_assem - tptp_bearing-4 via_unit_needle_pulley-1">
          <bind_material>
            <technique_common>
              <instance_material symbol="Material_001-material" target="#Material_001-material"/>
            </technique_common>
          </bind_material>
        </instance_geometry>
      </node>
      <node id="tail_pipe_assem_-_tptp_bearing-4_cp-2" name="tail_pipe_assem - tptp_bearing-4 cp-2" type="NODE">
        <matrix sid="transform">0.001 0 0 -0.04800755 0 0.001 0 -0.03505503 0 0 0.001 -0.01005943 0 0 0 1</matrix>
        <instance_geometry url="#tail_pipe_assem_-_tptp_bearing-4_cp-2_001-mesh" name="tail_pipe_assem - tptp_bearing-4 cp-2">
          <bind_material>
            <technique_common>
              <instance_material symbol="Material_001-material" target="#Material_001-material"/>
            </technique_common>
          </bind_material>
        </instance_geometry>
      </node>
      <node id="tail_pipe_assem_-_tptp_bearing-4_cp-1" name="tail_pipe_assem - tptp_bearing-4 cp-1" type="NODE">
        <matrix sid="transform">0.001 0 0 -0.04800755 0 0.001 0 -0.03505503 0 0 0.001 -0.01005943 0 0 0 1</matrix>
        <instance_geometry url="#tail_pipe_assem_-_tptp_bearing-4_cp-1_001-mesh" name="tail_pipe_assem - tptp_bearing-4 cp-1">
          <bind_material>
            <technique_common>
              <instance_material symbol="Material_001-material" target="#Material_001-material"/>
            </technique_common>
          </bind_material>
        </instance_geometry>
      </node>
      <node id="tail_pipe_assem_-_tptp_bearing-3_via_unit_needle_pulley-2" name="tail_pipe_assem - tptp_bearing-3 via_unit_needle_pulley-2" type="NODE">
        <matrix sid="transform">0.001 0 0 -0.04800755 0 0.001 0 -0.03505503 0 0 0.001 -0.01005943 0 0 0 1</matrix>
        <instance_geometry url="#tail_pipe_assem_-_tptp_bearing-3_via_unit_needle_pulley-2_001-mesh" name="tail_pipe_assem - tptp_bearing-3 via_unit_needle_pulley-2">
          <bind_material>
            <technique_common>
              <instance_material symbol="Material_001-material" target="#Material_001-material"/>
            </technique_common>
          </bind_material>
        </instance_geometry>
      </node>
      <node id="tail_pipe_assem_-_tptp_bearing-3_via_unit_needle_pulley-1" name="tail_pipe_assem - tptp_bearing-3 via_unit_needle_pulley-1" type="NODE">
        <matrix sid="transform">0.001 0 0 -0.04800755 0 0.001 0 -0.03505503 0 0 0.001 -0.01005943 0 0 0 1</matrix>
        <instance_geometry url="#tail_pipe_assem_-_tptp_bearing-3_via_unit_needle_pulley-1_001-mesh" name="tail_pipe_assem - tptp_bearing-3 via_unit_needle_pulley-1">
          <bind_material>
            <technique_common>
              <instance_material symbol="Material_001-material" target="#Material_001-material"/>
            </technique_common>
          </bind_material>
        </instance_geometry>
      </node>
      <node id="tail_pipe_assem_-_tptp_bearing-3_cp-2" name="tail_pipe_assem - tptp_bearing-3 cp-2" type="NODE">
        <matrix sid="transform">0.001 0 0 -0.04800755 0 0.001 0 -0.03505503 0 0 0.001 -0.01005943 0 0 0 1</matrix>
        <instance_geometry url="#tail_pipe_assem_-_tptp_bearing-3_cp-2_001-mesh" name="tail_pipe_assem - tptp_bearing-3 cp-2">
          <bind_material>
            <technique_common>
              <instance_material symbol="Material_001-material" target="#Material_001-material"/>
            </technique_common>
          </bind_material>
        </instance_geometry>
      </node>
      <node id="tail_pipe_assem_-_tptp_bearing-3_cp-1" name="tail_pipe_assem - tptp_bearing-3 cp-1" type="NODE">
        <matrix sid="transform">0.001 0 0 -0.04800755 0 0.001 0 -0.03505503 0 0 0.001 -0.01005943 0 0 0 1</matrix>
        <instance_geometry url="#tail_pipe_assem_-_tptp_bearing-3_cp-1_001-mesh" name="tail_pipe_assem - tptp_bearing-3 cp-1">
          <bind_material>
            <technique_common>
              <instance_material symbol="Material_001-material" target="#Material_001-material"/>
            </technique_common>
          </bind_material>
        </instance_geometry>
      </node>
      <node id="tail_pipe_assem_-_tptp_bearing-1_via_unit_needle_pulley-2" name="tail_pipe_assem - tptp_bearing-1 via_unit_needle_pulley-2" type="NODE">
        <matrix sid="transform">0.001 0 0 -0.04800755 0 0.001 0 -0.03505503 0 0 0.001 -0.01005943 0 0 0 1</matrix>
        <instance_geometry url="#tail_pipe_assem_-_tptp_bearing-1_via_unit_needle_pulley-2_001-mesh" name="tail_pipe_assem - tptp_bearing-1 via_unit_needle_pulley-2">
          <bind_material>
            <technique_common>
              <instance_material symbol="Material_001-material" target="#Material_001-material"/>
            </technique_common>
          </bind_material>
        </instance_geometry>
      </node>
      <node id="tail_pipe_assem_-_tptp_bearing-1_via_unit_needle_pulley-1" name="tail_pipe_assem - tptp_bearing-1 via_unit_needle_pulley-1" type="NODE">
        <matrix sid="transform">0.001 0 0 -0.04800755 0 0.001 0 -0.03505503 0 0 0.001 -0.01005943 0 0 0 1</matrix>
        <instance_geometry url="#tail_pipe_assem_-_tptp_bearing-1_via_unit_needle_pulley-1_001-mesh" name="tail_pipe_assem - tptp_bearing-1 via_unit_needle_pulley-1">
          <bind_material>
            <technique_common>
              <instance_material symbol="Material_001-material" target="#Material_001-material"/>
            </technique_common>
          </bind_material>
        </instance_geometry>
      </node>
      <node id="tail_pipe_assem_-_tptp_bearing-1_cp-2" name="tail_pipe_assem - tptp_bearing-1 cp-2" type="NODE">
        <matrix sid="transform">0.001 0 0 -0.04800755 0 0.001 0 -0.03505503 0 0 0.001 -0.01005943 0 0 0 1</matrix>
        <instance_geometry url="#tail_pipe_assem_-_tptp_bearing-1_cp-2_001-mesh" name="tail_pipe_assem - tptp_bearing-1 cp-2">
          <bind_material>
            <technique_common>
              <instance_material symbol="Material_001-material" target="#Material_001-material"/>
            </technique_common>
          </bind_material>
        </instance_geometry>
      </node>
      <node id="tail_pipe_assem_-_tptp_bearing-1_cp-1" name="tail_pipe_assem - tptp_bearing-1 cp-1" type="NODE">
        <matrix sid="transform">0.001 0 0 -0.04800755 0 0.001 0 -0.03505503 0 0 0.001 -0.01005943 0 0 0 1</matrix>
        <instance_geometry url="#tail_pipe_assem_-_tptp_bearing-1_cp-1_001-mesh" name="tail_pipe_assem - tptp_bearing-1 cp-1">
          <bind_material>
            <technique_common>
              <instance_material symbol="Material_001-material" target="#Material_001-material"/>
            </technique_common>
          </bind_material>
        </instance_geometry>
      </node>
      <node id="tail_pipe_assem_-_tail_pipe_joint-2" name="tail_pipe_assem - tail_pipe_joint-2" type="NODE">
        <matrix sid="transform">0.001 0 0 -0.04800755 0 0.001 0 -0.03505503 0 0 0.001 -0.01005943 0 0 0 1</matrix>
        <instance_geometry url="#tail_pipe_assem_-_tail_pipe_joint-2-mesh" name="tail_pipe_assem - tail_pipe_joint-2">
          <bind_material>
            <technique_common>
              <instance_material symbol="Material_001-material" target="#Material_001-material"/>
            </technique_common>
          </bind_material>
        </instance_geometry>
      </node>
      <node id="tail_pipe_assem_-_tail_pipe_joint-1" name="tail_pipe_assem - tail_pipe_joint-1" type="NODE">
        <matrix sid="transform">0.001 0 0 -0.04800755 0 0.001 0 -0.03505503 0 0 0.001 -0.01005943 0 0 0 1</matrix>
        <instance_geometry url="#tail_pipe_assem_-_tail_pipe_joint-1_002-mesh" name="tail_pipe_assem - tail_pipe_joint-1">
          <bind_material>
            <technique_common>
              <instance_material symbol="Material_001-material" target="#Material_001-material"/>
            </technique_common>
          </bind_material>
        </instance_geometry>
      </node>
      <node id="tail_pipe_assem_-_circular_pipe-2" name="tail_pipe_assem - circular_pipe-2" type="NODE">
        <matrix sid="transform">0.001 0 0 -0.04800755 0 0.001 0 -0.03505503 0 0 0.001 -0.01005943 0 0 0 1</matrix>
        <instance_geometry url="#tail_pipe_assem_-_circular_pipe-2_002-mesh" name="tail_pipe_assem - circular_pipe-2">
          <bind_material>
            <technique_common>
              <instance_material symbol="Material_001-material" target="#Material_001-material"/>
            </technique_common>
          </bind_material>
        </instance_geometry>
      </node>
    </visual_scene>
  </library_visual_scenes>
  <scene>
    <instance_visual_scene url="#Scene"/>
  </scene>
</COLLADA>